[run_train_selected_training_policies_zero_sum_kf] Selected 1 parent runs
[run_train_selected_training_policies_zero_sum_kf] Using CUDA_VISIBLE_DEVICES=0
[run_train_selected_training_policies_zero_sum_kf] Starting Training_Policy_0.5u_1.5vmax_1.0_icVmax -> Training_Policy_0.5u_1.5vmax_1.0_icVmax_KF_ON

===== PHASE 0: Train DEFENDER_0 vs RULE attacker =====
[DEF0 TEACHER] Using device: cuda
[DEF0] train_role=def  distill=False  distill_method=modern
[tb] logging to: runs/Training_Policy_0.5u_1.5vmax_1.0_icVmax_KF_ON_def0_teacher
[TorchVecEnv] batched EKF path enabled (device=cuda, num_envs=256).
[train] rollout backend=torch (num_envs=256, vec_workers=None)
[checkpoint] new best R_def_mean=-79.373 at update 10 -> Training_Policy_0.5u_1.5vmax_1.0_icVmax_KF_ON/def0_teacher__best.pt
[update 00010] R_def_mean=-79.373  R_att_mean=+0.000  (batch=262144)
   [def] |mu|_mean=2.163e-01  std_mean=3.902e-01  prior_blend_def=0.000
   mean arena radius ≈ 20.000 m
   timing: rollout=7.585s  optim=0.302s  total=7.887s  steps/s=33239.0
   approx true <||p1-center||> ≈ 10.267
   approx true <||p2-center||> ≈ 10.312
   approx belief <||p2-center||> ≈ 10.497
   EKF RMS pos err: def->att=0.716, att->def=0.702
   meas_innov_mean=1.832e-04,  trPpos_mean=1.263e+00
[update 00020] R_def_mean=-80.861  R_att_mean=+0.000  (batch=262144)
   [def] |mu|_mean=2.131e-01  std_mean=4.088e-01  prior_blend_def=0.000
   mean arena radius ≈ 20.000 m
   timing: rollout=7.828s  optim=0.318s  total=8.146s  steps/s=32182.1
   approx true <||p1-center||> ≈ 10.155
   approx true <||p2-center||> ≈ 10.259
   approx belief <||p2-center||> ≈ 10.451
   EKF RMS pos err: def->att=0.713, att->def=0.717
   meas_innov_mean=1.774e-04,  trPpos_mean=1.256e+00
[checkpoint] new best R_def_mean=-78.368 at update 30 -> Training_Policy_0.5u_1.5vmax_1.0_icVmax_KF_ON/def0_teacher__best.pt
[update 00030] R_def_mean=-78.368  R_att_mean=+0.000  (batch=262144)
   [def] |mu|_mean=2.185e-01  std_mean=4.223e-01  prior_blend_def=0.000
   mean arena radius ≈ 20.000 m
   timing: rollout=7.831s  optim=0.327s  total=8.159s  steps/s=32130.8
   approx true <||p1-center||> ≈ 10.258
   approx true <||p2-center||> ≈ 10.318
   approx belief <||p2-center||> ≈ 10.500
   EKF RMS pos err: def->att=0.712, att->def=0.731
   meas_innov_mean=1.773e-04,  trPpos_mean=1.278e+00
[checkpoint] new best R_def_mean=-77.170 at update 40 -> Training_Policy_0.5u_1.5vmax_1.0_icVmax_KF_ON/def0_teacher__best.pt
[update 00040] R_def_mean=-77.170  R_att_mean=+0.000  (batch=262144)
   [def] |mu|_mean=2.351e-01  std_mean=4.368e-01  prior_blend_def=0.000
   mean arena radius ≈ 20.000 m
   timing: rollout=7.549s  optim=0.312s  total=7.862s  steps/s=33344.9
   approx true <||p1-center||> ≈ 10.572
   approx true <||p2-center||> ≈ 10.378
   approx belief <||p2-center||> ≈ 10.567
   EKF RMS pos err: def->att=0.730, att->def=0.713
   meas_innov_mean=2.731e-04,  trPpos_mean=1.281e+00
[checkpoint] new best R_def_mean=-73.566 at update 50 -> Training_Policy_0.5u_1.5vmax_1.0_icVmax_KF_ON/def0_teacher__best.pt
[update 00050] R_def_mean=-73.566  R_att_mean=+0.000  (batch=262144)
   [def] |mu|_mean=2.472e-01  std_mean=4.535e-01  prior_blend_def=0.000
   mean arena radius ≈ 20.000 m
   timing: rollout=7.864s  optim=0.374s  total=8.238s  steps/s=31820.1
   approx true <||p1-center||> ≈ 10.684
   approx true <||p2-center||> ≈ 10.426
   approx belief <||p2-center||> ≈ 10.601
   EKF RMS pos err: def->att=0.729, att->def=0.722
   meas_innov_mean=1.775e-04,  trPpos_mean=1.287e+00
[checkpoint] new best R_def_mean=-71.095 at update 60 -> Training_Policy_0.5u_1.5vmax_1.0_icVmax_KF_ON/def0_teacher__best.pt
[update 00060] R_def_mean=-71.095  R_att_mean=+0.000  (batch=262144)
   [def] |mu|_mean=3.035e-01  std_mean=4.705e-01  prior_blend_def=0.000
   mean arena radius ≈ 20.000 m
   timing: rollout=7.820s  optim=0.380s  total=8.200s  steps/s=31967.7
   approx true <||p1-center||> ≈ 11.152
   approx true <||p2-center||> ≈ 10.478
   approx belief <||p2-center||> ≈ 10.654
   EKF RMS pos err: def->att=0.708, att->def=0.699
   meas_innov_mean=1.860e-04,  trPpos_mean=1.258e+00
[checkpoint] new best R_def_mean=-70.874 at update 70 -> Training_Policy_0.5u_1.5vmax_1.0_icVmax_KF_ON/def0_teacher__best.pt
[update 00070] R_def_mean=-70.874  R_att_mean=+0.000  (batch=262144)
   [def] |mu|_mean=3.139e-01  std_mean=4.875e-01  prior_blend_def=0.000
   mean arena radius ≈ 20.000 m
   timing: rollout=7.848s  optim=0.378s  total=8.226s  steps/s=31869.5
   approx true <||p1-center||> ≈ 11.109
   approx true <||p2-center||> ≈ 10.390
   approx belief <||p2-center||> ≈ 10.570
   EKF RMS pos err: def->att=0.717, att->def=0.735
   meas_innov_mean=1.779e-04,  trPpos_mean=1.300e+00
[checkpoint] new best R_def_mean=-68.028 at update 80 -> Training_Policy_0.5u_1.5vmax_1.0_icVmax_KF_ON/def0_teacher__best.pt
[update 00080] R_def_mean=-68.028  R_att_mean=+0.000  (batch=262144)
   [def] |mu|_mean=3.404e-01  std_mean=5.018e-01  prior_blend_def=0.000
   mean arena radius ≈ 20.000 m
   timing: rollout=7.852s  optim=0.319s  total=8.170s  steps/s=32085.6
   approx true <||p1-center||> ≈ 11.249
   approx true <||p2-center||> ≈ 10.422
   approx belief <||p2-center||> ≈ 10.607
   EKF RMS pos err: def->att=0.727, att->def=0.716
   meas_innov_mean=1.944e-04,  trPpos_mean=1.296e+00
[checkpoint] new best R_def_mean=-67.924 at update 90 -> Training_Policy_0.5u_1.5vmax_1.0_icVmax_KF_ON/def0_teacher__best.pt
[update 00090] R_def_mean=-67.924  R_att_mean=+0.000  (batch=262144)
   [def] |mu|_mean=3.543e-01  std_mean=5.186e-01  prior_blend_def=0.000
   mean arena radius ≈ 20.000 m
   timing: rollout=8.008s  optim=0.319s  total=8.327s  steps/s=31482.0
   approx true <||p1-center||> ≈ 11.316
   approx true <||p2-center||> ≈ 10.441
   approx belief <||p2-center||> ≈ 10.626
   EKF RMS pos err: def->att=0.724, att->def=0.737
   meas_innov_mean=1.824e-04,  trPpos_mean=1.312e+00
[checkpoint] new best R_def_mean=-64.290 at update 100 -> Training_Policy_0.5u_1.5vmax_1.0_icVmax_KF_ON/def0_teacher__best.pt
[update 00100] R_def_mean=-64.290  R_att_mean=+0.000  (batch=262144)
   [def] |mu|_mean=3.681e-01  std_mean=5.347e-01  prior_blend_def=0.000
   mean arena radius ≈ 20.000 m
   timing: rollout=7.570s  optim=0.302s  total=7.872s  steps/s=33300.2
   approx true <||p1-center||> ≈ 11.414
   approx true <||p2-center||> ≈ 10.509
   approx belief <||p2-center||> ≈ 10.686
   EKF RMS pos err: def->att=0.717, att->def=0.718
   meas_innov_mean=1.788e-04,  trPpos_mean=1.279e+00
[checkpoint] new best R_def_mean=-62.705 at update 110 -> Training_Policy_0.5u_1.5vmax_1.0_icVmax_KF_ON/def0_teacher__best.pt
[update 00110] R_def_mean=-62.705  R_att_mean=+0.000  (batch=262144)
   [def] |mu|_mean=3.911e-01  std_mean=5.516e-01  prior_blend_def=0.000
   mean arena radius ≈ 20.000 m
   timing: rollout=7.597s  optim=0.309s  total=7.906s  steps/s=33155.8
   approx true <||p1-center||> ≈ 11.433
   approx true <||p2-center||> ≈ 10.367
   approx belief <||p2-center||> ≈ 10.545
   EKF RMS pos err: def->att=0.709, att->def=0.707
   meas_innov_mean=1.814e-04,  trPpos_mean=1.276e+00
[checkpoint] new best R_def_mean=-61.082 at update 120 -> Training_Policy_0.5u_1.5vmax_1.0_icVmax_KF_ON/def0_teacher__best.pt
[update 00120] R_def_mean=-61.082  R_att_mean=+0.000  (batch=262144)
   [def] |mu|_mean=4.040e-01  std_mean=5.724e-01  prior_blend_def=0.000
   mean arena radius ≈ 20.000 m
   timing: rollout=7.583s  optim=0.324s  total=7.907s  steps/s=33152.0
   approx true <||p1-center||> ≈ 11.431
   approx true <||p2-center||> ≈ 10.355
   approx belief <||p2-center||> ≈ 10.524
   EKF RMS pos err: def->att=0.701, att->def=0.712
   meas_innov_mean=1.807e-04,  trPpos_mean=1.232e+00
[checkpoint] new best R_def_mean=-57.438 at update 130 -> Training_Policy_0.5u_1.5vmax_1.0_icVmax_KF_ON/def0_teacher__best.pt
[update 00130] R_def_mean=-57.438  R_att_mean=+0.000  (batch=262144)
   [def] |mu|_mean=4.375e-01  std_mean=5.915e-01  prior_blend_def=0.000
   mean arena radius ≈ 20.000 m
   timing: rollout=7.588s  optim=0.303s  total=7.891s  steps/s=33221.0
   approx true <||p1-center||> ≈ 11.475
   approx true <||p2-center||> ≈ 10.395
   approx belief <||p2-center||> ≈ 10.573
   EKF RMS pos err: def->att=0.713, att->def=0.704
   meas_innov_mean=1.791e-04,  trPpos_mean=1.249e+00
[checkpoint] new best R_def_mean=-54.236 at update 140 -> Training_Policy_0.5u_1.5vmax_1.0_icVmax_KF_ON/def0_teacher__best.pt
[update 00140] R_def_mean=-54.236  R_att_mean=+0.000  (batch=262144)
   [def] |mu|_mean=4.660e-01  std_mean=6.127e-01  prior_blend_def=0.000
   mean arena radius ≈ 20.000 m
   timing: rollout=7.601s  optim=0.311s  total=7.913s  steps/s=33129.4
   approx true <||p1-center||> ≈ 11.394
   approx true <||p2-center||> ≈ 10.388
   approx belief <||p2-center||> ≈ 10.569
   EKF RMS pos err: def->att=0.723, att->def=0.717
   meas_innov_mean=1.789e-04,  trPpos_mean=1.275e+00
[checkpoint] new best R_def_mean=-52.284 at update 150 -> Training_Policy_0.5u_1.5vmax_1.0_icVmax_KF_ON/def0_teacher__best.pt
[update 00150] R_def_mean=-52.284  R_att_mean=+0.000  (batch=262144)
   [def] |mu|_mean=5.047e-01  std_mean=6.356e-01  prior_blend_def=0.000
   mean arena radius ≈ 20.000 m
   timing: rollout=7.595s  optim=0.303s  total=7.898s  steps/s=33191.4
   approx true <||p1-center||> ≈ 11.397
   approx true <||p2-center||> ≈ 10.362
   approx belief <||p2-center||> ≈ 10.542
   EKF RMS pos err: def->att=0.707, att->def=0.716
   meas_innov_mean=1.805e-04,  trPpos_mean=1.243e+00
[checkpoint] new best R_def_mean=-50.607 at update 160 -> Training_Policy_0.5u_1.5vmax_1.0_icVmax_KF_ON/def0_teacher__best.pt
[update 00160] R_def_mean=-50.607  R_att_mean=+0.000  (batch=262144)
   [def] |mu|_mean=5.296e-01  std_mean=6.543e-01  prior_blend_def=0.000
   mean arena radius ≈ 20.000 m
   timing: rollout=7.589s  optim=0.305s  total=7.894s  steps/s=33206.6
   approx true <||p1-center||> ≈ 11.358
   approx true <||p2-center||> ≈ 10.381
   approx belief <||p2-center||> ≈ 10.565
   EKF RMS pos err: def->att=0.710, att->def=0.711
   meas_innov_mean=2.016e-04,  trPpos_mean=1.256e+00
[checkpoint] new best R_def_mean=-47.192 at update 170 -> Training_Policy_0.5u_1.5vmax_1.0_icVmax_KF_ON/def0_teacher__best.pt
[update 00170] R_def_mean=-47.192  R_att_mean=+0.000  (batch=262144)
   [def] |mu|_mean=5.325e-01  std_mean=6.734e-01  prior_blend_def=0.000
   mean arena radius ≈ 20.000 m
   timing: rollout=7.575s  optim=0.302s  total=7.877s  steps/s=33280.7
   approx true <||p1-center||> ≈ 11.242
   approx true <||p2-center||> ≈ 10.385
   approx belief <||p2-center||> ≈ 10.565
   EKF RMS pos err: def->att=0.714, att->def=0.713
   meas_innov_mean=1.818e-04,  trPpos_mean=1.273e+00
[checkpoint] new best R_def_mean=-42.403 at update 180 -> Training_Policy_0.5u_1.5vmax_1.0_icVmax_KF_ON/def0_teacher__best.pt
[update 00180] R_def_mean=-42.403  R_att_mean=+0.000  (batch=262144)
   [def] |mu|_mean=5.494e-01  std_mean=6.892e-01  prior_blend_def=0.000
   mean arena radius ≈ 20.000 m
   timing: rollout=7.565s  optim=0.302s  total=7.866s  steps/s=33325.4
   approx true <||p1-center||> ≈ 11.166
   approx true <||p2-center||> ≈ 10.343
   approx belief <||p2-center||> ≈ 10.518
   EKF RMS pos err: def->att=0.698, att->def=0.704
   meas_innov_mean=1.816e-04,  trPpos_mean=1.222e+00
[checkpoint] new best R_def_mean=-38.700 at update 190 -> Training_Policy_0.5u_1.5vmax_1.0_icVmax_KF_ON/def0_teacher__best.pt
[update 00190] R_def_mean=-38.700  R_att_mean=+0.000  (batch=262144)
   [def] |mu|_mean=5.931e-01  std_mean=7.085e-01  prior_blend_def=0.000
   mean arena radius ≈ 20.000 m
   timing: rollout=7.592s  optim=0.301s  total=7.893s  steps/s=33214.3
   approx true <||p1-center||> ≈ 11.184
   approx true <||p2-center||> ≈ 10.486
   approx belief <||p2-center||> ≈ 10.669
   EKF RMS pos err: def->att=0.714, att->def=0.713
   meas_innov_mean=1.891e-04,  trPpos_mean=1.248e+00
[checkpoint] new best R_def_mean=-33.351 at update 200 -> Training_Policy_0.5u_1.5vmax_1.0_icVmax_KF_ON/def0_teacher__best.pt
[update 00200] R_def_mean=-33.351  R_att_mean=+0.000  (batch=262144)
   [def] |mu|_mean=6.081e-01  std_mean=7.200e-01  prior_blend_def=0.000
   mean arena radius ≈ 20.000 m
   timing: rollout=7.607s  optim=0.303s  total=7.910s  steps/s=33140.0
   approx true <||p1-center||> ≈ 10.921
   approx true <||p2-center||> ≈ 10.524
   approx belief <||p2-center||> ≈ 10.708
   EKF RMS pos err: def->att=0.705, att->def=0.702
   meas_innov_mean=1.813e-04,  trPpos_mean=1.217e+00
[checkpoint] new best R_def_mean=-26.365 at update 210 -> Training_Policy_0.5u_1.5vmax_1.0_icVmax_KF_ON/def0_teacher__best.pt
[update 00210] R_def_mean=-26.365  R_att_mean=+0.000  (batch=262144)
   [def] |mu|_mean=6.491e-01  std_mean=7.384e-01  prior_blend_def=0.000
   mean arena radius ≈ 20.000 m
   timing: rollout=7.590s  optim=0.313s  total=7.903s  steps/s=33170.2
   approx true <||p1-center||> ≈ 10.859
   approx true <||p2-center||> ≈ 10.716
   approx belief <||p2-center||> ≈ 10.886
   EKF RMS pos err: def->att=0.708, att->def=0.707
   meas_innov_mean=1.890e-04,  trPpos_mean=1.226e+00
[checkpoint] new best R_def_mean=-23.117 at update 220 -> Training_Policy_0.5u_1.5vmax_1.0_icVmax_KF_ON/def0_teacher__best.pt
[update 00220] R_def_mean=-23.117  R_att_mean=+0.000  (batch=262144)
   [def] |mu|_mean=6.821e-01  std_mean=7.545e-01  prior_blend_def=0.000
   mean arena radius ≈ 20.000 m
   timing: rollout=7.599s  optim=0.312s  total=7.911s  steps/s=33135.8
   approx true <||p1-center||> ≈ 10.799
   approx true <||p2-center||> ≈ 10.798
   approx belief <||p2-center||> ≈ 10.975
   EKF RMS pos err: def->att=0.725, att->def=0.717
   meas_innov_mean=1.847e-04,  trPpos_mean=1.253e+00
[checkpoint] new best R_def_mean=-14.295 at update 230 -> Training_Policy_0.5u_1.5vmax_1.0_icVmax_KF_ON/def0_teacher__best.pt
[update 00230] R_def_mean=-14.295  R_att_mean=+0.000  (batch=262144)
   [def] |mu|_mean=7.073e-01  std_mean=7.643e-01  prior_blend_def=0.000
   mean arena radius ≈ 20.000 m
   timing: rollout=7.596s  optim=0.307s  total=7.902s  steps/s=33172.5
   approx true <||p1-center||> ≈ 10.583
   approx true <||p2-center||> ≈ 11.012
   approx belief <||p2-center||> ≈ 11.192
   EKF RMS pos err: def->att=0.724, att->def=0.708
   meas_innov_mean=1.918e-04,  trPpos_mean=1.230e+00
[checkpoint] new best R_def_mean=-10.122 at update 240 -> Training_Policy_0.5u_1.5vmax_1.0_icVmax_KF_ON/def0_teacher__best.pt
[update 00240] R_def_mean=-10.122  R_att_mean=+0.000  (batch=262144)
   [def] |mu|_mean=7.371e-01  std_mean=7.750e-01  prior_blend_def=0.000
   mean arena radius ≈ 20.000 m
   timing: rollout=7.601s  optim=0.309s  total=7.910s  steps/s=33141.2
   approx true <||p1-center||> ≈ 10.429
   approx true <||p2-center||> ≈ 10.868
   approx belief <||p2-center||> ≈ 11.036
   EKF RMS pos err: def->att=0.703, att->def=0.709
   meas_innov_mean=1.912e-04,  trPpos_mean=1.218e+00
[checkpoint] new best R_def_mean=-6.385 at update 250 -> Training_Policy_0.5u_1.5vmax_1.0_icVmax_KF_ON/def0_teacher__best.pt
[update 00250] R_def_mean=-6.385  R_att_mean=+0.000  (batch=262144)
   [def] |mu|_mean=7.668e-01  std_mean=7.905e-01  prior_blend_def=0.000
   mean arena radius ≈ 20.000 m
   timing: rollout=7.630s  optim=0.315s  total=7.945s  steps/s=32993.7
   approx true <||p1-center||> ≈ 10.371
   approx true <||p2-center||> ≈ 11.013
   approx belief <||p2-center||> ≈ 11.198
   EKF RMS pos err: def->att=0.729, att->def=0.715
   meas_innov_mean=1.873e-04,  trPpos_mean=1.235e+00
[checkpoint] new best R_def_mean=+7.341 at update 260 -> Training_Policy_0.5u_1.5vmax_1.0_icVmax_KF_ON/def0_teacher__best.pt
[update 00260] R_def_mean=+7.341  R_att_mean=+0.000  (batch=262144)
   [def] |mu|_mean=8.001e-01  std_mean=8.018e-01  prior_blend_def=0.000
   mean arena radius ≈ 20.000 m
   timing: rollout=7.619s  optim=0.326s  total=7.945s  steps/s=32993.9
   approx true <||p1-center||> ≈ 9.954
   approx true <||p2-center||> ≈ 11.228
   approx belief <||p2-center||> ≈ 11.408
   EKF RMS pos err: def->att=0.719, att->def=0.720
   meas_innov_mean=1.889e-04,  trPpos_mean=1.244e+00
[checkpoint] new best R_def_mean=+15.617 at update 270 -> Training_Policy_0.5u_1.5vmax_1.0_icVmax_KF_ON/def0_teacher__best.pt
[update 00270] R_def_mean=+15.617  R_att_mean=+0.000  (batch=262144)
   [def] |mu|_mean=8.371e-01  std_mean=8.126e-01  prior_blend_def=0.000
   mean arena radius ≈ 20.000 m
   timing: rollout=7.591s  optim=0.311s  total=7.902s  steps/s=33174.7
   approx true <||p1-center||> ≈ 9.711
   approx true <||p2-center||> ≈ 11.268
   approx belief <||p2-center||> ≈ 11.455
   EKF RMS pos err: def->att=0.723, att->def=0.725
   meas_innov_mean=1.917e-04,  trPpos_mean=1.266e+00
[checkpoint] new best R_def_mean=+29.098 at update 280 -> Training_Policy_0.5u_1.5vmax_1.0_icVmax_KF_ON/def0_teacher__best.pt
[update 00280] R_def_mean=+29.098  R_att_mean=+0.000  (batch=262144)
   [def] |mu|_mean=8.566e-01  std_mean=8.181e-01  prior_blend_def=0.000
   mean arena radius ≈ 20.000 m
   timing: rollout=7.636s  optim=0.309s  total=7.946s  steps/s=32991.9
   approx true <||p1-center||> ≈ 9.349
   approx true <||p2-center||> ≈ 11.509
   approx belief <||p2-center||> ≈ 11.708
   EKF RMS pos err: def->att=0.759, att->def=0.759
   meas_innov_mean=1.932e-04,  trPpos_mean=1.338e+00
[checkpoint] new best R_def_mean=+36.951 at update 290 -> Training_Policy_0.5u_1.5vmax_1.0_icVmax_KF_ON/def0_teacher__best.pt
[update 00290] R_def_mean=+36.951  R_att_mean=+0.000  (batch=262144)
   [def] |mu|_mean=8.987e-01  std_mean=8.315e-01  prior_blend_def=0.000
   mean arena radius ≈ 20.000 m
   timing: rollout=7.634s  optim=0.304s  total=7.938s  steps/s=33024.0
   approx true <||p1-center||> ≈ 9.209
   approx true <||p2-center||> ≈ 11.697
   approx belief <||p2-center||> ≈ 11.892
   EKF RMS pos err: def->att=0.757, att->def=0.780
   meas_innov_mean=2.065e-04,  trPpos_mean=1.388e+00
[checkpoint] new best R_def_mean=+51.700 at update 300 -> Training_Policy_0.5u_1.5vmax_1.0_icVmax_KF_ON/def0_teacher__best.pt
[update 00300] R_def_mean=+51.700  R_att_mean=+0.000  (batch=262144)
   [def] |mu|_mean=9.118e-01  std_mean=8.388e-01  prior_blend_def=0.000
   mean arena radius ≈ 20.000 m
   timing: rollout=7.652s  optim=0.306s  total=7.957s  steps/s=32943.7
   approx true <||p1-center||> ≈ 8.821
   approx true <||p2-center||> ≈ 11.819
   approx belief <||p2-center||> ≈ 12.024
   EKF RMS pos err: def->att=0.779, att->def=0.784
   meas_innov_mean=1.975e-04,  trPpos_mean=1.458e+00
[checkpoint] new best R_def_mean=+61.234 at update 310 -> Training_Policy_0.5u_1.5vmax_1.0_icVmax_KF_ON/def0_teacher__best.pt
[update 00310] R_def_mean=+61.234  R_att_mean=+0.000  (batch=262144)
   [def] |mu|_mean=9.349e-01  std_mean=8.460e-01  prior_blend_def=0.000
   mean arena radius ≈ 20.000 m
   timing: rollout=7.624s  optim=0.309s  total=7.933s  steps/s=33044.5
   approx true <||p1-center||> ≈ 8.543
   approx true <||p2-center||> ≈ 11.788
   approx belief <||p2-center||> ≈ 12.006
   EKF RMS pos err: def->att=0.786, att->def=0.804
   meas_innov_mean=2.520e-04,  trPpos_mean=1.495e+00
[checkpoint] new best R_def_mean=+69.188 at update 320 -> Training_Policy_0.5u_1.5vmax_1.0_icVmax_KF_ON/def0_teacher__best.pt
[update 00320] R_def_mean=+69.188  R_att_mean=+0.000  (batch=262144)
   [def] |mu|_mean=9.793e-01  std_mean=8.547e-01  prior_blend_def=0.000
   mean arena radius ≈ 20.000 m
   timing: rollout=7.653s  optim=0.308s  total=7.961s  steps/s=32928.3
   approx true <||p1-center||> ≈ 8.296
   approx true <||p2-center||> ≈ 11.965
   approx belief <||p2-center||> ≈ 12.203
   EKF RMS pos err: def->att=0.822, att->def=0.810
   meas_innov_mean=2.018e-04,  trPpos_mean=1.536e+00
[checkpoint] new best R_def_mean=+80.977 at update 330 -> Training_Policy_0.5u_1.5vmax_1.0_icVmax_KF_ON/def0_teacher__best.pt
[update 00330] R_def_mean=+80.977  R_att_mean=+0.000  (batch=262144)
   [def] |mu|_mean=9.946e-01  std_mean=8.664e-01  prior_blend_def=0.000
   mean arena radius ≈ 20.000 m
   timing: rollout=7.641s  optim=0.319s  total=7.960s  steps/s=32932.2
   approx true <||p1-center||> ≈ 7.935
   approx true <||p2-center||> ≈ 11.927
   approx belief <||p2-center||> ≈ 12.164
   EKF RMS pos err: def->att=0.821, att->def=0.824
   meas_innov_mean=2.171e-04,  trPpos_mean=1.561e+00
[checkpoint] new best R_def_mean=+84.725 at update 340 -> Training_Policy_0.5u_1.5vmax_1.0_icVmax_KF_ON/def0_teacher__best.pt
[update 00340] R_def_mean=+84.725  R_att_mean=+0.000  (batch=262144)
   [def] |mu|_mean=9.976e-01  std_mean=8.822e-01  prior_blend_def=0.000
   mean arena radius ≈ 20.000 m
   timing: rollout=7.660s  optim=0.310s  total=7.970s  steps/s=32892.8
   approx true <||p1-center||> ≈ 7.733
   approx true <||p2-center||> ≈ 12.039
   approx belief <||p2-center||> ≈ 12.284
   EKF RMS pos err: def->att=0.841, att->def=0.826
   meas_innov_mean=2.105e-04,  trPpos_mean=1.662e+00
[checkpoint] new best R_def_mean=+90.910 at update 350 -> Training_Policy_0.5u_1.5vmax_1.0_icVmax_KF_ON/def0_teacher__best.pt
[update 00350] R_def_mean=+90.910  R_att_mean=+0.000  (batch=262144)
   [def] |mu|_mean=1.032e+00  std_mean=8.970e-01  prior_blend_def=0.000
   mean arena radius ≈ 20.000 m
   timing: rollout=7.636s  optim=0.304s  total=7.940s  steps/s=33014.9
   approx true <||p1-center||> ≈ 7.617
   approx true <||p2-center||> ≈ 12.149
   approx belief <||p2-center||> ≈ 12.388
   EKF RMS pos err: def->att=0.837, att->def=0.851
   meas_innov_mean=2.206e-04,  trPpos_mean=1.678e+00
[checkpoint] new best R_def_mean=+97.734 at update 360 -> Training_Policy_0.5u_1.5vmax_1.0_icVmax_KF_ON/def0_teacher__best.pt
[update 00360] R_def_mean=+97.734  R_att_mean=+0.000  (batch=262144)
   [def] |mu|_mean=1.064e+00  std_mean=9.180e-01  prior_blend_def=0.000
   mean arena radius ≈ 20.000 m
   timing: rollout=7.628s  optim=0.305s  total=7.933s  steps/s=33045.7
   approx true <||p1-center||> ≈ 7.314
   approx true <||p2-center||> ≈ 12.119
   approx belief <||p2-center||> ≈ 12.371
   EKF RMS pos err: def->att=0.858, att->def=0.874
   meas_innov_mean=2.438e-04,  trPpos_mean=1.749e+00
[checkpoint] new best R_def_mean=+98.104 at update 370 -> Training_Policy_0.5u_1.5vmax_1.0_icVmax_KF_ON/def0_teacher__best.pt
[update 00370] R_def_mean=+98.104  R_att_mean=+0.000  (batch=262144)
   [def] |mu|_mean=1.092e+00  std_mean=9.349e-01  prior_blend_def=0.000
   mean arena radius ≈ 20.000 m
   timing: rollout=7.657s  optim=0.306s  total=7.963s  steps/s=32919.1
   approx true <||p1-center||> ≈ 7.299
   approx true <||p2-center||> ≈ 12.113
   approx belief <||p2-center||> ≈ 12.353
   EKF RMS pos err: def->att=0.857, att->def=0.864
   meas_innov_mean=2.019e-04,  trPpos_mean=1.716e+00
[checkpoint] new best R_def_mean=+101.186 at update 380 -> Training_Policy_0.5u_1.5vmax_1.0_icVmax_KF_ON/def0_teacher__best.pt
[update 00380] R_def_mean=+101.186  R_att_mean=+0.000  (batch=262144)
   [def] |mu|_mean=1.091e+00  std_mean=9.515e-01  prior_blend_def=0.000
   mean arena radius ≈ 20.000 m
   timing: rollout=7.611s  optim=0.314s  total=7.926s  steps/s=33075.5
   approx true <||p1-center||> ≈ 7.313
   approx true <||p2-center||> ≈ 12.108
   approx belief <||p2-center||> ≈ 12.367
   EKF RMS pos err: def->att=0.868, att->def=0.870
   meas_innov_mean=2.054e-04,  trPpos_mean=1.727e+00
[checkpoint] new best R_def_mean=+105.710 at update 390 -> Training_Policy_0.5u_1.5vmax_1.0_icVmax_KF_ON/def0_teacher__best.pt
[update 00390] R_def_mean=+105.710  R_att_mean=+0.000  (batch=262144)
   [def] |mu|_mean=1.094e+00  std_mean=9.751e-01  prior_blend_def=0.000
   mean arena radius ≈ 20.000 m
   timing: rollout=7.602s  optim=0.305s  total=7.908s  steps/s=33151.3
   approx true <||p1-center||> ≈ 7.096
   approx true <||p2-center||> ≈ 12.115
   approx belief <||p2-center||> ≈ 12.369
   EKF RMS pos err: def->att=0.865, att->def=0.876
   meas_innov_mean=2.257e-04,  trPpos_mean=1.769e+00
[update 00400] R_def_mean=+104.491  R_att_mean=+0.000  (batch=262144)
   [def] |mu|_mean=1.119e+00  std_mean=9.962e-01  prior_blend_def=0.000
   mean arena radius ≈ 20.000 m
   timing: rollout=7.671s  optim=0.337s  total=8.008s  steps/s=32737.0
   approx true <||p1-center||> ≈ 7.193
   approx true <||p2-center||> ≈ 12.146
   approx belief <||p2-center||> ≈ 12.409
   EKF RMS pos err: def->att=0.865, att->def=0.886
   meas_innov_mean=2.221e-04,  trPpos_mean=1.775e+00
[checkpoint] new best R_def_mean=+107.270 at update 410 -> Training_Policy_0.5u_1.5vmax_1.0_icVmax_KF_ON/def0_teacher__best.pt
[update 00410] R_def_mean=+107.270  R_att_mean=+0.000  (batch=262144)
   [def] |mu|_mean=1.129e+00  std_mean=1.026e+00  prior_blend_def=0.000
   mean arena radius ≈ 20.000 m
   timing: rollout=7.636s  optim=0.308s  total=7.944s  steps/s=32998.8
   approx true <||p1-center||> ≈ 7.089
   approx true <||p2-center||> ≈ 12.169
   approx belief <||p2-center||> ≈ 12.425
   EKF RMS pos err: def->att=0.876, att->def=0.872
   meas_innov_mean=2.161e-04,  trPpos_mean=1.749e+00
[checkpoint] new best R_def_mean=+108.843 at update 420 -> Training_Policy_0.5u_1.5vmax_1.0_icVmax_KF_ON/def0_teacher__best.pt
[update 00420] R_def_mean=+108.843  R_att_mean=+0.000  (batch=262144)
   [def] |mu|_mean=1.146e+00  std_mean=1.054e+00  prior_blend_def=0.000
   mean arena radius ≈ 20.000 m
   timing: rollout=7.628s  optim=0.354s  total=7.982s  steps/s=32840.2
   approx true <||p1-center||> ≈ 7.039
   approx true <||p2-center||> ≈ 12.179
   approx belief <||p2-center||> ≈ 12.439
   EKF RMS pos err: def->att=0.886, att->def=0.890
   meas_innov_mean=2.200e-04,  trPpos_mean=1.808e+00
[checkpoint] new best R_def_mean=+110.581 at update 430 -> Training_Policy_0.5u_1.5vmax_1.0_icVmax_KF_ON/def0_teacher__best.pt
[update 00430] R_def_mean=+110.581  R_att_mean=+0.000  (batch=262144)
   [def] |mu|_mean=1.192e+00  std_mean=1.081e+00  prior_blend_def=0.000
   mean arena radius ≈ 20.000 m
   timing: rollout=7.682s  optim=0.321s  total=8.003s  steps/s=32754.3
   approx true <||p1-center||> ≈ 6.860
   approx true <||p2-center||> ≈ 12.116
   approx belief <||p2-center||> ≈ 12.380
   EKF RMS pos err: def->att=0.877, att->def=0.906
   meas_innov_mean=2.112e-04,  trPpos_mean=1.816e+00
[update 00440] R_def_mean=+110.354  R_att_mean=+0.000  (batch=262144)
   [def] |mu|_mean=1.196e+00  std_mean=1.115e+00  prior_blend_def=0.000
   mean arena radius ≈ 20.000 m
   timing: rollout=7.662s  optim=0.301s  total=7.963s  steps/s=32918.4
   approx true <||p1-center||> ≈ 7.030
   approx true <||p2-center||> ≈ 12.194
   approx belief <||p2-center||> ≈ 12.456
   EKF RMS pos err: def->att=0.883, att->def=0.883
   meas_innov_mean=2.378e-04,  trPpos_mean=1.796e+00
[checkpoint] new best R_def_mean=+111.997 at update 450 -> Training_Policy_0.5u_1.5vmax_1.0_icVmax_KF_ON/def0_teacher__best.pt
[update 00450] R_def_mean=+111.997  R_att_mean=+0.000  (batch=262144)
   [def] |mu|_mean=1.212e+00  std_mean=1.144e+00  prior_blend_def=0.000
   mean arena radius ≈ 20.000 m
   timing: rollout=7.670s  optim=0.307s  total=7.977s  steps/s=32861.2
   approx true <||p1-center||> ≈ 6.810
   approx true <||p2-center||> ≈ 12.107
   approx belief <||p2-center||> ≈ 12.378
   EKF RMS pos err: def->att=0.881, att->def=0.896
   meas_innov_mean=2.053e-04,  trPpos_mean=1.820e+00
[checkpoint] new best R_def_mean=+112.622 at update 460 -> Training_Policy_0.5u_1.5vmax_1.0_icVmax_KF_ON/def0_teacher__best.pt
[update 00460] R_def_mean=+112.622  R_att_mean=+0.000  (batch=262144)
   [def] |mu|_mean=1.214e+00  std_mean=1.179e+00  prior_blend_def=0.000
   mean arena radius ≈ 20.000 m
   timing: rollout=7.657s  optim=0.328s  total=7.985s  steps/s=32830.5
   approx true <||p1-center||> ≈ 6.863
   approx true <||p2-center||> ≈ 12.132
   approx belief <||p2-center||> ≈ 12.415
   EKF RMS pos err: def->att=0.899, att->def=0.900
   meas_innov_mean=2.096e-04,  trPpos_mean=1.816e+00
[checkpoint] new best R_def_mean=+113.003 at update 470 -> Training_Policy_0.5u_1.5vmax_1.0_icVmax_KF_ON/def0_teacher__best.pt
[update 00470] R_def_mean=+113.003  R_att_mean=+0.000  (batch=262144)
   [def] |mu|_mean=1.217e+00  std_mean=1.210e+00  prior_blend_def=0.000
   mean arena radius ≈ 20.000 m
   timing: rollout=7.659s  optim=0.315s  total=7.974s  steps/s=32873.2
   approx true <||p1-center||> ≈ 6.876
   approx true <||p2-center||> ≈ 12.103
   approx belief <||p2-center||> ≈ 12.367
   EKF RMS pos err: def->att=0.894, att->def=0.907
   meas_innov_mean=2.159e-04,  trPpos_mean=1.862e+00
[checkpoint] new best R_def_mean=+114.241 at update 480 -> Training_Policy_0.5u_1.5vmax_1.0_icVmax_KF_ON/def0_teacher__best.pt
[update 00480] R_def_mean=+114.241  R_att_mean=+0.000  (batch=262144)
   [def] |mu|_mean=1.293e+00  std_mean=1.236e+00  prior_blend_def=0.000
   mean arena radius ≈ 20.000 m
   timing: rollout=7.788s  optim=0.311s  total=8.099s  steps/s=32367.3
   approx true <||p1-center||> ≈ 6.897
   approx true <||p2-center||> ≈ 12.087
   approx belief <||p2-center||> ≈ 12.333
   EKF RMS pos err: def->att=0.870, att->def=0.876
   meas_innov_mean=2.089e-04,  trPpos_mean=1.770e+00
[checkpoint] new best R_def_mean=+114.800 at update 490 -> Training_Policy_0.5u_1.5vmax_1.0_icVmax_KF_ON/def0_teacher__best.pt
[update 00490] R_def_mean=+114.800  R_att_mean=+0.000  (batch=262144)
   [def] |mu|_mean=1.314e+00  std_mean=1.266e+00  prior_blend_def=0.000
   mean arena radius ≈ 20.000 m
   timing: rollout=7.661s  optim=0.309s  total=7.971s  steps/s=32889.3
   approx true <||p1-center||> ≈ 6.850
   approx true <||p2-center||> ≈ 12.119
   approx belief <||p2-center||> ≈ 12.382
   EKF RMS pos err: def->att=0.886, att->def=0.909
   meas_innov_mean=2.003e-04,  trPpos_mean=1.874e+00
[update 00500] R_def_mean=+114.443  R_att_mean=+0.000  (batch=262144)
   [def] |mu|_mean=1.379e+00  std_mean=1.294e+00  prior_blend_def=0.000
   mean arena radius ≈ 20.000 m
   timing: rollout=7.636s  optim=0.308s  total=7.945s  steps/s=32996.2
   approx true <||p1-center||> ≈ 6.946
   approx true <||p2-center||> ≈ 12.138
   approx belief <||p2-center||> ≈ 12.403
   EKF RMS pos err: def->att=0.888, att->def=0.906
   meas_innov_mean=2.233e-04,  trPpos_mean=1.836e+00
[checkpoint] new best R_def_mean=+116.947 at update 510 -> Training_Policy_0.5u_1.5vmax_1.0_icVmax_KF_ON/def0_teacher__best.pt
[update 00510] R_def_mean=+116.947  R_att_mean=+0.000  (batch=262144)
   [def] |mu|_mean=1.429e+00  std_mean=1.336e+00  prior_blend_def=0.000
   mean arena radius ≈ 20.000 m
   timing: rollout=7.616s  optim=0.314s  total=7.930s  steps/s=33057.8
   approx true <||p1-center||> ≈ 6.873
   approx true <||p2-center||> ≈ 12.170
   approx belief <||p2-center||> ≈ 12.425
   EKF RMS pos err: def->att=0.874, att->def=0.911
   meas_innov_mean=2.272e-04,  trPpos_mean=1.847e+00
[checkpoint] new best R_def_mean=+117.419 at update 520 -> Training_Policy_0.5u_1.5vmax_1.0_icVmax_KF_ON/def0_teacher__best.pt
[update 00520] R_def_mean=+117.419  R_att_mean=+0.000  (batch=262144)
   [def] |mu|_mean=1.463e+00  std_mean=1.374e+00  prior_blend_def=0.000
   mean arena radius ≈ 20.000 m
   timing: rollout=7.638s  optim=0.306s  total=7.944s  steps/s=33000.5
   approx true <||p1-center||> ≈ 6.831
   approx true <||p2-center||> ≈ 12.162
   approx belief <||p2-center||> ≈ 12.426
   EKF RMS pos err: def->att=0.877, att->def=0.918
   meas_innov_mean=2.223e-04,  trPpos_mean=1.852e+00
[checkpoint] new best R_def_mean=+117.481 at update 530 -> Training_Policy_0.5u_1.5vmax_1.0_icVmax_KF_ON/def0_teacher__best.pt
[update 00530] R_def_mean=+117.481  R_att_mean=+0.000  (batch=262144)
   [def] |mu|_mean=1.540e+00  std_mean=1.409e+00  prior_blend_def=0.000
   mean arena radius ≈ 20.000 m
   timing: rollout=7.681s  optim=0.307s  total=7.989s  steps/s=32814.2
   approx true <||p1-center||> ≈ 6.881
   approx true <||p2-center||> ≈ 12.169
   approx belief <||p2-center||> ≈ 12.443
   EKF RMS pos err: def->att=0.885, att->def=0.909
   meas_innov_mean=2.200e-04,  trPpos_mean=1.834e+00
[update 00540] R_def_mean=+116.305  R_att_mean=+0.000  (batch=262144)
   [def] |mu|_mean=1.626e+00  std_mean=1.450e+00  prior_blend_def=0.000
   mean arena radius ≈ 20.000 m
   timing: rollout=7.621s  optim=0.316s  total=7.937s  steps/s=33029.5
   approx true <||p1-center||> ≈ 6.962
   approx true <||p2-center||> ≈ 12.166
   approx belief <||p2-center||> ≈ 12.440
   EKF RMS pos err: def->att=0.889, att->def=0.896
   meas_innov_mean=2.076e-04,  trPpos_mean=1.858e+00
[checkpoint] new best R_def_mean=+119.067 at update 550 -> Training_Policy_0.5u_1.5vmax_1.0_icVmax_KF_ON/def0_teacher__best.pt
[update 00550] R_def_mean=+119.067  R_att_mean=+0.000  (batch=262144)
   [def] |mu|_mean=1.656e+00  std_mean=1.495e+00  prior_blend_def=0.000
   mean arena radius ≈ 20.000 m
   timing: rollout=7.815s  optim=0.357s  total=8.173s  steps/s=32075.9
   approx true <||p1-center||> ≈ 6.692
   approx true <||p2-center||> ≈ 12.110
   approx belief <||p2-center||> ≈ 12.385
   EKF RMS pos err: def->att=0.907, att->def=0.910
   meas_innov_mean=2.722e-04,  trPpos_mean=1.906e+00
[update 00560] R_def_mean=+118.905  R_att_mean=+0.000  (batch=262144)
   [def] |mu|_mean=1.746e+00  std_mean=1.542e+00  prior_blend_def=0.000
   mean arena radius ≈ 20.000 m
   timing: rollout=7.650s  optim=0.299s  total=7.949s  steps/s=32979.0
   approx true <||p1-center||> ≈ 6.783
   approx true <||p2-center||> ≈ 12.122
   approx belief <||p2-center||> ≈ 12.395
   EKF RMS pos err: def->att=0.895, att->def=0.907
   meas_innov_mean=2.227e-04,  trPpos_mean=1.871e+00
[checkpoint] new best R_def_mean=+119.251 at update 570 -> Training_Policy_0.5u_1.5vmax_1.0_icVmax_KF_ON/def0_teacher__best.pt
[update 00570] R_def_mean=+119.251  R_att_mean=+0.000  (batch=262144)
   [def] |mu|_mean=1.816e+00  std_mean=1.588e+00  prior_blend_def=0.000
   mean arena radius ≈ 20.000 m
   timing: rollout=7.647s  optim=0.308s  total=7.955s  steps/s=32952.9
   approx true <||p1-center||> ≈ 6.808
   approx true <||p2-center||> ≈ 12.207
   approx belief <||p2-center||> ≈ 12.480
   EKF RMS pos err: def->att=0.895, att->def=0.971
   meas_innov_mean=2.424e-04,  trPpos_mean=1.888e+00
[checkpoint] new best R_def_mean=+120.514 at update 580 -> Training_Policy_0.5u_1.5vmax_1.0_icVmax_KF_ON/def0_teacher__best.pt
[update 00580] R_def_mean=+120.514  R_att_mean=+0.000  (batch=262144)
   [def] |mu|_mean=1.989e+00  std_mean=1.644e+00  prior_blend_def=0.000
   mean arena radius ≈ 20.000 m
   timing: rollout=7.647s  optim=0.326s  total=7.973s  steps/s=32880.0
   approx true <||p1-center||> ≈ 6.807
   approx true <||p2-center||> ≈ 12.189
   approx belief <||p2-center||> ≈ 12.458
   EKF RMS pos err: def->att=0.876, att->def=0.919
   meas_innov_mean=2.271e-04,  trPpos_mean=1.877e+00
[checkpoint] new best R_def_mean=+121.362 at update 590 -> Training_Policy_0.5u_1.5vmax_1.0_icVmax_KF_ON/def0_teacher__best.pt
[update 00590] R_def_mean=+121.362  R_att_mean=+0.000  (batch=262144)
   [def] |mu|_mean=2.078e+00  std_mean=1.699e+00  prior_blend_def=0.000
   mean arena radius ≈ 20.000 m
   timing: rollout=7.654s  optim=0.309s  total=7.963s  steps/s=32921.6
   approx true <||p1-center||> ≈ 6.911
   approx true <||p2-center||> ≈ 12.239
   approx belief <||p2-center||> ≈ 12.518
   EKF RMS pos err: def->att=0.908, att->def=0.903
   meas_innov_mean=2.089e-04,  trPpos_mean=1.889e+00
[update 00600] R_def_mean=+118.979  R_att_mean=+0.000  (batch=262144)
   [def] |mu|_mean=2.146e+00  std_mean=1.768e+00  prior_blend_def=0.000
   mean arena radius ≈ 20.000 m
   timing: rollout=7.636s  optim=0.301s  total=7.937s  steps/s=33029.2
   approx true <||p1-center||> ≈ 6.763
   approx true <||p2-center||> ≈ 12.176
   approx belief <||p2-center||> ≈ 12.461
   EKF RMS pos err: def->att=0.906, att->def=0.916
   meas_innov_mean=2.328e-04,  trPpos_mean=1.911e+00
[update 00610] R_def_mean=+116.674  R_att_mean=+0.000  (batch=262144)
   [def] |mu|_mean=2.318e+00  std_mean=1.830e+00  prior_blend_def=0.000
   mean arena radius ≈ 20.000 m
   timing: rollout=7.644s  optim=0.307s  total=7.951s  steps/s=32968.1
   approx true <||p1-center||> ≈ 6.969
   approx true <||p2-center||> ≈ 12.221
   approx belief <||p2-center||> ≈ 12.497
   EKF RMS pos err: def->att=0.894, att->def=0.904
   meas_innov_mean=2.906e-04,  trPpos_mean=1.871e+00
[update 00620] R_def_mean=+116.754  R_att_mean=+0.000  (batch=262144)
   [def] |mu|_mean=2.456e+00  std_mean=1.901e+00  prior_blend_def=0.000
   mean arena radius ≈ 20.000 m
   timing: rollout=7.654s  optim=0.299s  total=7.954s  steps/s=32958.4
   approx true <||p1-center||> ≈ 6.945
   approx true <||p2-center||> ≈ 12.207
   approx belief <||p2-center||> ≈ 12.479
   EKF RMS pos err: def->att=0.918, att->def=0.913
   meas_innov_mean=2.693e-04,  trPpos_mean=1.854e+00
[update 00630] R_def_mean=+117.182  R_att_mean=+0.000  (batch=262144)
   [def] |mu|_mean=2.596e+00  std_mean=1.974e+00  prior_blend_def=0.000
   mean arena radius ≈ 20.000 m
   timing: rollout=7.655s  optim=0.324s  total=7.979s  steps/s=32854.5
   approx true <||p1-center||> ≈ 6.931
   approx true <||p2-center||> ≈ 12.179
   approx belief <||p2-center||> ≈ 12.459
   EKF RMS pos err: def->att=0.885, att->def=0.915
   meas_innov_mean=2.139e-04,  trPpos_mean=1.859e+00
[update 00640] R_def_mean=+118.853  R_att_mean=+0.000  (batch=262144)
   [def] |mu|_mean=2.702e+00  std_mean=2.042e+00  prior_blend_def=0.000
   mean arena radius ≈ 20.000 m
   timing: rollout=7.643s  optim=0.306s  total=7.949s  steps/s=32979.4
   approx true <||p1-center||> ≈ 7.000
   approx true <||p2-center||> ≈ 12.232
   approx belief <||p2-center||> ≈ 12.509
   EKF RMS pos err: def->att=0.895, att->def=0.882
   meas_innov_mean=2.559e-04,  trPpos_mean=1.840e+00
[update 00650] R_def_mean=+117.736  R_att_mean=+0.000  (batch=262144)
   [def] |mu|_mean=2.744e+00  std_mean=2.093e+00  prior_blend_def=0.000
   mean arena radius ≈ 20.000 m
   timing: rollout=7.669s  optim=0.307s  total=7.976s  steps/s=32868.1
   approx true <||p1-center||> ≈ 6.955
   approx true <||p2-center||> ≈ 12.211
   approx belief <||p2-center||> ≈ 12.490
   EKF RMS pos err: def->att=0.892, att->def=0.904
   meas_innov_mean=2.639e-04,  trPpos_mean=1.878e+00
[update 00660] R_def_mean=+117.162  R_att_mean=+0.000  (batch=262144)
   [def] |mu|_mean=2.762e+00  std_mean=2.138e+00  prior_blend_def=0.000
   mean arena radius ≈ 20.000 m
   timing: rollout=7.669s  optim=0.336s  total=8.005s  steps/s=32747.1
   approx true <||p1-center||> ≈ 6.880
   approx true <||p2-center||> ≈ 12.168
   approx belief <||p2-center||> ≈ 12.441
   EKF RMS pos err: def->att=0.888, att->def=0.918
   meas_innov_mean=2.233e-04,  trPpos_mean=1.846e+00
[update 00670] R_def_mean=+116.968  R_att_mean=+0.000  (batch=262144)
   [def] |mu|_mean=2.816e+00  std_mean=2.177e+00  prior_blend_def=0.000
   mean arena radius ≈ 20.000 m
   timing: rollout=7.656s  optim=0.308s  total=7.964s  steps/s=32917.0
   approx true <||p1-center||> ≈ 6.909
   approx true <||p2-center||> ≈ 12.194
   approx belief <||p2-center||> ≈ 12.476
   EKF RMS pos err: def->att=0.888, att->def=0.903
   meas_innov_mean=2.002e-04,  trPpos_mean=1.881e+00
[update 00680] R_def_mean=+117.898  R_att_mean=+0.000  (batch=262144)
   [def] |mu|_mean=2.846e+00  std_mean=2.206e+00  prior_blend_def=0.000
   mean arena radius ≈ 20.000 m
   timing: rollout=7.655s  optim=0.308s  total=7.963s  steps/s=32918.5
   approx true <||p1-center||> ≈ 6.947
   approx true <||p2-center||> ≈ 12.212
   approx belief <||p2-center||> ≈ 12.481
   EKF RMS pos err: def->att=0.886, att->def=0.905
   meas_innov_mean=2.095e-04,  trPpos_mean=1.828e+00
[update 00690] R_def_mean=+115.287  R_att_mean=+0.000  (batch=262144)
   [def] |mu|_mean=2.929e+00  std_mean=2.229e+00  prior_blend_def=0.000
   mean arena radius ≈ 20.000 m
   timing: rollout=7.638s  optim=0.318s  total=7.955s  steps/s=32951.5
   approx true <||p1-center||> ≈ 7.064
   approx true <||p2-center||> ≈ 12.236
   approx belief <||p2-center||> ≈ 12.513
   EKF RMS pos err: def->att=0.894, att->def=0.896
   meas_innov_mean=2.346e-04,  trPpos_mean=1.857e+00
[update 00700] R_def_mean=+117.133  R_att_mean=+0.000  (batch=262144)
   [def] |mu|_mean=2.810e+00  std_mean=2.252e+00  prior_blend_def=0.000
   mean arena radius ≈ 20.000 m
   timing: rollout=7.636s  optim=0.309s  total=7.945s  steps/s=32995.3
   approx true <||p1-center||> ≈ 6.824
   approx true <||p2-center||> ≈ 12.127
   approx belief <||p2-center||> ≈ 12.401
   EKF RMS pos err: def->att=0.894, att->def=0.918
   meas_innov_mean=2.235e-04,  trPpos_mean=1.879e+00
[update 00710] R_def_mean=+117.957  R_att_mean=+0.000  (batch=262144)
   [def] |mu|_mean=2.781e+00  std_mean=2.279e+00  prior_blend_def=0.000
   mean arena radius ≈ 20.000 m
   timing: rollout=7.784s  optim=0.312s  total=8.097s  steps/s=32376.7
   approx true <||p1-center||> ≈ 6.824
   approx true <||p2-center||> ≈ 12.134
   approx belief <||p2-center||> ≈ 12.397
   EKF RMS pos err: def->att=0.888, att->def=0.908
   meas_innov_mean=2.047e-04,  trPpos_mean=1.855e+00
[update 00720] R_def_mean=+119.452  R_att_mean=+0.000  (batch=262144)
   [def] |mu|_mean=2.779e+00  std_mean=2.301e+00  prior_blend_def=0.000
   mean arena radius ≈ 20.000 m
   timing: rollout=7.670s  optim=0.303s  total=7.972s  steps/s=32881.4
   approx true <||p1-center||> ≈ 6.822
   approx true <||p2-center||> ≈ 12.154
   approx belief <||p2-center||> ≈ 12.439
   EKF RMS pos err: def->att=0.903, att->def=0.918
   meas_innov_mean=2.813e-04,  trPpos_mean=1.869e+00
[update 00730] R_def_mean=+117.849  R_att_mean=+0.000  (batch=262144)
   [def] |mu|_mean=2.768e+00  std_mean=2.324e+00  prior_blend_def=0.000
   mean arena radius ≈ 20.000 m
   timing: rollout=7.647s  optim=0.306s  total=7.953s  steps/s=32960.6
   approx true <||p1-center||> ≈ 6.734
   approx true <||p2-center||> ≈ 12.137
   approx belief <||p2-center||> ≈ 12.420
   EKF RMS pos err: def->att=0.891, att->def=0.935
   meas_innov_mean=2.166e-04,  trPpos_mean=1.879e+00
[update 00740] R_def_mean=+119.152  R_att_mean=+0.000  (batch=262144)
   [def] |mu|_mean=2.867e+00  std_mean=2.335e+00  prior_blend_def=0.000
   mean arena radius ≈ 20.000 m
   timing: rollout=7.650s  optim=0.333s  total=7.983s  steps/s=32836.9
   approx true <||p1-center||> ≈ 6.870
   approx true <||p2-center||> ≈ 12.151
   approx belief <||p2-center||> ≈ 12.431
   EKF RMS pos err: def->att=0.893, att->def=0.899
   meas_innov_mean=2.161e-04,  trPpos_mean=1.841e+00
[update 00750] R_def_mean=+119.087  R_att_mean=+0.000  (batch=262144)
   [def] |mu|_mean=2.806e+00  std_mean=2.334e+00  prior_blend_def=0.000
   mean arena radius ≈ 20.000 m
   timing: rollout=7.656s  optim=0.335s  total=7.991s  steps/s=32805.7
   approx true <||p1-center||> ≈ 6.834
   approx true <||p2-center||> ≈ 12.139
   approx belief <||p2-center||> ≈ 12.406
   EKF RMS pos err: def->att=0.898, att->def=0.925
   meas_innov_mean=2.339e-04,  trPpos_mean=1.878e+00
[update 00760] R_def_mean=+118.986  R_att_mean=+0.000  (batch=262144)
   [def] |mu|_mean=2.795e+00  std_mean=2.357e+00  prior_blend_def=0.000
   mean arena radius ≈ 20.000 m
   timing: rollout=7.625s  optim=0.339s  total=7.964s  steps/s=32914.9
   approx true <||p1-center||> ≈ 6.870
   approx true <||p2-center||> ≈ 12.117
   approx belief <||p2-center||> ≈ 12.398
   EKF RMS pos err: def->att=0.895, att->def=0.908
   meas_innov_mean=2.372e-04,  trPpos_mean=1.848e+00
[update 00770] R_def_mean=+117.978  R_att_mean=+0.000  (batch=262144)
   [def] |mu|_mean=2.834e+00  std_mean=2.376e+00  prior_blend_def=0.000
   mean arena radius ≈ 20.000 m
   timing: rollout=7.639s  optim=0.309s  total=7.948s  steps/s=32984.1
   approx true <||p1-center||> ≈ 6.889
   approx true <||p2-center||> ≈ 12.171
   approx belief <||p2-center||> ≈ 12.433
   EKF RMS pos err: def->att=0.876, att->def=0.897
   meas_innov_mean=2.391e-04,  trPpos_mean=1.829e+00
[update 00780] R_def_mean=+117.733  R_att_mean=+0.000  (batch=262144)
   [def] |mu|_mean=2.771e+00  std_mean=2.390e+00  prior_blend_def=0.000
   mean arena radius ≈ 20.000 m
   timing: rollout=7.678s  optim=0.302s  total=7.980s  steps/s=32850.1
   approx true <||p1-center||> ≈ 6.850
   approx true <||p2-center||> ≈ 12.247
   approx belief <||p2-center||> ≈ 12.530
   EKF RMS pos err: def->att=0.904, att->def=0.912
   meas_innov_mean=2.270e-04,  trPpos_mean=1.903e+00
[update 00790] R_def_mean=+120.737  R_att_mean=+0.000  (batch=262144)
   [def] |mu|_mean=2.792e+00  std_mean=2.401e+00  prior_blend_def=0.000
   mean arena radius ≈ 20.000 m
   timing: rollout=7.631s  optim=0.307s  total=7.938s  steps/s=33023.9
   approx true <||p1-center||> ≈ 6.824
   approx true <||p2-center||> ≈ 12.109
   approx belief <||p2-center||> ≈ 12.391
   EKF RMS pos err: def->att=0.903, att->def=0.919
   meas_innov_mean=2.081e-04,  trPpos_mean=1.890e+00
[update 00800] R_def_mean=+119.064  R_att_mean=+0.000  (batch=262144)
   [def] |mu|_mean=2.777e+00  std_mean=2.413e+00  prior_blend_def=0.000
   mean arena radius ≈ 20.000 m
   timing: rollout=7.662s  optim=0.305s  total=7.968s  steps/s=32901.5
   approx true <||p1-center||> ≈ 6.792
   approx true <||p2-center||> ≈ 12.201
   approx belief <||p2-center||> ≈ 12.494
   EKF RMS pos err: def->att=0.910, att->def=0.929
   meas_innov_mean=2.020e-04,  trPpos_mean=1.922e+00
[update 00810] R_def_mean=+120.331  R_att_mean=+0.000  (batch=262144)
   [def] |mu|_mean=2.743e+00  std_mean=2.430e+00  prior_blend_def=0.000
   mean arena radius ≈ 20.000 m
   timing: rollout=7.699s  optim=0.314s  total=8.013s  steps/s=32715.7
   approx true <||p1-center||> ≈ 6.778
   approx true <||p2-center||> ≈ 12.139
   approx belief <||p2-center||> ≈ 12.401
   EKF RMS pos err: def->att=0.891, att->def=0.911
   meas_innov_mean=2.290e-04,  trPpos_mean=1.856e+00
[update 00820] R_def_mean=+120.280  R_att_mean=+0.000  (batch=262144)
   [def] |mu|_mean=2.761e+00  std_mean=2.445e+00  prior_blend_def=0.000
   mean arena radius ≈ 20.000 m
   timing: rollout=7.645s  optim=0.323s  total=7.967s  steps/s=32903.6
   approx true <||p1-center||> ≈ 6.813
   approx true <||p2-center||> ≈ 12.197
   approx belief <||p2-center||> ≈ 12.463
   EKF RMS pos err: def->att=0.890, att->def=0.921
   meas_innov_mean=2.405e-04,  trPpos_mean=1.888e+00
[update 00830] R_def_mean=+120.638  R_att_mean=+0.000  (batch=262144)
   [def] |mu|_mean=2.736e+00  std_mean=2.451e+00  prior_blend_def=0.000
   mean arena radius ≈ 20.000 m
   timing: rollout=7.670s  optim=0.333s  total=8.003s  steps/s=32755.9
   approx true <||p1-center||> ≈ 6.780
   approx true <||p2-center||> ≈ 12.110
   approx belief <||p2-center||> ≈ 12.379
   EKF RMS pos err: def->att=0.902, att->def=0.908
   meas_innov_mean=2.342e-04,  trPpos_mean=1.860e+00
[update 00840] R_def_mean=+120.779  R_att_mean=+0.000  (batch=262144)
   [def] |mu|_mean=2.795e+00  std_mean=2.466e+00  prior_blend_def=0.000
   mean arena radius ≈ 20.000 m
   timing: rollout=7.703s  optim=0.303s  total=8.005s  steps/s=32746.0
   approx true <||p1-center||> ≈ 6.796
   approx true <||p2-center||> ≈ 12.087
   approx belief <||p2-center||> ≈ 12.356
   EKF RMS pos err: def->att=0.877, att->def=0.907
   meas_innov_mean=2.070e-04,  trPpos_mean=1.876e+00
[update 00850] R_def_mean=+118.334  R_att_mean=+0.000  (batch=262144)
   [def] |mu|_mean=2.761e+00  std_mean=2.484e+00  prior_blend_def=0.000
   mean arena radius ≈ 20.000 m
   timing: rollout=7.650s  optim=0.306s  total=7.956s  steps/s=32950.2
   approx true <||p1-center||> ≈ 6.760
   approx true <||p2-center||> ≈ 12.125
   approx belief <||p2-center||> ≈ 12.381
   EKF RMS pos err: def->att=0.878, att->def=0.917
   meas_innov_mean=2.860e-04,  trPpos_mean=1.870e+00
[checkpoint] new best R_def_mean=+121.520 at update 860 -> Training_Policy_0.5u_1.5vmax_1.0_icVmax_KF_ON/def0_teacher__best.pt
[update 00860] R_def_mean=+121.520  R_att_mean=+0.000  (batch=262144)
   [def] |mu|_mean=2.721e+00  std_mean=2.487e+00  prior_blend_def=0.000
   mean arena radius ≈ 20.000 m
   timing: rollout=7.677s  optim=0.306s  total=7.982s  steps/s=32840.5
   approx true <||p1-center||> ≈ 6.673
   approx true <||p2-center||> ≈ 12.102
   approx belief <||p2-center||> ≈ 12.365
   EKF RMS pos err: def->att=0.887, att->def=0.911
   meas_innov_mean=2.586e-04,  trPpos_mean=1.870e+00
[update 00870] R_def_mean=+118.597  R_att_mean=+0.000  (batch=262144)
   [def] |mu|_mean=2.758e+00  std_mean=2.499e+00  prior_blend_def=0.000
   mean arena radius ≈ 20.000 m
   timing: rollout=7.682s  optim=0.318s  total=8.000s  steps/s=32768.9
   approx true <||p1-center||> ≈ 6.835
   approx true <||p2-center||> ≈ 12.112
   approx belief <||p2-center||> ≈ 12.388
   EKF RMS pos err: def->att=0.897, att->def=0.921
   meas_innov_mean=2.124e-04,  trPpos_mean=1.881e+00
[update 00880] R_def_mean=+118.285  R_att_mean=+0.000  (batch=262144)
   [def] |mu|_mean=2.727e+00  std_mean=2.507e+00  prior_blend_def=0.000
   mean arena radius ≈ 20.000 m
   timing: rollout=7.641s  optim=0.316s  total=7.956s  steps/s=32947.9
   approx true <||p1-center||> ≈ 6.879
   approx true <||p2-center||> ≈ 12.161
   approx belief <||p2-center||> ≈ 12.423
   EKF RMS pos err: def->att=0.881, att->def=0.897
   meas_innov_mean=2.050e-04,  trPpos_mean=1.826e+00
[update 00890] R_def_mean=+119.551  R_att_mean=+0.000  (batch=262144)
   [def] |mu|_mean=2.716e+00  std_mean=2.518e+00  prior_blend_def=0.000
   mean arena radius ≈ 20.000 m
   timing: rollout=7.656s  optim=0.307s  total=7.962s  steps/s=32923.3
   approx true <||p1-center||> ≈ 6.735
   approx true <||p2-center||> ≈ 12.123
   approx belief <||p2-center||> ≈ 12.391
   EKF RMS pos err: def->att=0.893, att->def=0.913
   meas_innov_mean=3.061e-04,  trPpos_mean=1.892e+00
[update 00900] R_def_mean=+120.038  R_att_mean=+0.000  (batch=262144)
   [def] |mu|_mean=2.727e+00  std_mean=2.524e+00  prior_blend_def=0.000
   mean arena radius ≈ 20.000 m
   timing: rollout=7.662s  optim=0.313s  total=7.975s  steps/s=32872.6
   approx true <||p1-center||> ≈ 6.786
   approx true <||p2-center||> ≈ 12.137
   approx belief <||p2-center||> ≈ 12.409
   EKF RMS pos err: def->att=0.893, att->def=0.915
   meas_innov_mean=2.016e-04,  trPpos_mean=1.874e+00
[update 00910] R_def_mean=+120.552  R_att_mean=+0.000  (batch=262144)
   [def] |mu|_mean=2.801e+00  std_mean=2.534e+00  prior_blend_def=0.000
   mean arena radius ≈ 20.000 m
   timing: rollout=7.640s  optim=0.307s  total=7.947s  steps/s=32988.0
   approx true <||p1-center||> ≈ 6.758
   approx true <||p2-center||> ≈ 12.111
   approx belief <||p2-center||> ≈ 12.378
   EKF RMS pos err: def->att=0.880, att->def=0.905
   meas_innov_mean=2.858e-04,  trPpos_mean=1.874e+00
[update 00920] R_def_mean=+119.511  R_att_mean=+0.000  (batch=262144)
   [def] |mu|_mean=2.734e+00  std_mean=2.537e+00  prior_blend_def=0.000
   mean arena radius ≈ 20.000 m
   timing: rollout=7.663s  optim=0.307s  total=7.970s  steps/s=32890.7
   approx true <||p1-center||> ≈ 6.779
   approx true <||p2-center||> ≈ 12.131
   approx belief <||p2-center||> ≈ 12.400
   EKF RMS pos err: def->att=0.896, att->def=0.930
   meas_innov_mean=2.221e-04,  trPpos_mean=1.909e+00
[checkpoint] new best R_def_mean=+121.526 at update 930 -> Training_Policy_0.5u_1.5vmax_1.0_icVmax_KF_ON/def0_teacher__best.pt
[update 00930] R_def_mean=+121.526  R_att_mean=+0.000  (batch=262144)
   [def] |mu|_mean=2.753e+00  std_mean=2.549e+00  prior_blend_def=0.000
   mean arena radius ≈ 20.000 m
   timing: rollout=7.644s  optim=0.304s  total=7.948s  steps/s=32983.8
   approx true <||p1-center||> ≈ 6.689
   approx true <||p2-center||> ≈ 12.110
   approx belief <||p2-center||> ≈ 12.388
   EKF RMS pos err: def->att=0.918, att->def=0.929
   meas_innov_mean=2.738e-04,  trPpos_mean=1.901e+00
[update 00940] R_def_mean=+120.673  R_att_mean=+0.000  (batch=262144)
   [def] |mu|_mean=2.749e+00  std_mean=2.550e+00  prior_blend_def=0.000
   mean arena radius ≈ 20.000 m
   timing: rollout=7.694s  optim=0.306s  total=8.000s  steps/s=32766.9
   approx true <||p1-center||> ≈ 6.760
   approx true <||p2-center||> ≈ 12.127
   approx belief <||p2-center||> ≈ 12.399
   EKF RMS pos err: def->att=0.902, att->def=0.924
   meas_innov_mean=2.135e-04,  trPpos_mean=1.893e+00
[checkpoint] new best R_def_mean=+122.385 at update 950 -> Training_Policy_0.5u_1.5vmax_1.0_icVmax_KF_ON/def0_teacher__best.pt
[update 00950] R_def_mean=+122.385  R_att_mean=+0.000  (batch=262144)
   [def] |mu|_mean=2.730e+00  std_mean=2.560e+00  prior_blend_def=0.000
   mean arena radius ≈ 20.000 m
   timing: rollout=7.654s  optim=0.308s  total=7.962s  steps/s=32924.6
   approx true <||p1-center||> ≈ 6.692
   approx true <||p2-center||> ≈ 12.131
   approx belief <||p2-center||> ≈ 12.406
   EKF RMS pos err: def->att=0.910, att->def=0.932
   meas_innov_mean=2.157e-04,  trPpos_mean=1.933e+00
[update 00960] R_def_mean=+121.967  R_att_mean=+0.000  (batch=262144)
   [def] |mu|_mean=2.674e+00  std_mean=2.560e+00  prior_blend_def=0.000
   mean arena radius ≈ 20.000 m
   timing: rollout=7.632s  optim=0.305s  total=7.937s  steps/s=33029.1
   approx true <||p1-center||> ≈ 6.646
   approx true <||p2-center||> ≈ 12.113
   approx belief <||p2-center||> ≈ 12.406
   EKF RMS pos err: def->att=0.934, att->def=0.952
   meas_innov_mean=2.153e-04,  trPpos_mean=1.932e+00
[update 00970] R_def_mean=+119.361  R_att_mean=+0.000  (batch=262144)
   [def] |mu|_mean=2.857e+00  std_mean=2.573e+00  prior_blend_def=0.000
   mean arena radius ≈ 20.000 m
   timing: rollout=7.645s  optim=0.308s  total=7.953s  steps/s=32962.7
   approx true <||p1-center||> ≈ 6.821
   approx true <||p2-center||> ≈ 12.107
   approx belief <||p2-center||> ≈ 12.375
   EKF RMS pos err: def->att=0.894, att->def=0.915
   meas_innov_mean=2.035e-04,  trPpos_mean=1.855e+00
[update 00980] R_def_mean=+119.728  R_att_mean=+0.000  (batch=262144)
   [def] |mu|_mean=2.739e+00  std_mean=2.579e+00  prior_blend_def=0.000
   mean arena radius ≈ 20.000 m
   timing: rollout=7.653s  optim=0.305s  total=7.958s  steps/s=32941.2
   approx true <||p1-center||> ≈ 6.715
   approx true <||p2-center||> ≈ 12.079
   approx belief <||p2-center||> ≈ 12.352
   EKF RMS pos err: def->att=0.901, att->def=0.927
   meas_innov_mean=2.057e-04,  trPpos_mean=1.910e+00
[update 00990] R_def_mean=+119.886  R_att_mean=+0.000  (batch=262144)
   [def] |mu|_mean=2.798e+00  std_mean=2.582e+00  prior_blend_def=0.000
   mean arena radius ≈ 20.000 m
   timing: rollout=7.654s  optim=0.305s  total=7.959s  steps/s=32935.8
   approx true <||p1-center||> ≈ 6.766
   approx true <||p2-center||> ≈ 12.186
   approx belief <||p2-center||> ≈ 12.458
   EKF RMS pos err: def->att=0.890, att->def=0.910
   meas_innov_mean=2.569e-04,  trPpos_mean=1.887e+00
[update 01000] R_def_mean=+119.518  R_att_mean=+0.000  (batch=262144)
   [def] |mu|_mean=2.767e+00  std_mean=2.584e+00  prior_blend_def=0.000
   mean arena radius ≈ 20.000 m
   timing: rollout=7.677s  optim=0.306s  total=7.984s  steps/s=32835.2
   approx true <||p1-center||> ≈ 6.680
   approx true <||p2-center||> ≈ 12.067
   approx belief <||p2-center||> ≈ 12.326
   EKF RMS pos err: def->att=0.884, att->def=0.902
   meas_innov_mean=2.062e-04,  trPpos_mean=1.854e+00
[ic] saved actual training IC samples -> Training_Policy_0.5u_1.5vmax_1.0_icVmax_KF_ON/ic_samples_def0_teacher.npz
[checkpoint] saved last checkpoint -> Training_Policy_0.5u_1.5vmax_1.0_icVmax_KF_ON/def0_teacher.pt
Training finished.
[DEF0 TEACHER] Using defender checkpoint: Training_Policy_0.5u_1.5vmax_1.0_icVmax_KF_ON/def0_teacher.pt
[DEF0 TEACHER] best R_def_mean=+122.385 at update 950
[DEF0 TEACHER] Saved metrics to Training_Policy_0.5u_1.5vmax_1.0_icVmax_KF_ON/train_metrics_def0_teacher.npz

===== PHASE 1: Train ATTACKER_1 vs frozen DEFENDER_0 =====
[ATT1 TEACHER] Using device: cuda
[ATT1] train_role=att  distill=False  distill_method=modern
[tb] logging to: runs/Training_Policy_0.5u_1.5vmax_1.0_icVmax_KF_ON_att1_teacher
[TorchVecEnv] batched EKF path enabled (device=cuda, num_envs=256).
[train] rollout backend=torch (num_envs=256, vec_workers=None)
[checkpoint] new best R_att_mean=-42.818 at update 10 -> Training_Policy_0.5u_1.5vmax_1.0_icVmax_KF_ON/att1_teacher__best.pt
opp std mean: 2.5840957164764404
opp mix usage: def0_full=0.47, def0_weak=0.34, def0_very_weak=0.19
[update 00010] R_def_mean=+0.000  R_att_mean=-42.818  (batch=262144)
   [att] |mu|_mean=3.839e+00  std_mean=2.584e+00  prior_blend_def=0.000
   mean arena radius ≈ 20.000 m
   timing: rollout=7.862s  optim=0.314s  total=8.175s  steps/s=32064.7
   approx true <||p1-center||> ≈ 11.222
   approx true <||p2-center||> ≈ 15.041
   approx belief <||p2-center||> ≈ 15.204
   EKF RMS pos err: def->att=0.796, att->def=0.818
   meas_innov_mean=1.938e-04,  trPpos_mean=1.626e+00
[checkpoint] new best R_att_mean=-41.457 at update 20 -> Training_Policy_0.5u_1.5vmax_1.0_icVmax_KF_ON/att1_teacher__best.pt
opp std mean: 2.5840957164764404
opp mix usage: def0_full=0.49, def0_weak=0.32, def0_very_weak=0.19
[update 00020] R_def_mean=+0.000  R_att_mean=-41.457  (batch=262144)
   [att] |mu|_mean=3.805e+00  std_mean=2.584e+00  prior_blend_def=0.000
   mean arena radius ≈ 20.000 m
   timing: rollout=7.858s  optim=0.317s  total=8.175s  steps/s=32066.9
   approx true <||p1-center||> ≈ 11.220
   approx true <||p2-center||> ≈ 14.992
   approx belief <||p2-center||> ≈ 15.153
   EKF RMS pos err: def->att=0.805, att->def=0.808
   meas_innov_mean=1.770e-04,  trPpos_mean=1.637e+00
[checkpoint] new best R_att_mean=-35.976 at update 30 -> Training_Policy_0.5u_1.5vmax_1.0_icVmax_KF_ON/att1_teacher__best.pt
opp std mean: 2.5840957164764404
opp mix usage: def0_full=0.47, def0_weak=0.35, def0_very_weak=0.18
[update 00030] R_def_mean=+0.000  R_att_mean=-35.976  (batch=262144)
   [att] |mu|_mean=3.876e+00  std_mean=2.584e+00  prior_blend_def=0.000
   mean arena radius ≈ 20.000 m
   timing: rollout=7.832s  optim=0.314s  total=8.146s  steps/s=32178.9
   approx true <||p1-center||> ≈ 11.118
   approx true <||p2-center||> ≈ 14.633
   approx belief <||p2-center||> ≈ 14.804
   EKF RMS pos err: def->att=0.771, att->def=0.746
   meas_innov_mean=1.772e-04,  trPpos_mean=1.439e+00
[checkpoint] new best R_att_mean=-32.482 at update 40 -> Training_Policy_0.5u_1.5vmax_1.0_icVmax_KF_ON/att1_teacher__best.pt
opp std mean: 2.5840957164764404
opp mix usage: def0_full=0.45, def0_weak=0.36, def0_very_weak=0.19
[update 00040] R_def_mean=+0.000  R_att_mean=-32.482  (batch=262144)
   [att] |mu|_mean=3.980e+00  std_mean=2.584e+00  prior_blend_def=0.000
   mean arena radius ≈ 20.000 m
   timing: rollout=7.845s  optim=0.330s  total=8.175s  steps/s=32068.1
   approx true <||p1-center||> ≈ 11.011
   approx true <||p2-center||> ≈ 14.176
   approx belief <||p2-center||> ≈ 14.332
   EKF RMS pos err: def->att=0.731, att->def=0.735
   meas_innov_mean=1.866e-04,  trPpos_mean=1.343e+00
[checkpoint] new best R_att_mean=-28.049 at update 50 -> Training_Policy_0.5u_1.5vmax_1.0_icVmax_KF_ON/att1_teacher__best.pt
opp std mean: 2.5840957164764404
opp mix usage: def0_full=0.44, def0_weak=0.37, def0_very_weak=0.19
[update 00050] R_def_mean=+0.000  R_att_mean=-28.049  (batch=262144)
   [att] |mu|_mean=4.169e+00  std_mean=2.584e+00  prior_blend_def=0.000
   mean arena radius ≈ 20.000 m
   timing: rollout=8.127s  optim=0.343s  total=8.470s  steps/s=30949.0
   approx true <||p1-center||> ≈ 10.937
   approx true <||p2-center||> ≈ 13.562
   approx belief <||p2-center||> ≈ 13.708
   EKF RMS pos err: def->att=0.690, att->def=0.683
   meas_innov_mean=1.855e-04,  trPpos_mean=1.166e+00
[checkpoint] new best R_att_mean=-24.304 at update 60 -> Training_Policy_0.5u_1.5vmax_1.0_icVmax_KF_ON/att1_teacher__best.pt
opp std mean: 2.5840957164764404
opp mix usage: def0_full=0.41, def0_weak=0.40, def0_very_weak=0.19
[update 00060] R_def_mean=+0.000  R_att_mean=-24.304  (batch=262144)
   [att] |mu|_mean=4.328e+00  std_mean=2.584e+00  prior_blend_def=0.000
   mean arena radius ≈ 20.000 m
   timing: rollout=7.957s  optim=0.378s  total=8.335s  steps/s=31451.1
   approx true <||p1-center||> ≈ 10.824
   approx true <||p2-center||> ≈ 13.054
   approx belief <||p2-center||> ≈ 13.178
   EKF RMS pos err: def->att=0.650, att->def=0.664
   meas_innov_mean=1.855e-04,  trPpos_mean=1.070e+00
[checkpoint] new best R_att_mean=-19.113 at update 70 -> Training_Policy_0.5u_1.5vmax_1.0_icVmax_KF_ON/att1_teacher__best.pt
opp std mean: 2.5840957164764404
opp mix usage: def0_full=0.40, def0_weak=0.41, def0_very_weak=0.18
[update 00070] R_def_mean=+0.000  R_att_mean=-19.113  (batch=262144)
   [att] |mu|_mean=4.582e+00  std_mean=2.584e+00  prior_blend_def=0.000
   mean arena radius ≈ 20.000 m
   timing: rollout=7.971s  optim=0.327s  total=8.298s  steps/s=31590.1
   approx true <||p1-center||> ≈ 10.723
   approx true <||p2-center||> ≈ 12.278
   approx belief <||p2-center||> ≈ 12.411
   EKF RMS pos err: def->att=0.632, att->def=0.650
   meas_innov_mean=1.780e-04,  trPpos_mean=9.739e-01
[checkpoint] new best R_att_mean=-16.564 at update 80 -> Training_Policy_0.5u_1.5vmax_1.0_icVmax_KF_ON/att1_teacher__best.pt
opp std mean: 2.5840957164764404
opp mix usage: def0_full=0.38, def0_weak=0.47, def0_very_weak=0.15
[update 00080] R_def_mean=+0.000  R_att_mean=-16.564  (batch=262144)
   [att] |mu|_mean=4.844e+00  std_mean=2.584e+00  prior_blend_def=0.000
   mean arena radius ≈ 20.000 m
   timing: rollout=8.078s  optim=0.334s  total=8.412s  steps/s=31161.6
   approx true <||p1-center||> ≈ 10.379
   approx true <||p2-center||> ≈ 11.463
   approx belief <||p2-center||> ≈ 11.582
   EKF RMS pos err: def->att=0.586, att->def=0.605
   meas_innov_mean=1.828e-04,  trPpos_mean=8.540e-01
[checkpoint] new best R_att_mean=-10.258 at update 90 -> Training_Policy_0.5u_1.5vmax_1.0_icVmax_KF_ON/att1_teacher__best.pt
opp std mean: 2.5840957164764404
opp mix usage: def0_full=0.35, def0_weak=0.51, def0_very_weak=0.14
[update 00090] R_def_mean=+0.000  R_att_mean=-10.258  (batch=262144)
   [att] |mu|_mean=5.211e+00  std_mean=2.584e+00  prior_blend_def=0.000
   mean arena radius ≈ 20.000 m
   timing: rollout=7.983s  optim=0.333s  total=8.315s  steps/s=31526.2
   approx true <||p1-center||> ≈ 10.144
   approx true <||p2-center||> ≈ 10.692
   approx belief <||p2-center||> ≈ 10.815
   EKF RMS pos err: def->att=0.545, att->def=0.555
   meas_innov_mean=2.134e-04,  trPpos_mean=7.355e-01
[checkpoint] new best R_att_mean=-4.576 at update 100 -> Training_Policy_0.5u_1.5vmax_1.0_icVmax_KF_ON/att1_teacher__best.pt
opp std mean: 2.5840957164764404
opp mix usage: def0_full=0.32, def0_weak=0.53, def0_very_weak=0.15
[update 00100] R_def_mean=+0.000  R_att_mean=-4.576  (batch=262144)
   [att] |mu|_mean=5.455e+00  std_mean=2.584e+00  prior_blend_def=0.000
   mean arena radius ≈ 20.000 m
   timing: rollout=7.969s  optim=0.333s  total=8.302s  steps/s=31576.5
   approx true <||p1-center||> ≈ 10.006
   approx true <||p2-center||> ≈ 10.147
   approx belief <||p2-center||> ≈ 10.260
   EKF RMS pos err: def->att=0.547, att->def=0.536
   meas_innov_mean=2.438e-04,  trPpos_mean=6.992e-01
[checkpoint] new best R_att_mean=+0.502 at update 110 -> Training_Policy_0.5u_1.5vmax_1.0_icVmax_KF_ON/att1_teacher__best.pt
opp std mean: 2.5840957164764404
opp mix usage: def0_full=0.36, def0_weak=0.50, def0_very_weak=0.14
[update 00110] R_def_mean=+0.000  R_att_mean=+0.502  (batch=262144)
   [att] |mu|_mean=5.582e+00  std_mean=2.584e+00  prior_blend_def=0.000
   mean arena radius ≈ 20.000 m
   timing: rollout=7.949s  optim=0.329s  total=8.277s  steps/s=31670.3
   approx true <||p1-center||> ≈ 10.299
   approx true <||p2-center||> ≈ 9.941
   approx belief <||p2-center||> ≈ 10.052
   EKF RMS pos err: def->att=0.582, att->def=0.587
   meas_innov_mean=3.174e-04,  trPpos_mean=7.503e-01
[checkpoint] new best R_att_mean=+6.732 at update 120 -> Training_Policy_0.5u_1.5vmax_1.0_icVmax_KF_ON/att1_teacher__best.pt
opp std mean: 2.5840957164764404
opp mix usage: def0_full=0.43, def0_weak=0.42, def0_very_weak=0.15
[update 00120] R_def_mean=+0.000  R_att_mean=+6.732  (batch=262144)
   [att] |mu|_mean=5.416e+00  std_mean=2.584e+00  prior_blend_def=0.000
   mean arena radius ≈ 20.000 m
   timing: rollout=7.961s  optim=0.327s  total=8.288s  steps/s=31628.9
   approx true <||p1-center||> ≈ 10.593
   approx true <||p2-center||> ≈ 10.383
   approx belief <||p2-center||> ≈ 10.523
   EKF RMS pos err: def->att=0.624, att->def=0.610
   meas_innov_mean=2.578e-04,  trPpos_mean=8.923e-01
[checkpoint] new best R_att_mean=+10.591 at update 130 -> Training_Policy_0.5u_1.5vmax_1.0_icVmax_KF_ON/att1_teacher__best.pt
opp std mean: 2.5840957164764404
opp mix usage: def0_full=0.47, def0_weak=0.35, def0_very_weak=0.18
[update 00130] R_def_mean=+0.000  R_att_mean=+10.591  (batch=262144)
   [att] |mu|_mean=5.181e+00  std_mean=2.584e+00  prior_blend_def=0.000
   mean arena radius ≈ 20.000 m
   timing: rollout=8.027s  optim=0.348s  total=8.375s  steps/s=31299.8
   approx true <||p1-center||> ≈ 10.727
   approx true <||p2-center||> ≈ 10.745
   approx belief <||p2-center||> ≈ 10.893
   EKF RMS pos err: def->att=0.646, att->def=0.661
   meas_innov_mean=2.254e-04,  trPpos_mean=1.035e+00
[checkpoint] new best R_att_mean=+13.441 at update 140 -> Training_Policy_0.5u_1.5vmax_1.0_icVmax_KF_ON/att1_teacher__best.pt
opp std mean: 2.5840957164764404
opp mix usage: def0_full=0.52, def0_weak=0.34, def0_very_weak=0.14
[update 00140] R_def_mean=+0.000  R_att_mean=+13.441  (batch=262144)
   [att] |mu|_mean=5.110e+00  std_mean=2.584e+00  prior_blend_def=0.000
   mean arena radius ≈ 20.000 m
   timing: rollout=8.080s  optim=0.335s  total=8.415s  steps/s=31153.6
   approx true <||p1-center||> ≈ 10.771
   approx true <||p2-center||> ≈ 10.955
   approx belief <||p2-center||> ≈ 11.100
   EKF RMS pos err: def->att=0.658, att->def=0.673
   meas_innov_mean=2.715e-04,  trPpos_mean=1.093e+00
[checkpoint] new best R_att_mean=+15.716 at update 150 -> Training_Policy_0.5u_1.5vmax_1.0_icVmax_KF_ON/att1_teacher__best.pt
opp std mean: 2.5840957164764404
opp mix usage: def0_full=0.57, def0_weak=0.29, def0_very_weak=0.14
[update 00150] R_def_mean=+0.000  R_att_mean=+15.716  (batch=262144)
   [att] |mu|_mean=4.941e+00  std_mean=2.584e+00  prior_blend_def=0.000
   mean arena radius ≈ 20.000 m
   timing: rollout=8.200s  optim=0.377s  total=8.577s  steps/s=30565.1
   approx true <||p1-center||> ≈ 10.734
   approx true <||p2-center||> ≈ 11.251
   approx belief <||p2-center||> ≈ 11.402
   EKF RMS pos err: def->att=0.678, att->def=0.702
   meas_innov_mean=2.859e-04,  trPpos_mean=1.142e+00
[checkpoint] new best R_att_mean=+22.402 at update 160 -> Training_Policy_0.5u_1.5vmax_1.0_icVmax_KF_ON/att1_teacher__best.pt
opp std mean: 2.5840957164764404
opp mix usage: def0_full=0.57, def0_weak=0.29, def0_very_weak=0.14
[update 00160] R_def_mean=+0.000  R_att_mean=+22.402  (batch=262144)
   [att] |mu|_mean=5.107e+00  std_mean=2.584e+00  prior_blend_def=0.000
   mean arena radius ≈ 20.000 m
   timing: rollout=8.072s  optim=0.327s  total=8.399s  steps/s=31211.3
   approx true <||p1-center||> ≈ 10.677
   approx true <||p2-center||> ≈ 11.005
   approx belief <||p2-center||> ≈ 11.155
   EKF RMS pos err: def->att=0.674, att->def=0.695
   meas_innov_mean=2.422e-04,  trPpos_mean=1.179e+00
opp std mean: 2.5840957164764404
opp mix usage: def0_full=0.64, def0_weak=0.25, def0_very_weak=0.12
[update 00170] R_def_mean=+0.000  R_att_mean=+21.902  (batch=262144)
   [att] |mu|_mean=5.207e+00  std_mean=2.584e+00  prior_blend_def=0.000
   mean arena radius ≈ 20.000 m
   timing: rollout=8.103s  optim=0.381s  total=8.484s  steps/s=30898.8
   approx true <||p1-center||> ≈ 10.224
   approx true <||p2-center||> ≈ 10.696
   approx belief <||p2-center||> ≈ 10.842
   EKF RMS pos err: def->att=0.664, att->def=0.675
   meas_innov_mean=3.703e-04,  trPpos_mean=1.086e+00
[checkpoint] new best R_att_mean=+34.886 at update 180 -> Training_Policy_0.5u_1.5vmax_1.0_icVmax_KF_ON/att1_teacher__best.pt
opp std mean: 2.5840957164764404
opp mix usage: def0_full=0.57, def0_weak=0.28, def0_very_weak=0.15
[update 00180] R_def_mean=+0.000  R_att_mean=+34.886  (batch=262144)
   [att] |mu|_mean=5.338e+00  std_mean=2.584e+00  prior_blend_def=0.000
   mean arena radius ≈ 20.000 m
   timing: rollout=8.114s  optim=0.328s  total=8.442s  steps/s=31051.2
   approx true <||p1-center||> ≈ 10.405
   approx true <||p2-center||> ≈ 10.856
   approx belief <||p2-center||> ≈ 11.017
   EKF RMS pos err: def->att=0.720, att->def=0.726
   meas_innov_mean=2.666e-04,  trPpos_mean=1.269e+00
[checkpoint] new best R_att_mean=+38.722 at update 190 -> Training_Policy_0.5u_1.5vmax_1.0_icVmax_KF_ON/att1_teacher__best.pt
opp std mean: 2.5840957164764404
opp mix usage: def0_full=0.56, def0_weak=0.28, def0_very_weak=0.16
[update 00190] R_def_mean=+0.000  R_att_mean=+38.722  (batch=262144)
   [att] |mu|_mean=5.343e+00  std_mean=2.584e+00  prior_blend_def=0.000
   mean arena radius ≈ 20.000 m
   timing: rollout=8.092s  optim=0.328s  total=8.420s  steps/s=31131.7
   approx true <||p1-center||> ≈ 10.656
   approx true <||p2-center||> ≈ 10.947
   approx belief <||p2-center||> ≈ 11.107
   EKF RMS pos err: def->att=0.723, att->def=0.745
   meas_innov_mean=2.187e-04,  trPpos_mean=1.314e+00
[checkpoint] new best R_att_mean=+39.755 at update 200 -> Training_Policy_0.5u_1.5vmax_1.0_icVmax_KF_ON/att1_teacher__best.pt
opp std mean: 2.5840957164764404
opp mix usage: def0_full=0.59, def0_weak=0.27, def0_very_weak=0.14
[update 00200] R_def_mean=+0.000  R_att_mean=+39.755  (batch=262144)
   [att] |mu|_mean=5.331e+00  std_mean=2.584e+00  prior_blend_def=0.000
   mean arena radius ≈ 20.000 m
   timing: rollout=8.075s  optim=0.327s  total=8.401s  steps/s=31203.0
   approx true <||p1-center||> ≈ 10.487
   approx true <||p2-center||> ≈ 10.932
   approx belief <||p2-center||> ≈ 11.103
   EKF RMS pos err: def->att=0.722, att->def=0.720
   meas_innov_mean=3.484e-04,  trPpos_mean=1.297e+00
[checkpoint] new best R_att_mean=+47.983 at update 210 -> Training_Policy_0.5u_1.5vmax_1.0_icVmax_KF_ON/att1_teacher__best.pt
opp std mean: 2.5840957164764404
opp mix usage: def0_full=0.58, def0_weak=0.27, def0_very_weak=0.15
[update 00210] R_def_mean=+0.000  R_att_mean=+47.983  (batch=262144)
   [att] |mu|_mean=5.520e+00  std_mean=2.584e+00  prior_blend_def=0.000
   mean arena radius ≈ 20.000 m
   timing: rollout=8.064s  optim=0.342s  total=8.407s  steps/s=31183.4
   approx true <||p1-center||> ≈ 10.382
   approx true <||p2-center||> ≈ 10.583
   approx belief <||p2-center||> ≈ 10.758
   EKF RMS pos err: def->att=0.731, att->def=0.720
   meas_innov_mean=2.786e-04,  trPpos_mean=1.307e+00
[checkpoint] new best R_att_mean=+49.810 at update 220 -> Training_Policy_0.5u_1.5vmax_1.0_icVmax_KF_ON/att1_teacher__best.pt
opp std mean: 2.5840957164764404
opp mix usage: def0_full=0.59, def0_weak=0.25, def0_very_weak=0.16
[update 00220] R_def_mean=+0.000  R_att_mean=+49.810  (batch=262144)
   [att] |mu|_mean=5.633e+00  std_mean=2.584e+00  prior_blend_def=0.000
   mean arena radius ≈ 20.000 m
   timing: rollout=8.085s  optim=0.380s  total=8.466s  steps/s=30966.1
   approx true <||p1-center||> ≈ 10.258
   approx true <||p2-center||> ≈ 10.406
   approx belief <||p2-center||> ≈ 10.557
   EKF RMS pos err: def->att=0.707, att->def=0.713
   meas_innov_mean=2.318e-04,  trPpos_mean=1.252e+00
[checkpoint] new best R_att_mean=+53.818 at update 230 -> Training_Policy_0.5u_1.5vmax_1.0_icVmax_KF_ON/att1_teacher__best.pt
opp std mean: 2.5840957164764404
opp mix usage: def0_full=0.57, def0_weak=0.28, def0_very_weak=0.15
[update 00230] R_def_mean=+0.000  R_att_mean=+53.818  (batch=262144)
   [att] |mu|_mean=5.674e+00  std_mean=2.584e+00  prior_blend_def=0.000
   mean arena radius ≈ 20.000 m
   timing: rollout=8.093s  optim=0.370s  total=8.463s  steps/s=30973.8
   approx true <||p1-center||> ≈ 10.329
   approx true <||p2-center||> ≈ 10.406
   approx belief <||p2-center||> ≈ 10.578
   EKF RMS pos err: def->att=0.747, att->def=0.753
   meas_innov_mean=2.911e-04,  trPpos_mean=1.358e+00
[checkpoint] new best R_att_mean=+57.286 at update 240 -> Training_Policy_0.5u_1.5vmax_1.0_icVmax_KF_ON/att1_teacher__best.pt
opp std mean: 2.5840957164764404
opp mix usage: def0_full=0.57, def0_weak=0.28, def0_very_weak=0.16
[update 00240] R_def_mean=+0.000  R_att_mean=+57.286  (batch=262144)
   [att] |mu|_mean=5.775e+00  std_mean=2.584e+00  prior_blend_def=0.000
   mean arena radius ≈ 20.000 m
   timing: rollout=8.111s  optim=0.338s  total=8.449s  steps/s=31025.3
   approx true <||p1-center||> ≈ 10.118
   approx true <||p2-center||> ≈ 10.171
   approx belief <||p2-center||> ≈ 10.328
   EKF RMS pos err: def->att=0.727, att->def=0.761
   meas_innov_mean=3.729e-04,  trPpos_mean=1.346e+00
[checkpoint] new best R_att_mean=+58.858 at update 250 -> Training_Policy_0.5u_1.5vmax_1.0_icVmax_KF_ON/att1_teacher__best.pt
opp std mean: 2.5840957164764404
opp mix usage: def0_full=0.57, def0_weak=0.28, def0_very_weak=0.15
[update 00250] R_def_mean=+0.000  R_att_mean=+58.858  (batch=262144)
   [att] |mu|_mean=5.797e+00  std_mean=2.584e+00  prior_blend_def=0.000
   mean arena radius ≈ 20.000 m
   timing: rollout=8.133s  optim=0.418s  total=8.552s  steps/s=30654.3
   approx true <||p1-center||> ≈ 10.127
   approx true <||p2-center||> ≈ 10.169
   approx belief <||p2-center||> ≈ 10.327
   EKF RMS pos err: def->att=0.734, att->def=0.754
   meas_innov_mean=2.574e-04,  trPpos_mean=1.375e+00
[checkpoint] new best R_att_mean=+62.106 at update 260 -> Training_Policy_0.5u_1.5vmax_1.0_icVmax_KF_ON/att1_teacher__best.pt
opp std mean: 2.5840957164764404
opp mix usage: def0_full=0.56, def0_weak=0.29, def0_very_weak=0.15
[update 00260] R_def_mean=+0.000  R_att_mean=+62.106  (batch=262144)
   [att] |mu|_mean=5.907e+00  std_mean=2.584e+00  prior_blend_def=0.000
   mean arena radius ≈ 20.000 m
   timing: rollout=8.169s  optim=0.328s  total=8.497s  steps/s=30851.6
   approx true <||p1-center||> ≈ 10.186
   approx true <||p2-center||> ≈ 10.022
   approx belief <||p2-center||> ≈ 10.201
   EKF RMS pos err: def->att=0.779, att->def=0.745
   meas_innov_mean=3.418e-04,  trPpos_mean=1.387e+00
opp std mean: 2.5840957164764404
opp mix usage: def0_full=0.59, def0_weak=0.26, def0_very_weak=0.15
[update 00270] R_def_mean=+0.000  R_att_mean=+59.756  (batch=262144)
   [att] |mu|_mean=5.822e+00  std_mean=2.584e+00  prior_blend_def=0.000
   mean arena radius ≈ 20.000 m
   timing: rollout=8.142s  optim=0.331s  total=8.473s  steps/s=30939.7
   approx true <||p1-center||> ≈ 10.071
   approx true <||p2-center||> ≈ 10.033
   approx belief <||p2-center||> ≈ 10.202
   EKF RMS pos err: def->att=0.726, att->def=0.766
   meas_innov_mean=2.233e-04,  trPpos_mean=1.347e+00
[checkpoint] new best R_att_mean=+62.555 at update 280 -> Training_Policy_0.5u_1.5vmax_1.0_icVmax_KF_ON/att1_teacher__best.pt
opp std mean: 2.5840957164764404
opp mix usage: def0_full=0.59, def0_weak=0.26, def0_very_weak=0.16
[update 00280] R_def_mean=+0.000  R_att_mean=+62.555  (batch=262144)
   [att] |mu|_mean=5.842e+00  std_mean=2.584e+00  prior_blend_def=0.000
   mean arena radius ≈ 20.000 m
   timing: rollout=7.906s  optim=0.318s  total=8.225s  steps/s=31871.9
   approx true <||p1-center||> ≈ 10.142
   approx true <||p2-center||> ≈ 10.088
   approx belief <||p2-center||> ≈ 10.265
   EKF RMS pos err: def->att=0.740, att->def=0.755
   meas_innov_mean=2.746e-04,  trPpos_mean=1.358e+00
opp std mean: 2.5840957164764404
opp mix usage: def0_full=0.58, def0_weak=0.26, def0_very_weak=0.16
[update 00290] R_def_mean=+0.000  R_att_mean=+61.169  (batch=262144)
   [att] |mu|_mean=5.839e+00  std_mean=2.584e+00  prior_blend_def=0.000
   mean arena radius ≈ 20.000 m
   timing: rollout=7.873s  optim=0.319s  total=8.192s  steps/s=32001.8
   approx true <||p1-center||> ≈ 10.166
   approx true <||p2-center||> ≈ 10.094
   approx belief <||p2-center||> ≈ 10.257
   EKF RMS pos err: def->att=0.730, att->def=0.726
   meas_innov_mean=5.080e-04,  trPpos_mean=1.296e+00
opp std mean: 2.5840957164764404
opp mix usage: def0_full=0.58, def0_weak=0.26, def0_very_weak=0.16
[update 00300] R_def_mean=+0.000  R_att_mean=+61.626  (batch=262144)
   [att] |mu|_mean=5.824e+00  std_mean=2.584e+00  prior_blend_def=0.000
   mean arena radius ≈ 20.000 m
   timing: rollout=7.917s  optim=0.328s  total=8.245s  steps/s=31795.2
   approx true <||p1-center||> ≈ 10.151
   approx true <||p2-center||> ≈ 10.037
   approx belief <||p2-center||> ≈ 10.192
   EKF RMS pos err: def->att=0.734, att->def=0.755
   meas_innov_mean=2.585e-04,  trPpos_mean=1.365e+00
[checkpoint] new best R_att_mean=+62.909 at update 310 -> Training_Policy_0.5u_1.5vmax_1.0_icVmax_KF_ON/att1_teacher__best.pt
opp std mean: 2.5840957164764404
opp mix usage: def0_full=0.59, def0_weak=0.27, def0_very_weak=0.14
[update 00310] R_def_mean=+0.000  R_att_mean=+62.909  (batch=262144)
   [att] |mu|_mean=5.853e+00  std_mean=2.584e+00  prior_blend_def=0.000
   mean arena radius ≈ 20.000 m
   timing: rollout=7.891s  optim=0.313s  total=8.204s  steps/s=31953.2
   approx true <||p1-center||> ≈ 10.050
   approx true <||p2-center||> ≈ 9.973
   approx belief <||p2-center||> ≈ 10.147
   EKF RMS pos err: def->att=0.749, att->def=0.751
   meas_innov_mean=3.155e-04,  trPpos_mean=1.388e+00
[checkpoint] new best R_att_mean=+65.182 at update 320 -> Training_Policy_0.5u_1.5vmax_1.0_icVmax_KF_ON/att1_teacher__best.pt
opp std mean: 2.5840957164764404
opp mix usage: def0_full=0.58, def0_weak=0.26, def0_very_weak=0.16
[update 00320] R_def_mean=+0.000  R_att_mean=+65.182  (batch=262144)
   [att] |mu|_mean=5.896e+00  std_mean=2.584e+00  prior_blend_def=0.000
   mean arena radius ≈ 20.000 m
   timing: rollout=7.873s  optim=0.321s  total=8.194s  steps/s=31990.5
   approx true <||p1-center||> ≈ 10.144
   approx true <||p2-center||> ≈ 9.964
   approx belief <||p2-center||> ≈ 10.136
   EKF RMS pos err: def->att=0.747, att->def=0.749
   meas_innov_mean=3.147e-04,  trPpos_mean=1.392e+00
opp std mean: 2.5840957164764404
opp mix usage: def0_full=0.56, def0_weak=0.27, def0_very_weak=0.16
[update 00330] R_def_mean=+0.000  R_att_mean=+65.113  (batch=262144)
   [att] |mu|_mean=5.849e+00  std_mean=2.584e+00  prior_blend_def=0.000
   mean arena radius ≈ 20.000 m
   timing: rollout=7.889s  optim=0.306s  total=8.195s  steps/s=31986.6
   approx true <||p1-center||> ≈ 10.176
   approx true <||p2-center||> ≈ 10.005
   approx belief <||p2-center||> ≈ 10.192
   EKF RMS pos err: def->att=0.752, att->def=0.761
   meas_innov_mean=2.240e-04,  trPpos_mean=1.400e+00
opp std mean: 2.5840957164764404
opp mix usage: def0_full=0.57, def0_weak=0.27, def0_very_weak=0.16
[update 00340] R_def_mean=+0.000  R_att_mean=+64.544  (batch=262144)
   [att] |mu|_mean=5.860e+00  std_mean=2.584e+00  prior_blend_def=0.000
   mean arena radius ≈ 20.000 m
   timing: rollout=7.880s  optim=0.326s  total=8.206s  steps/s=31944.0
   approx true <||p1-center||> ≈ 10.208
   approx true <||p2-center||> ≈ 10.055
   approx belief <||p2-center||> ≈ 10.229
   EKF RMS pos err: def->att=0.743, att->def=0.775
   meas_innov_mean=2.817e-04,  trPpos_mean=1.430e+00
[checkpoint] new best R_att_mean=+65.252 at update 350 -> Training_Policy_0.5u_1.5vmax_1.0_icVmax_KF_ON/att1_teacher__best.pt
opp std mean: 2.5840957164764404
opp mix usage: def0_full=0.58, def0_weak=0.26, def0_very_weak=0.16
[update 00350] R_def_mean=+0.000  R_att_mean=+65.252  (batch=262144)
   [att] |mu|_mean=5.835e+00  std_mean=2.584e+00  prior_blend_def=0.000
   mean arena radius ≈ 20.000 m
   timing: rollout=7.877s  optim=0.308s  total=8.185s  steps/s=32026.5
   approx true <||p1-center||> ≈ 10.161
   approx true <||p2-center||> ≈ 10.015
   approx belief <||p2-center||> ≈ 10.192
   EKF RMS pos err: def->att=0.751, att->def=0.768
   meas_innov_mean=2.900e-04,  trPpos_mean=1.447e+00
[checkpoint] new best R_att_mean=+66.429 at update 360 -> Training_Policy_0.5u_1.5vmax_1.0_icVmax_KF_ON/att1_teacher__best.pt
opp std mean: 2.5840957164764404
opp mix usage: def0_full=0.57, def0_weak=0.27, def0_very_weak=0.16
[update 00360] R_def_mean=+0.000  R_att_mean=+66.429  (batch=262144)
   [att] |mu|_mean=5.861e+00  std_mean=2.584e+00  prior_blend_def=0.000
   mean arena radius ≈ 20.000 m
   timing: rollout=7.877s  optim=0.320s  total=8.197s  steps/s=31980.6
   approx true <||p1-center||> ≈ 10.224
   approx true <||p2-center||> ≈ 9.984
   approx belief <||p2-center||> ≈ 10.163
   EKF RMS pos err: def->att=0.757, att->def=0.776
   meas_innov_mean=3.719e-04,  trPpos_mean=1.418e+00
opp std mean: 2.5840957164764404
opp mix usage: def0_full=0.58, def0_weak=0.27, def0_very_weak=0.15
[update 00370] R_def_mean=+0.000  R_att_mean=+66.396  (batch=262144)
   [att] |mu|_mean=5.854e+00  std_mean=2.584e+00  prior_blend_def=0.000
   mean arena radius ≈ 20.000 m
   timing: rollout=7.929s  optim=0.317s  total=8.246s  steps/s=31790.3
   approx true <||p1-center||> ≈ 10.155
   approx true <||p2-center||> ≈ 10.017
   approx belief <||p2-center||> ≈ 10.195
   EKF RMS pos err: def->att=0.761, att->def=0.773
   meas_innov_mean=4.436e-04,  trPpos_mean=1.448e+00
[checkpoint] new best R_att_mean=+67.322 at update 380 -> Training_Policy_0.5u_1.5vmax_1.0_icVmax_KF_ON/att1_teacher__best.pt
opp std mean: 2.5840957164764404
opp mix usage: def0_full=0.56, def0_weak=0.28, def0_very_weak=0.16
[update 00380] R_def_mean=+0.000  R_att_mean=+67.322  (batch=262144)
   [att] |mu|_mean=5.912e+00  std_mean=2.584e+00  prior_blend_def=0.000
   mean arena radius ≈ 20.000 m
   timing: rollout=7.897s  optim=0.320s  total=8.217s  steps/s=31901.4
   approx true <||p1-center||> ≈ 10.211
   approx true <||p2-center||> ≈ 10.025
   approx belief <||p2-center||> ≈ 10.208
   EKF RMS pos err: def->att=0.774, att->def=0.788
   meas_innov_mean=2.425e-04,  trPpos_mean=1.465e+00
[checkpoint] new best R_att_mean=+68.594 at update 390 -> Training_Policy_0.5u_1.5vmax_1.0_icVmax_KF_ON/att1_teacher__best.pt
opp std mean: 2.5840957164764404
opp mix usage: def0_full=0.55, def0_weak=0.28, def0_very_weak=0.17
[update 00390] R_def_mean=+0.000  R_att_mean=+68.594  (batch=262144)
   [att] |mu|_mean=5.854e+00  std_mean=2.584e+00  prior_blend_def=0.000
   mean arena radius ≈ 20.000 m
   timing: rollout=7.926s  optim=0.349s  total=8.275s  steps/s=31680.7
   approx true <||p1-center||> ≈ 10.075
   approx true <||p2-center||> ≈ 9.987
   approx belief <||p2-center||> ≈ 10.175
   EKF RMS pos err: def->att=0.782, att->def=0.801
   meas_innov_mean=2.602e-04,  trPpos_mean=1.509e+00
[checkpoint] new best R_att_mean=+69.774 at update 400 -> Training_Policy_0.5u_1.5vmax_1.0_icVmax_KF_ON/att1_teacher__best.pt
opp std mean: 2.5840957164764404
opp mix usage: def0_full=0.53, def0_weak=0.30, def0_very_weak=0.17
[update 00400] R_def_mean=+0.000  R_att_mean=+69.774  (batch=262144)
   [att] |mu|_mean=6.006e+00  std_mean=2.584e+00  prior_blend_def=0.000
   mean arena radius ≈ 20.000 m
   timing: rollout=7.929s  optim=0.313s  total=8.241s  steps/s=31808.0
   approx true <||p1-center||> ≈ 10.210
   approx true <||p2-center||> ≈ 9.994
   approx belief <||p2-center||> ≈ 10.159
   EKF RMS pos err: def->att=0.752, att->def=0.757
   meas_innov_mean=2.407e-04,  trPpos_mean=1.415e+00
opp std mean: 2.5840957164764404
opp mix usage: def0_full=0.57, def0_weak=0.27, def0_very_weak=0.16
[update 00410] R_def_mean=+0.000  R_att_mean=+67.411  (batch=262144)
   [att] |mu|_mean=5.869e+00  std_mean=2.584e+00  prior_blend_def=0.000
   mean arena radius ≈ 20.000 m
   timing: rollout=7.899s  optim=0.315s  total=8.214s  steps/s=31913.7
   approx true <||p1-center||> ≈ 10.085
   approx true <||p2-center||> ≈ 9.968
   approx belief <||p2-center||> ≈ 10.151
   EKF RMS pos err: def->att=0.772, att->def=0.783
   meas_innov_mean=2.657e-04,  trPpos_mean=1.447e+00
opp std mean: 2.5840957164764404
opp mix usage: def0_full=0.55, def0_weak=0.28, def0_very_weak=0.18
[update 00420] R_def_mean=+0.000  R_att_mean=+68.146  (batch=262144)
   [att] |mu|_mean=5.952e+00  std_mean=2.584e+00  prior_blend_def=0.000
   mean arena radius ≈ 20.000 m
   timing: rollout=7.945s  optim=0.310s  total=8.255s  steps/s=31756.4
   approx true <||p1-center||> ≈ 10.268
   approx true <||p2-center||> ≈ 9.899
   approx belief <||p2-center||> ≈ 10.067
   EKF RMS pos err: def->att=0.750, att->def=0.764
   meas_innov_mean=2.847e-04,  trPpos_mean=1.412e+00
opp std mean: 2.5840957164764404
opp mix usage: def0_full=0.58, def0_weak=0.27, def0_very_weak=0.16
[update 00430] R_def_mean=+0.000  R_att_mean=+67.576  (batch=262144)
   [att] |mu|_mean=5.895e+00  std_mean=2.584e+00  prior_blend_def=0.000
   mean arena radius ≈ 20.000 m
   timing: rollout=7.899s  optim=0.324s  total=8.223s  steps/s=31878.6
   approx true <||p1-center||> ≈ 10.197
   approx true <||p2-center||> ≈ 9.928
   approx belief <||p2-center||> ≈ 10.097
   EKF RMS pos err: def->att=0.753, att->def=0.785
   meas_innov_mean=2.766e-04,  trPpos_mean=1.478e+00
opp std mean: 2.5840957164764404
opp mix usage: def0_full=0.56, def0_weak=0.27, def0_very_weak=0.16
[update 00440] R_def_mean=+0.000  R_att_mean=+68.689  (batch=262144)
   [att] |mu|_mean=5.853e+00  std_mean=2.584e+00  prior_blend_def=0.000
   mean arena radius ≈ 20.000 m
   timing: rollout=7.907s  optim=0.316s  total=8.223s  steps/s=31878.9
   approx true <||p1-center||> ≈ 10.111
   approx true <||p2-center||> ≈ 9.929
   approx belief <||p2-center||> ≈ 10.102
   EKF RMS pos err: def->att=0.754, att->def=0.782
   meas_innov_mean=2.226e-04,  trPpos_mean=1.494e+00
opp std mean: 2.5840957164764404
opp mix usage: def0_full=0.56, def0_weak=0.28, def0_very_weak=0.16
[update 00450] R_def_mean=+0.000  R_att_mean=+69.312  (batch=262144)
   [att] |mu|_mean=5.951e+00  std_mean=2.584e+00  prior_blend_def=0.000
   mean arena radius ≈ 20.000 m
   timing: rollout=7.908s  optim=0.366s  total=8.274s  steps/s=31682.8
   approx true <||p1-center||> ≈ 10.217
   approx true <||p2-center||> ≈ 10.001
   approx belief <||p2-center||> ≈ 10.187
   EKF RMS pos err: def->att=0.782, att->def=0.773
   meas_innov_mean=2.846e-04,  trPpos_mean=1.499e+00
opp std mean: 2.5840957164764404
opp mix usage: def0_full=0.56, def0_weak=0.27, def0_very_weak=0.18
[update 00460] R_def_mean=+0.000  R_att_mean=+68.226  (batch=262144)
   [att] |mu|_mean=5.911e+00  std_mean=2.584e+00  prior_blend_def=0.000
   mean arena radius ≈ 20.000 m
   timing: rollout=7.906s  optim=0.314s  total=8.219s  steps/s=31893.3
   approx true <||p1-center||> ≈ 10.192
   approx true <||p2-center||> ≈ 9.988
   approx belief <||p2-center||> ≈ 10.187
   EKF RMS pos err: def->att=0.788, att->def=0.780
   meas_innov_mean=3.011e-04,  trPpos_mean=1.494e+00
[checkpoint] new best R_att_mean=+70.043 at update 470 -> Training_Policy_0.5u_1.5vmax_1.0_icVmax_KF_ON/att1_teacher__best.pt
opp std mean: 2.5840957164764404
opp mix usage: def0_full=0.56, def0_weak=0.28, def0_very_weak=0.16
[update 00470] R_def_mean=+0.000  R_att_mean=+70.043  (batch=262144)
   [att] |mu|_mean=5.907e+00  std_mean=2.584e+00  prior_blend_def=0.000
   mean arena radius ≈ 20.000 m
   timing: rollout=7.911s  optim=0.325s  total=8.236s  steps/s=31828.8
   approx true <||p1-center||> ≈ 10.057
   approx true <||p2-center||> ≈ 9.923
   approx belief <||p2-center||> ≈ 10.120
   EKF RMS pos err: def->att=0.777, att->def=0.790
   meas_innov_mean=2.834e-04,  trPpos_mean=1.481e+00
[checkpoint] new best R_att_mean=+70.063 at update 480 -> Training_Policy_0.5u_1.5vmax_1.0_icVmax_KF_ON/att1_teacher__best.pt
opp std mean: 2.5840957164764404
opp mix usage: def0_full=0.55, def0_weak=0.29, def0_very_weak=0.16
[update 00480] R_def_mean=+0.000  R_att_mean=+70.063  (batch=262144)
   [att] |mu|_mean=5.976e+00  std_mean=2.584e+00  prior_blend_def=0.000
   mean arena radius ≈ 20.000 m
   timing: rollout=7.932s  optim=0.313s  total=8.245s  steps/s=31794.7
   approx true <||p1-center||> ≈ 10.189
   approx true <||p2-center||> ≈ 9.938
   approx belief <||p2-center||> ≈ 10.111
   EKF RMS pos err: def->att=0.760, att->def=0.774
   meas_innov_mean=2.985e-04,  trPpos_mean=1.440e+00
opp std mean: 2.5840957164764404
opp mix usage: def0_full=0.56, def0_weak=0.28, def0_very_weak=0.16
[update 00490] R_def_mean=+0.000  R_att_mean=+68.912  (batch=262144)
   [att] |mu|_mean=5.933e+00  std_mean=2.584e+00  prior_blend_def=0.000
   mean arena radius ≈ 20.000 m
   timing: rollout=7.931s  optim=0.321s  total=8.252s  steps/s=31766.5
   approx true <||p1-center||> ≈ 10.213
   approx true <||p2-center||> ≈ 9.935
   approx belief <||p2-center||> ≈ 10.122
   EKF RMS pos err: def->att=0.778, att->def=0.799
   meas_innov_mean=2.676e-04,  trPpos_mean=1.473e+00
opp std mean: 2.5840957164764404
opp mix usage: def0_full=0.56, def0_weak=0.27, def0_very_weak=0.17
[update 00500] R_def_mean=+0.000  R_att_mean=+65.889  (batch=262144)
   [att] |mu|_mean=5.869e+00  std_mean=2.584e+00  prior_blend_def=0.000
   mean arena radius ≈ 20.000 m
   timing: rollout=7.944s  optim=0.321s  total=8.265s  steps/s=31716.6
   approx true <||p1-center||> ≈ 10.090
   approx true <||p2-center||> ≈ 9.978
   approx belief <||p2-center||> ≈ 10.177
   EKF RMS pos err: def->att=0.781, att->def=0.782
   meas_innov_mean=2.557e-04,  trPpos_mean=1.451e+00
opp std mean: 2.5840957164764404
opp mix usage: def0_full=0.56, def0_weak=0.26, def0_very_weak=0.17
[update 00510] R_def_mean=+0.000  R_att_mean=+66.152  (batch=262144)
   [att] |mu|_mean=5.902e+00  std_mean=2.584e+00  prior_blend_def=0.000
   mean arena radius ≈ 20.000 m
   timing: rollout=7.937s  optim=0.323s  total=8.260s  steps/s=31736.3
   approx true <||p1-center||> ≈ 10.109
   approx true <||p2-center||> ≈ 9.992
   approx belief <||p2-center||> ≈ 10.180
   EKF RMS pos err: def->att=0.769, att->def=0.789
   meas_innov_mean=2.620e-04,  trPpos_mean=1.473e+00
opp std mean: 2.5840957164764404
opp mix usage: def0_full=0.54, def0_weak=0.29, def0_very_weak=0.18
[update 00520] R_def_mean=+0.000  R_att_mean=+61.976  (batch=262144)
   [att] |mu|_mean=5.911e+00  std_mean=2.584e+00  prior_blend_def=0.000
   mean arena radius ≈ 20.000 m
   timing: rollout=7.909s  optim=0.347s  total=8.256s  steps/s=31753.0
   approx true <||p1-center||> ≈ 10.153
   approx true <||p2-center||> ≈ 9.988
   approx belief <||p2-center||> ≈ 10.168
   EKF RMS pos err: def->att=0.773, att->def=0.786
   meas_innov_mean=2.381e-04,  trPpos_mean=1.501e+00
opp std mean: 2.5840957164764404
opp mix usage: def0_full=0.54, def0_weak=0.29, def0_very_weak=0.17
[update 00530] R_def_mean=+0.000  R_att_mean=+57.532  (batch=262144)
   [att] |mu|_mean=5.895e+00  std_mean=2.584e+00  prior_blend_def=0.000
   mean arena radius ≈ 20.000 m
   timing: rollout=7.956s  optim=0.321s  total=8.277s  steps/s=31670.1
   approx true <||p1-center||> ≈ 10.168
   approx true <||p2-center||> ≈ 9.988
   approx belief <||p2-center||> ≈ 10.179
   EKF RMS pos err: def->att=0.777, att->def=0.772
   meas_innov_mean=3.058e-04,  trPpos_mean=1.465e+00
opp std mean: 2.5840957164764404
opp mix usage: def0_full=0.55, def0_weak=0.29, def0_very_weak=0.17
[update 00540] R_def_mean=+0.000  R_att_mean=+56.905  (batch=262144)
   [att] |mu|_mean=5.838e+00  std_mean=2.584e+00  prior_blend_def=0.000
   mean arena radius ≈ 20.000 m
   timing: rollout=7.965s  optim=0.319s  total=8.284s  steps/s=31645.4
   approx true <||p1-center||> ≈ 10.229
   approx true <||p2-center||> ≈ 10.064
   approx belief <||p2-center||> ≈ 10.256
   EKF RMS pos err: def->att=0.772, att->def=0.799
   meas_innov_mean=2.440e-04,  trPpos_mean=1.514e+00
opp std mean: 2.5840957164764404
opp mix usage: def0_full=0.54, def0_weak=0.28, def0_very_weak=0.18
[update 00550] R_def_mean=+0.000  R_att_mean=+54.005  (batch=262144)
   [att] |mu|_mean=5.804e+00  std_mean=2.584e+00  prior_blend_def=0.000
   mean arena radius ≈ 20.000 m
   timing: rollout=7.932s  optim=0.322s  total=8.254s  steps/s=31760.8
   approx true <||p1-center||> ≈ 10.238
   approx true <||p2-center||> ≈ 10.199
   approx belief <||p2-center||> ≈ 10.400
   EKF RMS pos err: def->att=0.778, att->def=0.794
   meas_innov_mean=2.565e-04,  trPpos_mean=1.482e+00
opp std mean: 2.5840957164764404
opp mix usage: def0_full=0.54, def0_weak=0.29, def0_very_weak=0.17
[update 00560] R_def_mean=+0.000  R_att_mean=+57.319  (batch=262144)
   [att] |mu|_mean=5.821e+00  std_mean=2.584e+00  prior_blend_def=0.000
   mean arena radius ≈ 20.000 m
   timing: rollout=7.932s  optim=0.320s  total=8.251s  steps/s=31769.4
   approx true <||p1-center||> ≈ 10.436
   approx true <||p2-center||> ≈ 10.191
   approx belief <||p2-center||> ≈ 10.374
   EKF RMS pos err: def->att=0.783, att->def=0.787
   meas_innov_mean=3.003e-04,  trPpos_mean=1.534e+00
opp std mean: 2.5840957164764404
opp mix usage: def0_full=0.54, def0_weak=0.28, def0_very_weak=0.17
[update 00570] R_def_mean=+0.000  R_att_mean=+57.515  (batch=262144)
   [att] |mu|_mean=5.777e+00  std_mean=2.584e+00  prior_blend_def=0.000
   mean arena radius ≈ 20.000 m
   timing: rollout=7.927s  optim=0.334s  total=8.261s  steps/s=31731.4
   approx true <||p1-center||> ≈ 10.241
   approx true <||p2-center||> ≈ 10.222
   approx belief <||p2-center||> ≈ 10.395
   EKF RMS pos err: def->att=0.770, att->def=0.807
   meas_innov_mean=2.319e-04,  trPpos_mean=1.531e+00
opp std mean: 2.5840957164764404
opp mix usage: def0_full=0.55, def0_weak=0.29, def0_very_weak=0.16
[update 00580] R_def_mean=+0.000  R_att_mean=+56.201  (batch=262144)
   [att] |mu|_mean=5.784e+00  std_mean=2.584e+00  prior_blend_def=0.000
   mean arena radius ≈ 20.000 m
   timing: rollout=7.953s  optim=0.319s  total=8.272s  steps/s=31689.4
   approx true <||p1-center||> ≈ 10.250
   approx true <||p2-center||> ≈ 10.186
   approx belief <||p2-center||> ≈ 10.361
   EKF RMS pos err: def->att=0.781, att->def=0.795
   meas_innov_mean=2.499e-04,  trPpos_mean=1.480e+00
opp std mean: 2.5840957164764404
opp mix usage: def0_full=0.54, def0_weak=0.30, def0_very_weak=0.17
[update 00590] R_def_mean=+0.000  R_att_mean=+54.339  (batch=262144)
   [att] |mu|_mean=5.771e+00  std_mean=2.584e+00  prior_blend_def=0.000
   mean arena radius ≈ 20.000 m
   timing: rollout=7.921s  optim=0.321s  total=8.243s  steps/s=31803.2
   approx true <||p1-center||> ≈ 10.258
   approx true <||p2-center||> ≈ 10.227
   approx belief <||p2-center||> ≈ 10.403
   EKF RMS pos err: def->att=0.799, att->def=0.797
   meas_innov_mean=2.297e-04,  trPpos_mean=1.502e+00
opp std mean: 2.5840957164764404
opp mix usage: def0_full=0.53, def0_weak=0.30, def0_very_weak=0.17
[update 00600] R_def_mean=+0.000  R_att_mean=+59.940  (batch=262144)
   [att] |mu|_mean=5.822e+00  std_mean=2.584e+00  prior_blend_def=0.000
   mean arena radius ≈ 20.000 m
   timing: rollout=7.940s  optim=0.319s  total=8.260s  steps/s=31738.5
   approx true <||p1-center||> ≈ 10.345
   approx true <||p2-center||> ≈ 10.206
   approx belief <||p2-center||> ≈ 10.373
   EKF RMS pos err: def->att=0.772, att->def=0.800
   meas_innov_mean=2.735e-04,  trPpos_mean=1.540e+00
opp std mean: 2.5840957164764404
opp mix usage: def0_full=0.55, def0_weak=0.28, def0_very_weak=0.17
[update 00610] R_def_mean=+0.000  R_att_mean=+58.604  (batch=262144)
   [att] |mu|_mean=5.797e+00  std_mean=2.584e+00  prior_blend_def=0.000
   mean arena radius ≈ 20.000 m
   timing: rollout=7.968s  optim=0.320s  total=8.289s  steps/s=31627.4
   approx true <||p1-center||> ≈ 10.252
   approx true <||p2-center||> ≈ 10.247
   approx belief <||p2-center||> ≈ 10.415
   EKF RMS pos err: def->att=0.785, att->def=0.784
   meas_innov_mean=2.437e-04,  trPpos_mean=1.514e+00
opp std mean: 2.5840957164764404
opp mix usage: def0_full=0.54, def0_weak=0.28, def0_very_weak=0.18
[update 00620] R_def_mean=+0.000  R_att_mean=+57.726  (batch=262144)
   [att] |mu|_mean=5.779e+00  std_mean=2.584e+00  prior_blend_def=0.000
   mean arena radius ≈ 20.000 m
   timing: rollout=7.920s  optim=0.338s  total=8.259s  steps/s=31741.6
   approx true <||p1-center||> ≈ 10.254
   approx true <||p2-center||> ≈ 10.200
   approx belief <||p2-center||> ≈ 10.364
   EKF RMS pos err: def->att=0.777, att->def=0.804
   meas_innov_mean=2.419e-04,  trPpos_mean=1.466e+00
opp std mean: 2.5840957164764404
opp mix usage: def0_full=0.54, def0_weak=0.28, def0_very_weak=0.18
[update 00630] R_def_mean=+0.000  R_att_mean=+59.213  (batch=262144)
   [att] |mu|_mean=5.822e+00  std_mean=2.584e+00  prior_blend_def=0.000
   mean arena radius ≈ 20.000 m
   timing: rollout=7.924s  optim=0.318s  total=8.242s  steps/s=31807.7
   approx true <||p1-center||> ≈ 10.394
   approx true <||p2-center||> ≈ 10.207
   approx belief <||p2-center||> ≈ 10.388
   EKF RMS pos err: def->att=0.780, att->def=0.774
   meas_innov_mean=2.277e-04,  trPpos_mean=1.513e+00
opp std mean: 2.5840957164764404
opp mix usage: def0_full=0.53, def0_weak=0.29, def0_very_weak=0.18
[update 00640] R_def_mean=+0.000  R_att_mean=+56.815  (batch=262144)
   [att] |mu|_mean=5.772e+00  std_mean=2.584e+00  prior_blend_def=0.000
   mean arena radius ≈ 20.000 m
   timing: rollout=7.943s  optim=0.317s  total=8.260s  steps/s=31736.6
   approx true <||p1-center||> ≈ 10.313
   approx true <||p2-center||> ≈ 10.297
   approx belief <||p2-center||> ≈ 10.462
   EKF RMS pos err: def->att=0.789, att->def=0.797
   meas_innov_mean=4.891e-04,  trPpos_mean=1.491e+00
opp std mean: 2.5840957164764404
opp mix usage: def0_full=0.55, def0_weak=0.27, def0_very_weak=0.17
[update 00650] R_def_mean=+0.000  R_att_mean=+55.829  (batch=262144)
   [att] |mu|_mean=5.807e+00  std_mean=2.584e+00  prior_blend_def=0.000
   mean arena radius ≈ 20.000 m
   timing: rollout=7.941s  optim=0.333s  total=8.274s  steps/s=31683.0
   approx true <||p1-center||> ≈ 10.381
   approx true <||p2-center||> ≈ 10.283
   approx belief <||p2-center||> ≈ 10.442
   EKF RMS pos err: def->att=0.771, att->def=0.787
   meas_innov_mean=2.251e-04,  trPpos_mean=1.480e+00
opp std mean: 2.5840957164764404
opp mix usage: def0_full=0.58, def0_weak=0.26, def0_very_weak=0.16
[update 00660] R_def_mean=+0.000  R_att_mean=+59.748  (batch=262144)
   [att] |mu|_mean=5.766e+00  std_mean=2.584e+00  prior_blend_def=0.000
   mean arena radius ≈ 20.000 m
   timing: rollout=7.926s  optim=0.319s  total=8.245s  steps/s=31794.4
   approx true <||p1-center||> ≈ 10.124
   approx true <||p2-center||> ≈ 10.189
   approx belief <||p2-center||> ≈ 10.343
   EKF RMS pos err: def->att=0.755, att->def=0.765
   meas_innov_mean=2.950e-04,  trPpos_mean=1.432e+00
opp std mean: 2.5840957164764404
opp mix usage: def0_full=0.56, def0_weak=0.28, def0_very_weak=0.16
[update 00670] R_def_mean=+0.000  R_att_mean=+59.975  (batch=262144)
   [att] |mu|_mean=5.850e+00  std_mean=2.584e+00  prior_blend_def=0.000
   mean arena radius ≈ 20.000 m
   timing: rollout=7.912s  optim=0.318s  total=8.230s  steps/s=31850.6
   approx true <||p1-center||> ≈ 10.295
   approx true <||p2-center||> ≈ 10.205
   approx belief <||p2-center||> ≈ 10.359
   EKF RMS pos err: def->att=0.756, att->def=0.789
   meas_innov_mean=3.054e-04,  trPpos_mean=1.446e+00
opp std mean: 2.5840957164764404
opp mix usage: def0_full=0.54, def0_weak=0.29, def0_very_weak=0.17
[update 00680] R_def_mean=+0.000  R_att_mean=+58.450  (batch=262144)
   [att] |mu|_mean=5.802e+00  std_mean=2.584e+00  prior_blend_def=0.000
   mean arena radius ≈ 20.000 m
   timing: rollout=7.957s  optim=0.322s  total=8.280s  steps/s=31660.4
   approx true <||p1-center||> ≈ 10.282
   approx true <||p2-center||> ≈ 10.226
   approx belief <||p2-center||> ≈ 10.381
   EKF RMS pos err: def->att=0.762, att->def=0.780
   meas_innov_mean=2.357e-04,  trPpos_mean=1.464e+00
opp std mean: 2.5840957164764404
opp mix usage: def0_full=0.55, def0_weak=0.28, def0_very_weak=0.17
[update 00690] R_def_mean=+0.000  R_att_mean=+60.391  (batch=262144)
   [att] |mu|_mean=5.834e+00  std_mean=2.584e+00  prior_blend_def=0.000
   mean arena radius ≈ 20.000 m
   timing: rollout=7.944s  optim=0.320s  total=8.264s  steps/s=31721.1
   approx true <||p1-center||> ≈ 10.322
   approx true <||p2-center||> ≈ 10.241
   approx belief <||p2-center||> ≈ 10.413
   EKF RMS pos err: def->att=0.776, att->def=0.777
   meas_innov_mean=2.727e-04,  trPpos_mean=1.485e+00
opp std mean: 2.5840957164764404
opp mix usage: def0_full=0.54, def0_weak=0.30, def0_very_weak=0.16
[update 00700] R_def_mean=+0.000  R_att_mean=+56.040  (batch=262144)
   [att] |mu|_mean=5.758e+00  std_mean=2.584e+00  prior_blend_def=0.000
   mean arena radius ≈ 20.000 m
   timing: rollout=7.938s  optim=0.320s  total=8.258s  steps/s=31745.6
   approx true <||p1-center||> ≈ 10.259
   approx true <||p2-center||> ≈ 10.372
   approx belief <||p2-center||> ≈ 10.550
   EKF RMS pos err: def->att=0.794, att->def=0.810
   meas_innov_mean=3.079e-04,  trPpos_mean=1.508e+00
opp std mean: 2.5840957164764404
opp mix usage: def0_full=0.54, def0_weak=0.30, def0_very_weak=0.16
[update 00710] R_def_mean=+0.000  R_att_mean=+59.044  (batch=262144)
   [att] |mu|_mean=5.769e+00  std_mean=2.584e+00  prior_blend_def=0.000
   mean arena radius ≈ 20.000 m
   timing: rollout=7.918s  optim=0.314s  total=8.232s  steps/s=31843.9
   approx true <||p1-center||> ≈ 10.224
   approx true <||p2-center||> ≈ 10.317
   approx belief <||p2-center||> ≈ 10.489
   EKF RMS pos err: def->att=0.790, att->def=0.769
   meas_innov_mean=3.296e-04,  trPpos_mean=1.481e+00
opp std mean: 2.5840957164764404
opp mix usage: def0_full=0.56, def0_weak=0.27, def0_very_weak=0.16
[update 00720] R_def_mean=+0.000  R_att_mean=+58.384  (batch=262144)
   [att] |mu|_mean=5.792e+00  std_mean=2.584e+00  prior_blend_def=0.000
   mean arena radius ≈ 20.000 m
   timing: rollout=7.899s  optim=0.316s  total=8.214s  steps/s=31913.4
   approx true <||p1-center||> ≈ 10.208
   approx true <||p2-center||> ≈ 10.248
   approx belief <||p2-center||> ≈ 10.419
   EKF RMS pos err: def->att=0.758, att->def=0.771
   meas_innov_mean=2.372e-04,  trPpos_mean=1.442e+00
opp std mean: 2.5840957164764404
opp mix usage: def0_full=0.56, def0_weak=0.28, def0_very_weak=0.16
[update 00730] R_def_mean=+0.000  R_att_mean=+60.988  (batch=262144)
   [att] |mu|_mean=5.773e+00  std_mean=2.584e+00  prior_blend_def=0.000
   mean arena radius ≈ 20.000 m
   timing: rollout=7.925s  optim=0.336s  total=8.261s  steps/s=31731.8
   approx true <||p1-center||> ≈ 10.193
   approx true <||p2-center||> ≈ 10.261
   approx belief <||p2-center||> ≈ 10.429
   EKF RMS pos err: def->att=0.765, att->def=0.770
   meas_innov_mean=3.317e-04,  trPpos_mean=1.461e+00
opp std mean: 2.5840957164764404
opp mix usage: def0_full=0.55, def0_weak=0.27, def0_very_weak=0.17
[update 00740] R_def_mean=+0.000  R_att_mean=+61.440  (batch=262144)
   [att] |mu|_mean=5.811e+00  std_mean=2.584e+00  prior_blend_def=0.000
   mean arena radius ≈ 20.000 m
   timing: rollout=7.886s  optim=0.314s  total=8.200s  steps/s=31969.5
   approx true <||p1-center||> ≈ 10.295
   approx true <||p2-center||> ≈ 10.216
   approx belief <||p2-center||> ≈ 10.370
   EKF RMS pos err: def->att=0.753, att->def=0.760
   meas_innov_mean=2.668e-04,  trPpos_mean=1.437e+00
opp std mean: 2.5840957164764404
opp mix usage: def0_full=0.55, def0_weak=0.29, def0_very_weak=0.16
[update 00750] R_def_mean=+0.000  R_att_mean=+60.357  (batch=262144)
   [att] |mu|_mean=5.839e+00  std_mean=2.584e+00  prior_blend_def=0.000
   mean arena radius ≈ 20.000 m
   timing: rollout=7.932s  optim=0.318s  total=8.250s  steps/s=31774.2
   approx true <||p1-center||> ≈ 10.298
   approx true <||p2-center||> ≈ 10.208
   approx belief <||p2-center||> ≈ 10.368
   EKF RMS pos err: def->att=0.762, att->def=0.781
   meas_innov_mean=2.877e-04,  trPpos_mean=1.461e+00
opp std mean: 2.5840957164764404
opp mix usage: def0_full=0.58, def0_weak=0.26, def0_very_weak=0.16
[update 00760] R_def_mean=+0.000  R_att_mean=+57.606  (batch=262144)
   [att] |mu|_mean=5.780e+00  std_mean=2.584e+00  prior_blend_def=0.000
   mean arena radius ≈ 20.000 m
   timing: rollout=7.914s  optim=0.314s  total=8.228s  steps/s=31860.8
   approx true <||p1-center||> ≈ 10.115
   approx true <||p2-center||> ≈ 10.242
   approx belief <||p2-center||> ≈ 10.404
   EKF RMS pos err: def->att=0.759, att->def=0.776
   meas_innov_mean=2.357e-04,  trPpos_mean=1.442e+00
opp std mean: 2.5840957164764404
opp mix usage: def0_full=0.55, def0_weak=0.28, def0_very_weak=0.17
[update 00770] R_def_mean=+0.000  R_att_mean=+60.242  (batch=262144)
   [att] |mu|_mean=5.766e+00  std_mean=2.584e+00  prior_blend_def=0.000
   mean arena radius ≈ 20.000 m
   timing: rollout=7.904s  optim=0.320s  total=8.225s  steps/s=31871.8
   approx true <||p1-center||> ≈ 10.228
   approx true <||p2-center||> ≈ 10.213
   approx belief <||p2-center||> ≈ 10.386
   EKF RMS pos err: def->att=0.793, att->def=0.773
   meas_innov_mean=4.254e-04,  trPpos_mean=1.479e+00
opp std mean: 2.5840957164764404
opp mix usage: def0_full=0.57, def0_weak=0.27, def0_very_weak=0.16
[update 00780] R_def_mean=+0.000  R_att_mean=+60.763  (batch=262144)
   [att] |mu|_mean=5.736e+00  std_mean=2.584e+00  prior_blend_def=0.000
   mean arena radius ≈ 20.000 m
   timing: rollout=7.921s  optim=0.331s  total=8.252s  steps/s=31766.9
   approx true <||p1-center||> ≈ 10.041
   approx true <||p2-center||> ≈ 10.107
   approx belief <||p2-center||> ≈ 10.264
   EKF RMS pos err: def->att=0.753, att->def=0.770
   meas_innov_mean=2.935e-04,  trPpos_mean=1.441e+00
opp std mean: 2.5840957164764404
opp mix usage: def0_full=0.57, def0_weak=0.29, def0_very_weak=0.15
[update 00790] R_def_mean=+0.000  R_att_mean=+60.230  (batch=262144)
   [att] |mu|_mean=5.751e+00  std_mean=2.584e+00  prior_blend_def=0.000
   mean arena radius ≈ 20.000 m
   timing: rollout=7.923s  optim=0.325s  total=8.248s  steps/s=31783.5
   approx true <||p1-center||> ≈ 10.176
   approx true <||p2-center||> ≈ 10.213
   approx belief <||p2-center||> ≈ 10.377
   EKF RMS pos err: def->att=0.764, att->def=0.776
   meas_innov_mean=2.842e-04,  trPpos_mean=1.452e+00
opp std mean: 2.5840957164764404
opp mix usage: def0_full=0.53, def0_weak=0.31, def0_very_weak=0.16
[update 00800] R_def_mean=+0.000  R_att_mean=+59.095  (batch=262144)
   [att] |mu|_mean=5.791e+00  std_mean=2.584e+00  prior_blend_def=0.000
   mean arena radius ≈ 20.000 m
   timing: rollout=7.910s  optim=0.314s  total=8.224s  steps/s=31874.3
   approx true <||p1-center||> ≈ 10.261
   approx true <||p2-center||> ≈ 10.299
   approx belief <||p2-center||> ≈ 10.461
   EKF RMS pos err: def->att=0.778, att->def=0.793
   meas_innov_mean=2.926e-04,  trPpos_mean=1.489e+00
opp std mean: 2.5840957164764404
opp mix usage: def0_full=0.55, def0_weak=0.28, def0_very_weak=0.17
[update 00810] R_def_mean=+0.000  R_att_mean=+59.338  (batch=262144)
   [att] |mu|_mean=5.772e+00  std_mean=2.584e+00  prior_blend_def=0.000
   mean arena radius ≈ 20.000 m
   timing: rollout=7.956s  optim=0.325s  total=8.281s  steps/s=31655.7
   approx true <||p1-center||> ≈ 10.280
   approx true <||p2-center||> ≈ 10.218
   approx belief <||p2-center||> ≈ 10.385
   EKF RMS pos err: def->att=0.774, att->def=0.798
   meas_innov_mean=2.204e-04,  trPpos_mean=1.463e+00
opp std mean: 2.5840957164764404
opp mix usage: def0_full=0.56, def0_weak=0.27, def0_very_weak=0.17
[update 00820] R_def_mean=+0.000  R_att_mean=+60.792  (batch=262144)
   [att] |mu|_mean=5.758e+00  std_mean=2.584e+00  prior_blend_def=0.000
   mean arena radius ≈ 20.000 m
   timing: rollout=7.932s  optim=0.317s  total=8.249s  steps/s=31778.4
   approx true <||p1-center||> ≈ 10.172
   approx true <||p2-center||> ≈ 10.213
   approx belief <||p2-center||> ≈ 10.394
   EKF RMS pos err: def->att=0.775, att->def=0.786
   meas_innov_mean=2.679e-04,  trPpos_mean=1.499e+00
opp std mean: 2.5840957164764404
opp mix usage: def0_full=0.54, def0_weak=0.29, def0_very_weak=0.16
[update 00830] R_def_mean=+0.000  R_att_mean=+60.587  (batch=262144)
   [att] |mu|_mean=5.781e+00  std_mean=2.584e+00  prior_blend_def=0.000
   mean arena radius ≈ 20.000 m
   timing: rollout=7.947s  optim=0.326s  total=8.273s  steps/s=31686.0
   approx true <||p1-center||> ≈ 10.355
   approx true <||p2-center||> ≈ 10.270
   approx belief <||p2-center||> ≈ 10.436
   EKF RMS pos err: def->att=0.775, att->def=0.779
   meas_innov_mean=2.227e-04,  trPpos_mean=1.517e+00
opp std mean: 2.5840957164764404
opp mix usage: def0_full=0.55, def0_weak=0.29, def0_very_weak=0.17
[update 00840] R_def_mean=+0.000  R_att_mean=+58.211  (batch=262144)
   [att] |mu|_mean=5.781e+00  std_mean=2.584e+00  prior_blend_def=0.000
   mean arena radius ≈ 20.000 m
   timing: rollout=7.897s  optim=0.316s  total=8.213s  steps/s=31918.4
   approx true <||p1-center||> ≈ 10.273
   approx true <||p2-center||> ≈ 10.298
   approx belief <||p2-center||> ≈ 10.461
   EKF RMS pos err: def->att=0.770, att->def=0.769
   meas_innov_mean=3.562e-04,  trPpos_mean=1.459e+00
opp std mean: 2.5840957164764404
opp mix usage: def0_full=0.56, def0_weak=0.27, def0_very_weak=0.16
[update 00850] R_def_mean=+0.000  R_att_mean=+58.318  (batch=262144)
   [att] |mu|_mean=5.708e+00  std_mean=2.584e+00  prior_blend_def=0.000
   mean arena radius ≈ 20.000 m
   timing: rollout=7.903s  optim=0.315s  total=8.218s  steps/s=31899.7
   approx true <||p1-center||> ≈ 10.140
   approx true <||p2-center||> ≈ 10.288
   approx belief <||p2-center||> ≈ 10.451
   EKF RMS pos err: def->att=0.766, att->def=0.782
   meas_innov_mean=2.375e-04,  trPpos_mean=1.479e+00
opp std mean: 2.5840957164764404
opp mix usage: def0_full=0.55, def0_weak=0.29, def0_very_weak=0.16
[update 00860] R_def_mean=+0.000  R_att_mean=+59.009  (batch=262144)
   [att] |mu|_mean=5.724e+00  std_mean=2.584e+00  prior_blend_def=0.000
   mean arena radius ≈ 20.000 m
   timing: rollout=7.994s  optim=0.315s  total=8.309s  steps/s=31549.3
   approx true <||p1-center||> ≈ 10.246
   approx true <||p2-center||> ≈ 10.265
   approx belief <||p2-center||> ≈ 10.415
   EKF RMS pos err: def->att=0.757, att->def=0.788
   meas_innov_mean=3.196e-04,  trPpos_mean=1.441e+00
opp std mean: 2.5840957164764404
opp mix usage: def0_full=0.55, def0_weak=0.28, def0_very_weak=0.16
[update 00870] R_def_mean=+0.000  R_att_mean=+59.330  (batch=262144)
   [att] |mu|_mean=5.778e+00  std_mean=2.584e+00  prior_blend_def=0.000
   mean arena radius ≈ 20.000 m
   timing: rollout=7.970s  optim=0.318s  total=8.288s  steps/s=31630.0
   approx true <||p1-center||> ≈ 10.161
   approx true <||p2-center||> ≈ 10.209
   approx belief <||p2-center||> ≈ 10.365
   EKF RMS pos err: def->att=0.765, att->def=0.781
   meas_innov_mean=2.952e-04,  trPpos_mean=1.440e+00
opp std mean: 2.5840957164764404
opp mix usage: def0_full=0.54, def0_weak=0.29, def0_very_weak=0.16
[update 00880] R_def_mean=+0.000  R_att_mean=+62.361  (batch=262144)
   [att] |mu|_mean=5.816e+00  std_mean=2.584e+00  prior_blend_def=0.000
   mean arena radius ≈ 20.000 m
   timing: rollout=7.999s  optim=0.326s  total=8.326s  steps/s=31486.6
   approx true <||p1-center||> ≈ 10.264
   approx true <||p2-center||> ≈ 10.201
   approx belief <||p2-center||> ≈ 10.363
   EKF RMS pos err: def->att=0.772, att->def=0.779
   meas_innov_mean=2.270e-04,  trPpos_mean=1.454e+00
opp std mean: 2.5840957164764404
opp mix usage: def0_full=0.55, def0_weak=0.28, def0_very_weak=0.17
[update 00890] R_def_mean=+0.000  R_att_mean=+59.206  (batch=262144)
   [att] |mu|_mean=5.723e+00  std_mean=2.584e+00  prior_blend_def=0.000
   mean arena radius ≈ 20.000 m
   timing: rollout=7.933s  optim=0.340s  total=8.273s  steps/s=31686.9
   approx true <||p1-center||> ≈ 10.327
   approx true <||p2-center||> ≈ 10.277
   approx belief <||p2-center||> ≈ 10.440
   EKF RMS pos err: def->att=0.772, att->def=0.784
   meas_innov_mean=3.198e-04,  trPpos_mean=1.469e+00
opp std mean: 2.5840957164764404
opp mix usage: def0_full=0.57, def0_weak=0.27, def0_very_weak=0.15
[update 00900] R_def_mean=+0.000  R_att_mean=+60.515  (batch=262144)
   [att] |mu|_mean=5.761e+00  std_mean=2.584e+00  prior_blend_def=0.000
   mean arena radius ≈ 20.000 m
   timing: rollout=7.971s  optim=0.318s  total=8.290s  steps/s=31622.7
   approx true <||p1-center||> ≈ 10.166
   approx true <||p2-center||> ≈ 10.229
   approx belief <||p2-center||> ≈ 10.388
   EKF RMS pos err: def->att=0.769, att->def=0.761
   meas_innov_mean=2.838e-04,  trPpos_mean=1.459e+00
opp std mean: 2.5840957164764404
opp mix usage: def0_full=0.56, def0_weak=0.27, def0_very_weak=0.17
[update 00910] R_def_mean=+0.000  R_att_mean=+60.788  (batch=262144)
   [att] |mu|_mean=5.833e+00  std_mean=2.584e+00  prior_blend_def=0.000
   mean arena radius ≈ 20.000 m
   timing: rollout=7.912s  optim=0.359s  total=8.271s  steps/s=31693.5
   approx true <||p1-center||> ≈ 10.243
   approx true <||p2-center||> ≈ 10.214
   approx belief <||p2-center||> ≈ 10.386
   EKF RMS pos err: def->att=0.766, att->def=0.778
   meas_innov_mean=2.452e-04,  trPpos_mean=1.448e+00
opp std mean: 2.5840957164764404
opp mix usage: def0_full=0.54, def0_weak=0.28, def0_very_weak=0.18
[update 00920] R_def_mean=+0.000  R_att_mean=+59.907  (batch=262144)
   [att] |mu|_mean=5.839e+00  std_mean=2.584e+00  prior_blend_def=0.000
   mean arena radius ≈ 20.000 m
   timing: rollout=7.897s  optim=0.315s  total=8.212s  steps/s=31920.3
   approx true <||p1-center||> ≈ 10.305
   approx true <||p2-center||> ≈ 10.264
   approx belief <||p2-center||> ≈ 10.451
   EKF RMS pos err: def->att=0.777, att->def=0.791
   meas_innov_mean=2.659e-04,  trPpos_mean=1.472e+00
opp std mean: 2.5840957164764404
opp mix usage: def0_full=0.54, def0_weak=0.28, def0_very_weak=0.18
[update 00930] R_def_mean=+0.000  R_att_mean=+62.769  (batch=262144)
   [att] |mu|_mean=5.851e+00  std_mean=2.584e+00  prior_blend_def=0.000
   mean arena radius ≈ 20.000 m
   timing: rollout=7.901s  optim=0.316s  total=8.218s  steps/s=31900.1
   approx true <||p1-center||> ≈ 10.243
   approx true <||p2-center||> ≈ 10.215
   approx belief <||p2-center||> ≈ 10.388
   EKF RMS pos err: def->att=0.775, att->def=0.781
   meas_innov_mean=2.300e-04,  trPpos_mean=1.489e+00
opp std mean: 2.5840957164764404
opp mix usage: def0_full=0.56, def0_weak=0.27, def0_very_weak=0.17
[update 00940] R_def_mean=+0.000  R_att_mean=+62.733  (batch=262144)
   [att] |mu|_mean=5.767e+00  std_mean=2.584e+00  prior_blend_def=0.000
   mean arena radius ≈ 20.000 m
   timing: rollout=7.931s  optim=0.324s  total=8.255s  steps/s=31754.9
   approx true <||p1-center||> ≈ 10.256
   approx true <||p2-center||> ≈ 10.212
   approx belief <||p2-center||> ≈ 10.385
   EKF RMS pos err: def->att=0.785, att->def=0.806
   meas_innov_mean=2.473e-04,  trPpos_mean=1.498e+00
opp std mean: 2.5840957164764404
opp mix usage: def0_full=0.56, def0_weak=0.27, def0_very_weak=0.17
[update 00950] R_def_mean=+0.000  R_att_mean=+61.722  (batch=262144)
   [att] |mu|_mean=5.789e+00  std_mean=2.584e+00  prior_blend_def=0.000
   mean arena radius ≈ 20.000 m
   timing: rollout=7.927s  optim=0.339s  total=8.266s  steps/s=31714.6
   approx true <||p1-center||> ≈ 10.149
   approx true <||p2-center||> ≈ 10.187
   approx belief <||p2-center||> ≈ 10.359
   EKF RMS pos err: def->att=0.803, att->def=0.792
   meas_innov_mean=2.446e-04,  trPpos_mean=1.491e+00
opp std mean: 2.5840957164764404
opp mix usage: def0_full=0.58, def0_weak=0.27, def0_very_weak=0.15
[update 00960] R_def_mean=+0.000  R_att_mean=+59.521  (batch=262144)
   [att] |mu|_mean=5.767e+00  std_mean=2.584e+00  prior_blend_def=0.000
   mean arena radius ≈ 20.000 m
   timing: rollout=7.968s  optim=0.311s  total=8.280s  steps/s=31660.3
   approx true <||p1-center||> ≈ 10.106
   approx true <||p2-center||> ≈ 10.268
   approx belief <||p2-center||> ≈ 10.430
   EKF RMS pos err: def->att=0.756, att->def=0.764
   meas_innov_mean=3.505e-04,  trPpos_mean=1.414e+00
opp std mean: 2.5840957164764404
opp mix usage: def0_full=0.57, def0_weak=0.27, def0_very_weak=0.16
[update 00970] R_def_mean=+0.000  R_att_mean=+61.118  (batch=262144)
   [att] |mu|_mean=5.815e+00  std_mean=2.584e+00  prior_blend_def=0.000
   mean arena radius ≈ 20.000 m
   timing: rollout=7.982s  optim=0.320s  total=8.303s  steps/s=31573.5
   approx true <||p1-center||> ≈ 10.230
   approx true <||p2-center||> ≈ 10.267
   approx belief <||p2-center||> ≈ 10.427
   EKF RMS pos err: def->att=0.757, att->def=0.758
   meas_innov_mean=2.293e-04,  trPpos_mean=1.390e+00
opp std mean: 2.5840957164764404
opp mix usage: def0_full=0.57, def0_weak=0.27, def0_very_weak=0.16
[update 00980] R_def_mean=+0.000  R_att_mean=+60.827  (batch=262144)
   [att] |mu|_mean=5.775e+00  std_mean=2.584e+00  prior_blend_def=0.000
   mean arena radius ≈ 20.000 m
   timing: rollout=7.970s  optim=0.322s  total=8.292s  steps/s=31614.2
   approx true <||p1-center||> ≈ 10.126
   approx true <||p2-center||> ≈ 10.185
   approx belief <||p2-center||> ≈ 10.346
   EKF RMS pos err: def->att=0.765, att->def=0.782
   meas_innov_mean=2.322e-04,  trPpos_mean=1.463e+00
opp std mean: 2.5840957164764404
opp mix usage: def0_full=0.57, def0_weak=0.28, def0_very_weak=0.15
[update 00990] R_def_mean=+0.000  R_att_mean=+59.733  (batch=262144)
   [att] |mu|_mean=5.801e+00  std_mean=2.584e+00  prior_blend_def=0.000
   mean arena radius ≈ 20.000 m
   timing: rollout=7.990s  optim=0.321s  total=8.311s  steps/s=31541.1
   approx true <||p1-center||> ≈ 10.108
   approx true <||p2-center||> ≈ 10.205
   approx belief <||p2-center||> ≈ 10.386
   EKF RMS pos err: def->att=0.771, att->def=0.791
   meas_innov_mean=2.383e-04,  trPpos_mean=1.457e+00
opp std mean: 2.5840957164764404
opp mix usage: def0_full=0.55, def0_weak=0.28, def0_very_weak=0.17
[update 01000] R_def_mean=+0.000  R_att_mean=+62.411  (batch=262144)
   [att] |mu|_mean=5.840e+00  std_mean=2.584e+00  prior_blend_def=0.000
   mean arena radius ≈ 20.000 m
   timing: rollout=7.989s  optim=0.314s  total=8.303s  steps/s=31572.5
   approx true <||p1-center||> ≈ 10.302
   approx true <||p2-center||> ≈ 10.235
   approx belief <||p2-center||> ≈ 10.409
   EKF RMS pos err: def->att=0.766, att->def=0.773
   meas_innov_mean=2.851e-04,  trPpos_mean=1.466e+00
[ic] saved actual training IC samples -> Training_Policy_0.5u_1.5vmax_1.0_icVmax_KF_ON/ic_samples_att1_teacher.npz
[checkpoint] saved last checkpoint -> Training_Policy_0.5u_1.5vmax_1.0_icVmax_KF_ON/att1_teacher.pt
Training finished.
[ATT1 TEACHER] Using attacker checkpoint: Training_Policy_0.5u_1.5vmax_1.0_icVmax_KF_ON/att1_teacher.pt
[ATT1 TEACHER] best R_att_mean=+70.063 at update 480
[ATT1 TEACHER] Saved metrics to Training_Policy_0.5u_1.5vmax_1.0_icVmax_KF_ON/train_metrics_att1_teacher.npz

===== PHASE 2: Train DEFENDER_1 vs frozen ATTACKER_1 =====
[DEF1 TEACHER] Using device: cuda
[DEF1] train_role=def  distill=False  distill_method=modern
[tb] logging to: runs/Training_Policy_0.5u_1.5vmax_1.0_icVmax_KF_ON_def1_teacher
[TorchVecEnv] batched EKF path enabled (device=cuda, num_envs=256).
[train] rollout backend=torch (num_envs=256, vec_workers=None)
[checkpoint] new best R_def_mean=+16.881 at update 10 -> Training_Policy_0.5u_1.5vmax_1.0_icVmax_KF_ON/def1_teacher__best.pt
opp std mean: 2.7449941635131836
opp mix usage: att1_full=0.50, att1_weak=0.38, att1_very_weak=0.12
[update 00010] R_def_mean=+16.881  R_att_mean=+0.000  (batch=262144)
   [def] |mu|_mean=4.023e+00  std_mean=2.402e+00  prior_blend_def=0.000
   mean arena radius ≈ 20.000 m
   timing: rollout=8.063s  optim=0.312s  total=8.375s  steps/s=31300.1
   approx true <||p1-center||> ≈ 9.065
   approx true <||p2-center||> ≈ 12.601
   approx belief <||p2-center||> ≈ 12.745
   EKF RMS pos err: def->att=0.642, att->def=0.664
   meas_innov_mean=3.154e-04,  trPpos_mean=9.806e-01
[checkpoint] new best R_def_mean=+29.925 at update 20 -> Training_Policy_0.5u_1.5vmax_1.0_icVmax_KF_ON/def1_teacher__best.pt
opp std mean: 2.7449941635131836
opp mix usage: att1_full=0.51, att1_weak=0.36, att1_very_weak=0.13
[update 00020] R_def_mean=+29.925  R_att_mean=+0.000  (batch=262144)
   [def] |mu|_mean=3.931e+00  std_mean=2.356e+00  prior_blend_def=0.000
   mean arena radius ≈ 20.000 m
   timing: rollout=8.070s  optim=0.316s  total=8.386s  steps/s=31260.2
   approx true <||p1-center||> ≈ 8.868
   approx true <||p2-center||> ≈ 12.905
   approx belief <||p2-center||> ≈ 13.073
   EKF RMS pos err: def->att=0.698, att->def=0.720
   meas_innov_mean=3.836e-04,  trPpos_mean=1.112e+00
[checkpoint] new best R_def_mean=+56.578 at update 30 -> Training_Policy_0.5u_1.5vmax_1.0_icVmax_KF_ON/def1_teacher__best.pt
opp std mean: 2.7449941635131836
opp mix usage: att1_full=0.49, att1_weak=0.36, att1_very_weak=0.15
[update 00030] R_def_mean=+56.578  R_att_mean=+0.000  (batch=262144)
   [def] |mu|_mean=3.727e+00  std_mean=2.327e+00  prior_blend_def=0.000
   mean arena radius ≈ 20.000 m
   timing: rollout=8.058s  optim=0.304s  total=8.362s  steps/s=31349.1
   approx true <||p1-center||> ≈ 8.666
   approx true <||p2-center||> ≈ 13.401
   approx belief <||p2-center||> ≈ 13.575
   EKF RMS pos err: def->att=0.728, att->def=0.739
   meas_innov_mean=2.748e-04,  trPpos_mean=1.199e+00
[checkpoint] new best R_def_mean=+69.594 at update 40 -> Training_Policy_0.5u_1.5vmax_1.0_icVmax_KF_ON/def1_teacher__best.pt
opp std mean: 2.7449941635131836
opp mix usage: att1_full=0.51, att1_weak=0.34, att1_very_weak=0.16
[update 00040] R_def_mean=+69.594  R_att_mean=+0.000  (batch=262144)
   [def] |mu|_mean=3.614e+00  std_mean=2.318e+00  prior_blend_def=0.000
   mean arena radius ≈ 20.000 m
   timing: rollout=8.069s  optim=0.325s  total=8.394s  steps/s=31229.5
   approx true <||p1-center||> ≈ 8.442
   approx true <||p2-center||> ≈ 13.381
   approx belief <||p2-center||> ≈ 13.566
   EKF RMS pos err: def->att=0.750, att->def=0.766
   meas_innov_mean=2.492e-04,  trPpos_mean=1.293e+00
[checkpoint] new best R_def_mean=+77.858 at update 50 -> Training_Policy_0.5u_1.5vmax_1.0_icVmax_KF_ON/def1_teacher__best.pt
opp std mean: 2.7449941635131836
opp mix usage: att1_full=0.50, att1_weak=0.33, att1_very_weak=0.17
[update 00050] R_def_mean=+77.858  R_att_mean=+0.000  (batch=262144)
   [def] |mu|_mean=3.461e+00  std_mean=2.355e+00  prior_blend_def=0.000
   mean arena radius ≈ 20.000 m
   timing: rollout=8.060s  optim=0.316s  total=8.376s  steps/s=31298.2
   approx true <||p1-center||> ≈ 8.085
   approx true <||p2-center||> ≈ 13.545
   approx belief <||p2-center||> ≈ 13.743
   EKF RMS pos err: def->att=0.788, att->def=0.790
   meas_innov_mean=2.949e-04,  trPpos_mean=1.415e+00
[checkpoint] new best R_def_mean=+82.605 at update 60 -> Training_Policy_0.5u_1.5vmax_1.0_icVmax_KF_ON/def1_teacher__best.pt
opp std mean: 2.7449941635131836
opp mix usage: att1_full=0.48, att1_weak=0.35, att1_very_weak=0.17
[update 00060] R_def_mean=+82.605  R_att_mean=+0.000  (batch=262144)
   [def] |mu|_mean=3.488e+00  std_mean=2.402e+00  prior_blend_def=0.000
   mean arena radius ≈ 20.000 m
   timing: rollout=8.103s  optim=0.313s  total=8.416s  steps/s=31147.7
   approx true <||p1-center||> ≈ 8.078
   approx true <||p2-center||> ≈ 13.545
   approx belief <||p2-center||> ≈ 13.749
   EKF RMS pos err: def->att=0.801, att->def=0.801
   meas_innov_mean=2.188e-04,  trPpos_mean=1.402e+00
opp std mean: 2.7449941635131836
opp mix usage: att1_full=0.48, att1_weak=0.35, att1_very_weak=0.17
[update 00070] R_def_mean=+81.152  R_att_mean=+0.000  (batch=262144)
   [def] |mu|_mean=3.486e+00  std_mean=2.455e+00  prior_blend_def=0.000
   mean arena radius ≈ 20.000 m
   timing: rollout=8.077s  optim=0.308s  total=8.385s  steps/s=31261.8
   approx true <||p1-center||> ≈ 8.115
   approx true <||p2-center||> ≈ 13.516
   approx belief <||p2-center||> ≈ 13.691
   EKF RMS pos err: def->att=0.760, att->def=0.779
   meas_innov_mean=2.163e-04,  trPpos_mean=1.374e+00
opp std mean: 2.7449941635131836
opp mix usage: att1_full=0.49, att1_weak=0.35, att1_very_weak=0.16
[update 00080] R_def_mean=+82.136  R_att_mean=+0.000  (batch=262144)
   [def] |mu|_mean=3.453e+00  std_mean=2.473e+00  prior_blend_def=0.000
   mean arena radius ≈ 20.000 m
   timing: rollout=8.079s  optim=0.312s  total=8.392s  steps/s=31238.4
   approx true <||p1-center||> ≈ 8.129
   approx true <||p2-center||> ≈ 13.556
   approx belief <||p2-center||> ≈ 13.745
   EKF RMS pos err: def->att=0.768, att->def=0.784
   meas_innov_mean=2.162e-04,  trPpos_mean=1.391e+00
[checkpoint] new best R_def_mean=+84.585 at update 90 -> Training_Policy_0.5u_1.5vmax_1.0_icVmax_KF_ON/def1_teacher__best.pt
opp std mean: 2.7449941635131836
opp mix usage: att1_full=0.50, att1_weak=0.33, att1_very_weak=0.17
[update 00090] R_def_mean=+84.585  R_att_mean=+0.000  (batch=262144)
   [def] |mu|_mean=3.539e+00  std_mean=2.510e+00  prior_blend_def=0.000
   mean arena radius ≈ 20.000 m
   timing: rollout=8.065s  optim=0.313s  total=8.379s  steps/s=31286.7
   approx true <||p1-center||> ≈ 8.033
   approx true <||p2-center||> ≈ 13.474
   approx belief <||p2-center||> ≈ 13.659
   EKF RMS pos err: def->att=0.763, att->def=0.779
   meas_innov_mean=2.075e-04,  trPpos_mean=1.384e+00
[checkpoint] new best R_def_mean=+86.182 at update 100 -> Training_Policy_0.5u_1.5vmax_1.0_icVmax_KF_ON/def1_teacher__best.pt
opp std mean: 2.7449941635131836
opp mix usage: att1_full=0.49, att1_weak=0.34, att1_very_weak=0.16
[update 00100] R_def_mean=+86.182  R_att_mean=+0.000  (batch=262144)
   [def] |mu|_mean=3.354e+00  std_mean=2.511e+00  prior_blend_def=0.000
   mean arena radius ≈ 20.000 m
   timing: rollout=8.116s  optim=0.310s  total=8.426s  steps/s=31112.3
   approx true <||p1-center||> ≈ 8.042
   approx true <||p2-center||> ≈ 13.535
   approx belief <||p2-center||> ≈ 13.723
   EKF RMS pos err: def->att=0.779, att->def=0.789
   meas_innov_mean=2.120e-04,  trPpos_mean=1.423e+00
opp std mean: 2.7449941635131836
opp mix usage: att1_full=0.50, att1_weak=0.33, att1_very_weak=0.17
[update 00110] R_def_mean=+83.900  R_att_mean=+0.000  (batch=262144)
   [def] |mu|_mean=3.399e+00  std_mean=2.548e+00  prior_blend_def=0.000
   mean arena radius ≈ 20.000 m
   timing: rollout=8.098s  optim=0.327s  total=8.425s  steps/s=31116.7
   approx true <||p1-center||> ≈ 7.852
   approx true <||p2-center||> ≈ 13.376
   approx belief <||p2-center||> ≈ 13.568
   EKF RMS pos err: def->att=0.791, att->def=0.806
   meas_innov_mean=2.256e-04,  trPpos_mean=1.438e+00
opp std mean: 2.7449941635131836
opp mix usage: att1_full=0.51, att1_weak=0.32, att1_very_weak=0.18
[update 00120] R_def_mean=+85.092  R_att_mean=+0.000  (batch=262144)
   [def] |mu|_mean=3.326e+00  std_mean=2.527e+00  prior_blend_def=0.000
   mean arena radius ≈ 20.000 m
   timing: rollout=8.084s  optim=0.355s  total=8.439s  steps/s=31063.4
   approx true <||p1-center||> ≈ 7.801
   approx true <||p2-center||> ≈ 13.369
   approx belief <||p2-center||> ≈ 13.570
   EKF RMS pos err: def->att=0.786, att->def=0.806
   meas_innov_mean=2.400e-04,  trPpos_mean=1.420e+00
[checkpoint] new best R_def_mean=+87.191 at update 130 -> Training_Policy_0.5u_1.5vmax_1.0_icVmax_KF_ON/def1_teacher__best.pt
opp std mean: 2.7449941635131836
opp mix usage: att1_full=0.49, att1_weak=0.33, att1_very_weak=0.18
[update 00130] R_def_mean=+87.191  R_att_mean=+0.000  (batch=262144)
   [def] |mu|_mean=3.302e+00  std_mean=2.563e+00  prior_blend_def=0.000
   mean arena radius ≈ 20.000 m
   timing: rollout=8.063s  optim=0.310s  total=8.373s  steps/s=31307.4
   approx true <||p1-center||> ≈ 7.906
   approx true <||p2-center||> ≈ 13.380
   approx belief <||p2-center||> ≈ 13.576
   EKF RMS pos err: def->att=0.784, att->def=0.815
   meas_innov_mean=2.548e-04,  trPpos_mean=1.423e+00
opp std mean: 2.7449941635131836
opp mix usage: att1_full=0.51, att1_weak=0.32, att1_very_weak=0.17
[update 00140] R_def_mean=+85.948  R_att_mean=+0.000  (batch=262144)
   [def] |mu|_mean=3.393e+00  std_mean=2.570e+00  prior_blend_def=0.000
   mean arena radius ≈ 20.000 m
   timing: rollout=8.150s  optim=0.318s  total=8.469s  steps/s=30955.0
   approx true <||p1-center||> ≈ 7.810
   approx true <||p2-center||> ≈ 13.387
   approx belief <||p2-center||> ≈ 13.556
   EKF RMS pos err: def->att=0.767, att->def=0.790
   meas_innov_mean=2.058e-04,  trPpos_mean=1.386e+00
[checkpoint] new best R_def_mean=+87.727 at update 150 -> Training_Policy_0.5u_1.5vmax_1.0_icVmax_KF_ON/def1_teacher__best.pt
opp std mean: 2.7449941635131836
opp mix usage: att1_full=0.49, att1_weak=0.34, att1_very_weak=0.18
[update 00150] R_def_mean=+87.727  R_att_mean=+0.000  (batch=262144)
   [def] |mu|_mean=3.361e+00  std_mean=2.578e+00  prior_blend_def=0.000
   mean arena radius ≈ 20.000 m
   timing: rollout=8.145s  optim=0.339s  total=8.484s  steps/s=30900.0
   approx true <||p1-center||> ≈ 7.950
   approx true <||p2-center||> ≈ 13.508
   approx belief <||p2-center||> ≈ 13.696
   EKF RMS pos err: def->att=0.768, att->def=0.794
   meas_innov_mean=2.249e-04,  trPpos_mean=1.414e+00
opp std mean: 2.7449941635131836
opp mix usage: att1_full=0.52, att1_weak=0.32, att1_very_weak=0.16
[update 00160] R_def_mean=+85.357  R_att_mean=+0.000  (batch=262144)
   [def] |mu|_mean=3.327e+00  std_mean=2.611e+00  prior_blend_def=0.000
   mean arena radius ≈ 20.000 m
   timing: rollout=8.142s  optim=0.320s  total=8.463s  steps/s=30977.1
   approx true <||p1-center||> ≈ 7.788
   approx true <||p2-center||> ≈ 13.268
   approx belief <||p2-center||> ≈ 13.471
   EKF RMS pos err: def->att=0.778, att->def=0.796
   meas_innov_mean=2.133e-04,  trPpos_mean=1.402e+00
opp std mean: 2.7449941635131836
opp mix usage: att1_full=0.48, att1_weak=0.34, att1_very_weak=0.18
[update 00170] R_def_mean=+87.550  R_att_mean=+0.000  (batch=262144)
   [def] |mu|_mean=3.305e+00  std_mean=2.610e+00  prior_blend_def=0.000
   mean arena radius ≈ 20.000 m
   timing: rollout=8.137s  optim=0.324s  total=8.461s  steps/s=30981.1
   approx true <||p1-center||> ≈ 7.832
   approx true <||p2-center||> ≈ 13.466
   approx belief <||p2-center||> ≈ 13.651
   EKF RMS pos err: def->att=0.765, att->def=0.785
   meas_innov_mean=2.019e-04,  trPpos_mean=1.408e+00
opp std mean: 2.7449941635131836
opp mix usage: att1_full=0.51, att1_weak=0.32, att1_very_weak=0.18
[update 00180] R_def_mean=+84.811  R_att_mean=+0.000  (batch=262144)
   [def] |mu|_mean=3.311e+00  std_mean=2.594e+00  prior_blend_def=0.000
   mean arena radius ≈ 20.000 m
   timing: rollout=8.163s  optim=0.318s  total=8.480s  steps/s=30912.7
   approx true <||p1-center||> ≈ 7.770
   approx true <||p2-center||> ≈ 13.348
   approx belief <||p2-center||> ≈ 13.551
   EKF RMS pos err: def->att=0.787, att->def=0.796
   meas_innov_mean=2.063e-04,  trPpos_mean=1.441e+00
opp std mean: 2.7449941635131836
opp mix usage: att1_full=0.50, att1_weak=0.33, att1_very_weak=0.16
[update 00190] R_def_mean=+87.087  R_att_mean=+0.000  (batch=262144)
   [def] |mu|_mean=3.298e+00  std_mean=2.582e+00  prior_blend_def=0.000
   mean arena radius ≈ 20.000 m
   timing: rollout=8.118s  optim=0.310s  total=8.428s  steps/s=31104.4
   approx true <||p1-center||> ≈ 7.817
   approx true <||p2-center||> ≈ 13.331
   approx belief <||p2-center||> ≈ 13.533
   EKF RMS pos err: def->att=0.788, att->def=0.799
   meas_innov_mean=2.128e-04,  trPpos_mean=1.409e+00
[checkpoint] new best R_def_mean=+88.654 at update 200 -> Training_Policy_0.5u_1.5vmax_1.0_icVmax_KF_ON/def1_teacher__best.pt
opp std mean: 2.7449941635131836
opp mix usage: att1_full=0.49, att1_weak=0.34, att1_very_weak=0.17
[update 00200] R_def_mean=+88.654  R_att_mean=+0.000  (batch=262144)
   [def] |mu|_mean=3.263e+00  std_mean=2.586e+00  prior_blend_def=0.000
   mean arena radius ≈ 20.000 m
   timing: rollout=8.125s  optim=0.304s  total=8.429s  steps/s=31099.9
   approx true <||p1-center||> ≈ 7.787
   approx true <||p2-center||> ≈ 13.392
   approx belief <||p2-center||> ≈ 13.581
   EKF RMS pos err: def->att=0.768, att->def=0.805
   meas_innov_mean=2.141e-04,  trPpos_mean=1.440e+00
opp std mean: 2.7449941635131836
opp mix usage: att1_full=0.50, att1_weak=0.31, att1_very_weak=0.19
[update 00210] R_def_mean=+85.997  R_att_mean=+0.000  (batch=262144)
   [def] |mu|_mean=3.307e+00  std_mean=2.577e+00  prior_blend_def=0.000
   mean arena radius ≈ 20.000 m
   timing: rollout=8.124s  optim=0.364s  total=8.488s  steps/s=30883.4
   approx true <||p1-center||> ≈ 7.808
   approx true <||p2-center||> ≈ 13.370
   approx belief <||p2-center||> ≈ 13.551
   EKF RMS pos err: def->att=0.783, att->def=0.795
   meas_innov_mean=2.200e-04,  trPpos_mean=1.419e+00
opp std mean: 2.7449941635131836
opp mix usage: att1_full=0.49, att1_weak=0.34, att1_very_weak=0.17
[update 00220] R_def_mean=+86.772  R_att_mean=+0.000  (batch=262144)
   [def] |mu|_mean=3.218e+00  std_mean=2.555e+00  prior_blend_def=0.000
   mean arena radius ≈ 20.000 m
   timing: rollout=8.183s  optim=0.323s  total=8.506s  steps/s=30817.5
   approx true <||p1-center||> ≈ 7.830
   approx true <||p2-center||> ≈ 13.365
   approx belief <||p2-center||> ≈ 13.567
   EKF RMS pos err: def->att=0.779, att->def=0.836
   meas_innov_mean=2.049e-04,  trPpos_mean=1.441e+00
opp std mean: 2.7449941635131836
opp mix usage: att1_full=0.50, att1_weak=0.33, att1_very_weak=0.17
[update 00230] R_def_mean=+88.635  R_att_mean=+0.000  (batch=262144)
   [def] |mu|_mean=3.207e+00  std_mean=2.551e+00  prior_blend_def=0.000
   mean arena radius ≈ 20.000 m
   timing: rollout=8.146s  optim=0.311s  total=8.457s  steps/s=30996.1
   approx true <||p1-center||> ≈ 7.680
   approx true <||p2-center||> ≈ 13.254
   approx belief <||p2-center||> ≈ 13.446
   EKF RMS pos err: def->att=0.775, att->def=0.799
   meas_innov_mean=2.245e-04,  trPpos_mean=1.409e+00
opp std mean: 2.7449941635131836
opp mix usage: att1_full=0.49, att1_weak=0.33, att1_very_weak=0.18
[update 00240] R_def_mean=+85.653  R_att_mean=+0.000  (batch=262144)
   [def] |mu|_mean=3.276e+00  std_mean=2.540e+00  prior_blend_def=0.000
   mean arena radius ≈ 20.000 m
   timing: rollout=8.139s  optim=0.325s  total=8.464s  steps/s=30970.8
   approx true <||p1-center||> ≈ 7.921
   approx true <||p2-center||> ≈ 13.469
   approx belief <||p2-center||> ≈ 13.671
   EKF RMS pos err: def->att=0.801, att->def=0.803
   meas_innov_mean=2.552e-04,  trPpos_mean=1.425e+00
opp std mean: 2.7449941635131836
opp mix usage: att1_full=0.52, att1_weak=0.31, att1_very_weak=0.17
[update 00250] R_def_mean=+87.561  R_att_mean=+0.000  (batch=262144)
   [def] |mu|_mean=3.287e+00  std_mean=2.495e+00  prior_blend_def=0.000
   mean arena radius ≈ 20.000 m
   timing: rollout=8.118s  optim=0.314s  total=8.432s  steps/s=31089.9
   approx true <||p1-center||> ≈ 7.789
   approx true <||p2-center||> ≈ 13.292
   approx belief <||p2-center||> ≈ 13.485
   EKF RMS pos err: def->att=0.800, att->def=0.791
   meas_innov_mean=2.604e-04,  trPpos_mean=1.416e+00
opp std mean: 2.7449941635131836
opp mix usage: att1_full=0.49, att1_weak=0.33, att1_very_weak=0.18
[update 00260] R_def_mean=+87.482  R_att_mean=+0.000  (batch=262144)
   [def] |mu|_mean=3.231e+00  std_mean=2.464e+00  prior_blend_def=0.000
   mean arena radius ≈ 20.000 m
   timing: rollout=8.166s  optim=0.315s  total=8.481s  steps/s=30908.6
   approx true <||p1-center||> ≈ 7.774
   approx true <||p2-center||> ≈ 13.330
   approx belief <||p2-center||> ≈ 13.528
   EKF RMS pos err: def->att=0.783, att->def=0.800
   meas_innov_mean=1.939e-04,  trPpos_mean=1.433e+00
[checkpoint] new best R_def_mean=+89.741 at update 270 -> Training_Policy_0.5u_1.5vmax_1.0_icVmax_KF_ON/def1_teacher__best.pt
opp std mean: 2.7449941635131836
opp mix usage: att1_full=0.49, att1_weak=0.34, att1_very_weak=0.17
[update 00270] R_def_mean=+89.741  R_att_mean=+0.000  (batch=262144)
   [def] |mu|_mean=3.204e+00  std_mean=2.447e+00  prior_blend_def=0.000
   mean arena radius ≈ 20.000 m
   timing: rollout=8.180s  optim=0.318s  total=8.498s  steps/s=30848.9
   approx true <||p1-center||> ≈ 7.734
   approx true <||p2-center||> ≈ 13.342
   approx belief <||p2-center||> ≈ 13.542
   EKF RMS pos err: def->att=0.783, att->def=0.809
   meas_innov_mean=2.316e-04,  trPpos_mean=1.441e+00
opp std mean: 2.7449941635131836
opp mix usage: att1_full=0.50, att1_weak=0.33, att1_very_weak=0.16
[update 00280] R_def_mean=+88.688  R_att_mean=+0.000  (batch=262144)
   [def] |mu|_mean=3.171e+00  std_mean=2.447e+00  prior_blend_def=0.000
   mean arena radius ≈ 20.000 m
   timing: rollout=8.168s  optim=0.316s  total=8.484s  steps/s=30898.0
   approx true <||p1-center||> ≈ 7.799
   approx true <||p2-center||> ≈ 13.255
   approx belief <||p2-center||> ≈ 13.443
   EKF RMS pos err: def->att=0.767, att->def=0.793
   meas_innov_mean=2.528e-04,  trPpos_mean=1.405e+00
opp std mean: 2.7449941635131836
opp mix usage: att1_full=0.50, att1_weak=0.34, att1_very_weak=0.16
[update 00290] R_def_mean=+87.905  R_att_mean=+0.000  (batch=262144)
   [def] |mu|_mean=3.153e+00  std_mean=2.459e+00  prior_blend_def=0.000
   mean arena radius ≈ 20.000 m
   timing: rollout=8.172s  optim=0.322s  total=8.494s  steps/s=30863.1
   approx true <||p1-center||> ≈ 7.783
   approx true <||p2-center||> ≈ 13.385
   approx belief <||p2-center||> ≈ 13.583
   EKF RMS pos err: def->att=0.798, att->def=0.805
   meas_innov_mean=2.166e-04,  trPpos_mean=1.401e+00
opp std mean: 2.7449941635131836
opp mix usage: att1_full=0.49, att1_weak=0.34, att1_very_weak=0.17
[update 00300] R_def_mean=+87.442  R_att_mean=+0.000  (batch=262144)
   [def] |mu|_mean=3.208e+00  std_mean=2.464e+00  prior_blend_def=0.000
   mean arena radius ≈ 20.000 m
   timing: rollout=8.161s  optim=0.325s  total=8.486s  steps/s=30891.7
   approx true <||p1-center||> ≈ 7.880
   approx true <||p2-center||> ≈ 13.321
   approx belief <||p2-center||> ≈ 13.525
   EKF RMS pos err: def->att=0.794, att->def=0.793
   meas_innov_mean=2.439e-04,  trPpos_mean=1.410e+00
opp std mean: 2.7449941635131836
opp mix usage: att1_full=0.51, att1_weak=0.30, att1_very_weak=0.18
[update 00310] R_def_mean=+87.357  R_att_mean=+0.000  (batch=262144)
   [def] |mu|_mean=3.199e+00  std_mean=2.448e+00  prior_blend_def=0.000
   mean arena radius ≈ 20.000 m
   timing: rollout=8.216s  optim=0.314s  total=8.530s  steps/s=30730.7
   approx true <||p1-center||> ≈ 7.663
   approx true <||p2-center||> ≈ 13.261
   approx belief <||p2-center||> ≈ 13.451
   EKF RMS pos err: def->att=0.768, att->def=0.814
   meas_innov_mean=1.976e-04,  trPpos_mean=1.425e+00
opp std mean: 2.7449941635131836
opp mix usage: att1_full=0.49, att1_weak=0.34, att1_very_weak=0.17
[update 00320] R_def_mean=+88.126  R_att_mean=+0.000  (batch=262144)
   [def] |mu|_mean=3.151e+00  std_mean=2.443e+00  prior_blend_def=0.000
   mean arena radius ≈ 20.000 m
   timing: rollout=8.180s  optim=0.322s  total=8.502s  steps/s=30833.7
   approx true <||p1-center||> ≈ 7.783
   approx true <||p2-center||> ≈ 13.380
   approx belief <||p2-center||> ≈ 13.559
   EKF RMS pos err: def->att=0.774, att->def=0.817
   meas_innov_mean=2.319e-04,  trPpos_mean=1.442e+00
opp std mean: 2.7449941635131836
opp mix usage: att1_full=0.49, att1_weak=0.32, att1_very_weak=0.19
[update 00330] R_def_mean=+87.260  R_att_mean=+0.000  (batch=262144)
   [def] |mu|_mean=3.109e+00  std_mean=2.456e+00  prior_blend_def=0.000
   mean arena radius ≈ 20.000 m
   timing: rollout=8.188s  optim=0.322s  total=8.510s  steps/s=30804.6
   approx true <||p1-center||> ≈ 7.720
   approx true <||p2-center||> ≈ 13.426
   approx belief <||p2-center||> ≈ 13.621
   EKF RMS pos err: def->att=0.782, att->def=0.823
   meas_innov_mean=2.097e-04,  trPpos_mean=1.467e+00
opp std mean: 2.7449941635131836
opp mix usage: att1_full=0.48, att1_weak=0.34, att1_very_weak=0.17
[update 00340] R_def_mean=+88.639  R_att_mean=+0.000  (batch=262144)
   [def] |mu|_mean=3.146e+00  std_mean=2.456e+00  prior_blend_def=0.000
   mean arena radius ≈ 20.000 m
   timing: rollout=8.177s  optim=0.333s  total=8.510s  steps/s=30803.5
   approx true <||p1-center||> ≈ 7.724
   approx true <||p2-center||> ≈ 13.422
   approx belief <||p2-center||> ≈ 13.631
   EKF RMS pos err: def->att=0.787, att->def=0.812
   meas_innov_mean=1.978e-04,  trPpos_mean=1.439e+00
opp std mean: 2.7449941635131836
opp mix usage: att1_full=0.50, att1_weak=0.32, att1_very_weak=0.18
[update 00350] R_def_mean=+87.604  R_att_mean=+0.000  (batch=262144)
   [def] |mu|_mean=3.196e+00  std_mean=2.454e+00  prior_blend_def=0.000
   mean arena radius ≈ 20.000 m
   timing: rollout=8.179s  optim=0.341s  total=8.520s  steps/s=30766.7
   approx true <||p1-center||> ≈ 7.712
   approx true <||p2-center||> ≈ 13.409
   approx belief <||p2-center||> ≈ 13.602
   EKF RMS pos err: def->att=0.795, att->def=0.819
   meas_innov_mean=2.064e-04,  trPpos_mean=1.478e+00
[checkpoint] new best R_def_mean=+90.252 at update 360 -> Training_Policy_0.5u_1.5vmax_1.0_icVmax_KF_ON/def1_teacher__best.pt
opp std mean: 2.7449941635131836
opp mix usage: att1_full=0.50, att1_weak=0.32, att1_very_weak=0.18
[update 00360] R_def_mean=+90.252  R_att_mean=+0.000  (batch=262144)
   [def] |mu|_mean=3.122e+00  std_mean=2.449e+00  prior_blend_def=0.000
   mean arena radius ≈ 20.000 m
   timing: rollout=8.183s  optim=0.322s  total=8.505s  steps/s=30822.3
   approx true <||p1-center||> ≈ 7.692
   approx true <||p2-center||> ≈ 13.366
   approx belief <||p2-center||> ≈ 13.564
   EKF RMS pos err: def->att=0.782, att->def=0.806
   meas_innov_mean=2.166e-04,  trPpos_mean=1.446e+00
opp std mean: 2.7449941635131836
opp mix usage: att1_full=0.50, att1_weak=0.32, att1_very_weak=0.18
[update 00370] R_def_mean=+88.498  R_att_mean=+0.000  (batch=262144)
   [def] |mu|_mean=3.108e+00  std_mean=2.430e+00  prior_blend_def=0.000
   mean arena radius ≈ 20.000 m
   timing: rollout=8.169s  optim=0.318s  total=8.486s  steps/s=30890.2
   approx true <||p1-center||> ≈ 7.706
   approx true <||p2-center||> ≈ 13.332
   approx belief <||p2-center||> ≈ 13.519
   EKF RMS pos err: def->att=0.786, att->def=0.809
   meas_innov_mean=2.084e-04,  trPpos_mean=1.445e+00
opp std mean: 2.7449941635131836
opp mix usage: att1_full=0.49, att1_weak=0.32, att1_very_weak=0.19
[update 00380] R_def_mean=+88.458  R_att_mean=+0.000  (batch=262144)
   [def] |mu|_mean=3.146e+00  std_mean=2.425e+00  prior_blend_def=0.000
   mean arena radius ≈ 20.000 m
   timing: rollout=8.187s  optim=0.320s  total=8.508s  steps/s=30813.1
   approx true <||p1-center||> ≈ 7.698
   approx true <||p2-center||> ≈ 13.378
   approx belief <||p2-center||> ≈ 13.588
   EKF RMS pos err: def->att=0.796, att->def=0.813
   meas_innov_mean=2.108e-04,  trPpos_mean=1.479e+00
opp std mean: 2.7449941635131836
opp mix usage: att1_full=0.50, att1_weak=0.33, att1_very_weak=0.17
[update 00390] R_def_mean=+88.426  R_att_mean=+0.000  (batch=262144)
   [def] |mu|_mean=3.166e+00  std_mean=2.408e+00  prior_blend_def=0.000
   mean arena radius ≈ 20.000 m
   timing: rollout=8.193s  optim=0.319s  total=8.512s  steps/s=30797.8
   approx true <||p1-center||> ≈ 7.691
   approx true <||p2-center||> ≈ 13.284
   approx belief <||p2-center||> ≈ 13.479
   EKF RMS pos err: def->att=0.790, att->def=0.810
   meas_innov_mean=2.439e-04,  trPpos_mean=1.407e+00
opp std mean: 2.7449941635131836
opp mix usage: att1_full=0.51, att1_weak=0.31, att1_very_weak=0.18
[update 00400] R_def_mean=+88.547  R_att_mean=+0.000  (batch=262144)
   [def] |mu|_mean=3.103e+00  std_mean=2.406e+00  prior_blend_def=0.000
   mean arena radius ≈ 20.000 m
   timing: rollout=8.204s  optim=0.327s  total=8.531s  steps/s=30727.9
   approx true <||p1-center||> ≈ 7.577
   approx true <||p2-center||> ≈ 13.260
   approx belief <||p2-center||> ≈ 13.464
   EKF RMS pos err: def->att=0.793, att->def=0.804
   meas_innov_mean=1.999e-04,  trPpos_mean=1.484e+00
opp std mean: 2.7449941635131836
opp mix usage: att1_full=0.50, att1_weak=0.32, att1_very_weak=0.18
[update 00410] R_def_mean=+89.372  R_att_mean=+0.000  (batch=262144)
   [def] |mu|_mean=3.116e+00  std_mean=2.396e+00  prior_blend_def=0.000
   mean arena radius ≈ 20.000 m
   timing: rollout=8.239s  optim=0.324s  total=8.563s  steps/s=30613.4
   approx true <||p1-center||> ≈ 7.612
   approx true <||p2-center||> ≈ 13.262
   approx belief <||p2-center||> ≈ 13.455
   EKF RMS pos err: def->att=0.779, att->def=0.813
   meas_innov_mean=1.981e-04,  trPpos_mean=1.419e+00
opp std mean: 2.7449941635131836
opp mix usage: att1_full=0.48, att1_weak=0.33, att1_very_weak=0.19
[update 00420] R_def_mean=+86.929  R_att_mean=+0.000  (batch=262144)
   [def] |mu|_mean=3.172e+00  std_mean=2.390e+00  prior_blend_def=0.000
   mean arena radius ≈ 20.000 m
   timing: rollout=8.185s  optim=0.321s  total=8.506s  steps/s=30817.8
   approx true <||p1-center||> ≈ 7.763
   approx true <||p2-center||> ≈ 13.379
   approx belief <||p2-center||> ≈ 13.570
   EKF RMS pos err: def->att=0.777, att->def=0.804
   meas_innov_mean=1.963e-04,  trPpos_mean=1.414e+00
opp std mean: 2.7449941635131836
opp mix usage: att1_full=0.49, att1_weak=0.32, att1_very_weak=0.18
[update 00430] R_def_mean=+90.012  R_att_mean=+0.000  (batch=262144)
   [def] |mu|_mean=3.169e+00  std_mean=2.368e+00  prior_blend_def=0.000
   mean arena radius ≈ 20.000 m
   timing: rollout=8.175s  optim=0.322s  total=8.497s  steps/s=30851.3
   approx true <||p1-center||> ≈ 7.706
   approx true <||p2-center||> ≈ 13.342
   approx belief <||p2-center||> ≈ 13.546
   EKF RMS pos err: def->att=0.791, att->def=0.796
   meas_innov_mean=3.551e-04,  trPpos_mean=1.457e+00
opp std mean: 2.7449941635131836
opp mix usage: att1_full=0.50, att1_weak=0.31, att1_very_weak=0.19
[update 00440] R_def_mean=+88.635  R_att_mean=+0.000  (batch=262144)
   [def] |mu|_mean=3.171e+00  std_mean=2.350e+00  prior_blend_def=0.000
   mean arena radius ≈ 20.000 m
   timing: rollout=8.191s  optim=0.324s  total=8.516s  steps/s=30783.9
   approx true <||p1-center||> ≈ 7.679
   approx true <||p2-center||> ≈ 13.312
   approx belief <||p2-center||> ≈ 13.508
   EKF RMS pos err: def->att=0.810, att->def=0.816
   meas_innov_mean=3.244e-04,  trPpos_mean=1.463e+00
[checkpoint] new best R_def_mean=+91.757 at update 450 -> Training_Policy_0.5u_1.5vmax_1.0_icVmax_KF_ON/def1_teacher__best.pt
opp std mean: 2.7449941635131836
opp mix usage: att1_full=0.49, att1_weak=0.34, att1_very_weak=0.17
[update 00450] R_def_mean=+91.757  R_att_mean=+0.000  (batch=262144)
   [def] |mu|_mean=3.172e+00  std_mean=2.346e+00  prior_blend_def=0.000
   mean arena radius ≈ 20.000 m
   timing: rollout=8.182s  optim=0.398s  total=8.581s  steps/s=30550.3
   approx true <||p1-center||> ≈ 7.661
   approx true <||p2-center||> ≈ 13.333
   approx belief <||p2-center||> ≈ 13.525
   EKF RMS pos err: def->att=0.798, att->def=0.815
   meas_innov_mean=1.961e-04,  trPpos_mean=1.469e+00
opp std mean: 2.7449941635131836
opp mix usage: att1_full=0.49, att1_weak=0.33, att1_very_weak=0.18
[update 00460] R_def_mean=+89.497  R_att_mean=+0.000  (batch=262144)
   [def] |mu|_mean=3.164e+00  std_mean=2.338e+00  prior_blend_def=0.000
   mean arena radius ≈ 20.000 m
   timing: rollout=8.195s  optim=0.314s  total=8.508s  steps/s=30810.0
   approx true <||p1-center||> ≈ 7.690
   approx true <||p2-center||> ≈ 13.358
   approx belief <||p2-center||> ≈ 13.537
   EKF RMS pos err: def->att=0.775, att->def=0.828
   meas_innov_mean=2.132e-04,  trPpos_mean=1.445e+00
opp std mean: 2.7449941635131836
opp mix usage: att1_full=0.50, att1_weak=0.32, att1_very_weak=0.18
[update 00470] R_def_mean=+88.015  R_att_mean=+0.000  (batch=262144)
   [def] |mu|_mean=3.152e+00  std_mean=2.343e+00  prior_blend_def=0.000
   mean arena radius ≈ 20.000 m
   timing: rollout=8.195s  optim=0.320s  total=8.515s  steps/s=30786.9
   approx true <||p1-center||> ≈ 7.723
   approx true <||p2-center||> ≈ 13.403
   approx belief <||p2-center||> ≈ 13.598
   EKF RMS pos err: def->att=0.828, att->def=0.811
   meas_innov_mean=2.478e-04,  trPpos_mean=1.477e+00
opp std mean: 2.7449941635131836
opp mix usage: att1_full=0.49, att1_weak=0.34, att1_very_weak=0.17
[update 00480] R_def_mean=+90.101  R_att_mean=+0.000  (batch=262144)
   [def] |mu|_mean=3.161e+00  std_mean=2.345e+00  prior_blend_def=0.000
   mean arena radius ≈ 20.000 m
   timing: rollout=8.235s  optim=0.391s  total=8.626s  steps/s=30391.3
   approx true <||p1-center||> ≈ 7.611
   approx true <||p2-center||> ≈ 13.272
   approx belief <||p2-center||> ≈ 13.475
   EKF RMS pos err: def->att=0.793, att->def=0.810
   meas_innov_mean=1.937e-04,  trPpos_mean=1.476e+00
opp std mean: 2.7449941635131836
opp mix usage: att1_full=0.51, att1_weak=0.32, att1_very_weak=0.17
[update 00490] R_def_mean=+91.301  R_att_mean=+0.000  (batch=262144)
   [def] |mu|_mean=3.134e+00  std_mean=2.335e+00  prior_blend_def=0.000
   mean arena radius ≈ 20.000 m
   timing: rollout=8.178s  optim=0.313s  total=8.491s  steps/s=30873.8
   approx true <||p1-center||> ≈ 7.732
   approx true <||p2-center||> ≈ 13.380
   approx belief <||p2-center||> ≈ 13.573
   EKF RMS pos err: def->att=0.790, att->def=0.814
   meas_innov_mean=1.929e-04,  trPpos_mean=1.472e+00
opp std mean: 2.7449941635131836
opp mix usage: att1_full=0.49, att1_weak=0.32, att1_very_weak=0.19
[update 00500] R_def_mean=+90.074  R_att_mean=+0.000  (batch=262144)
   [def] |mu|_mean=3.207e+00  std_mean=2.331e+00  prior_blend_def=0.000
   mean arena radius ≈ 20.000 m
   timing: rollout=8.168s  optim=0.312s  total=8.479s  steps/s=30915.8
   approx true <||p1-center||> ≈ 7.687
   approx true <||p2-center||> ≈ 13.359
   approx belief <||p2-center||> ≈ 13.555
   EKF RMS pos err: def->att=0.786, att->def=0.805
   meas_innov_mean=1.957e-04,  trPpos_mean=1.464e+00
opp std mean: 2.7449941635131836
opp mix usage: att1_full=0.49, att1_weak=0.34, att1_very_weak=0.17
[update 00510] R_def_mean=+91.178  R_att_mean=+0.000  (batch=262144)
   [def] |mu|_mean=3.213e+00  std_mean=2.326e+00  prior_blend_def=0.000
   mean arena radius ≈ 20.000 m
   timing: rollout=8.195s  optim=0.362s  total=8.557s  steps/s=30634.1
   approx true <||p1-center||> ≈ 7.640
   approx true <||p2-center||> ≈ 13.303
   approx belief <||p2-center||> ≈ 13.500
   EKF RMS pos err: def->att=0.788, att->def=0.817
   meas_innov_mean=1.948e-04,  trPpos_mean=1.472e+00
[checkpoint] new best R_def_mean=+92.286 at update 520 -> Training_Policy_0.5u_1.5vmax_1.0_icVmax_KF_ON/def1_teacher__best.pt
opp std mean: 2.7449941635131836
opp mix usage: att1_full=0.49, att1_weak=0.33, att1_very_weak=0.18
[update 00520] R_def_mean=+92.286  R_att_mean=+0.000  (batch=262144)
   [def] |mu|_mean=3.163e+00  std_mean=2.334e+00  prior_blend_def=0.000
   mean arena radius ≈ 20.000 m
   timing: rollout=8.190s  optim=0.317s  total=8.507s  steps/s=30813.6
   approx true <||p1-center||> ≈ 7.605
   approx true <||p2-center||> ≈ 13.359
   approx belief <||p2-center||> ≈ 13.562
   EKF RMS pos err: def->att=0.798, att->def=0.819
   meas_innov_mean=2.145e-04,  trPpos_mean=1.494e+00
opp std mean: 2.7449941635131836
opp mix usage: att1_full=0.50, att1_weak=0.32, att1_very_weak=0.18
[update 00530] R_def_mean=+91.192  R_att_mean=+0.000  (batch=262144)
   [def] |mu|_mean=3.138e+00  std_mean=2.338e+00  prior_blend_def=0.000
   mean arena radius ≈ 20.000 m
   timing: rollout=8.159s  optim=0.322s  total=8.480s  steps/s=30912.1
   approx true <||p1-center||> ≈ 7.581
   approx true <||p2-center||> ≈ 13.374
   approx belief <||p2-center||> ≈ 13.579
   EKF RMS pos err: def->att=0.797, att->def=0.822
   meas_innov_mean=1.986e-04,  trPpos_mean=1.488e+00
opp std mean: 2.7449941635131836
opp mix usage: att1_full=0.50, att1_weak=0.33, att1_very_weak=0.17
[update 00540] R_def_mean=+91.692  R_att_mean=+0.000  (batch=262144)
   [def] |mu|_mean=3.185e+00  std_mean=2.331e+00  prior_blend_def=0.000
   mean arena radius ≈ 20.000 m
   timing: rollout=8.184s  optim=0.344s  total=8.528s  steps/s=30740.6
   approx true <||p1-center||> ≈ 7.571
   approx true <||p2-center||> ≈ 13.251
   approx belief <||p2-center||> ≈ 13.441
   EKF RMS pos err: def->att=0.780, att->def=0.804
   meas_innov_mean=2.515e-04,  trPpos_mean=1.464e+00
opp std mean: 2.7449941635131836
opp mix usage: att1_full=0.49, att1_weak=0.33, att1_very_weak=0.18
[update 00550] R_def_mean=+91.454  R_att_mean=+0.000  (batch=262144)
   [def] |mu|_mean=3.154e+00  std_mean=2.317e+00  prior_blend_def=0.000
   mean arena radius ≈ 20.000 m
   timing: rollout=8.173s  optim=0.335s  total=8.508s  steps/s=30811.7
   approx true <||p1-center||> ≈ 7.633
   approx true <||p2-center||> ≈ 13.332
   approx belief <||p2-center||> ≈ 13.544
   EKF RMS pos err: def->att=0.795, att->def=0.818
   meas_innov_mean=1.968e-04,  trPpos_mean=1.495e+00
opp std mean: 2.7449941635131836
opp mix usage: att1_full=0.49, att1_weak=0.34, att1_very_weak=0.17
[update 00560] R_def_mean=+89.825  R_att_mean=+0.000  (batch=262144)
   [def] |mu|_mean=3.129e+00  std_mean=2.304e+00  prior_blend_def=0.000
   mean arena radius ≈ 20.000 m
   timing: rollout=8.167s  optim=0.318s  total=8.485s  steps/s=30896.2
   approx true <||p1-center||> ≈ 7.621
   approx true <||p2-center||> ≈ 13.319
   approx belief <||p2-center||> ≈ 13.518
   EKF RMS pos err: def->att=0.794, att->def=0.813
   meas_innov_mean=2.001e-04,  trPpos_mean=1.464e+00
opp std mean: 2.7449941635131836
opp mix usage: att1_full=0.50, att1_weak=0.33, att1_very_weak=0.18
[update 00570] R_def_mean=+89.247  R_att_mean=+0.000  (batch=262144)
   [def] |mu|_mean=3.210e+00  std_mean=2.318e+00  prior_blend_def=0.000
   mean arena radius ≈ 20.000 m
   timing: rollout=8.156s  optim=0.320s  total=8.476s  steps/s=30929.1
   approx true <||p1-center||> ≈ 7.633
   approx true <||p2-center||> ≈ 13.305
   approx belief <||p2-center||> ≈ 13.512
   EKF RMS pos err: def->att=0.810, att->def=0.821
   meas_innov_mean=2.305e-04,  trPpos_mean=1.463e+00
opp std mean: 2.7449941635131836
opp mix usage: att1_full=0.50, att1_weak=0.31, att1_very_weak=0.19
[update 00580] R_def_mean=+91.073  R_att_mean=+0.000  (batch=262144)
   [def] |mu|_mean=3.182e+00  std_mean=2.308e+00  prior_blend_def=0.000
   mean arena radius ≈ 20.000 m
   timing: rollout=8.180s  optim=0.318s  total=8.498s  steps/s=30846.3
   approx true <||p1-center||> ≈ 7.647
   approx true <||p2-center||> ≈ 13.361
   approx belief <||p2-center||> ≈ 13.554
   EKF RMS pos err: def->att=0.787, att->def=0.816
   meas_innov_mean=2.157e-04,  trPpos_mean=1.472e+00
opp std mean: 2.7449941635131836
opp mix usage: att1_full=0.48, att1_weak=0.34, att1_very_weak=0.18
[update 00590] R_def_mean=+90.097  R_att_mean=+0.000  (batch=262144)
   [def] |mu|_mean=3.154e+00  std_mean=2.302e+00  prior_blend_def=0.000
   mean arena radius ≈ 20.000 m
   timing: rollout=8.208s  optim=0.312s  total=8.520s  steps/s=30767.7
   approx true <||p1-center||> ≈ 7.667
   approx true <||p2-center||> ≈ 13.377
   approx belief <||p2-center||> ≈ 13.577
   EKF RMS pos err: def->att=0.792, att->def=0.814
   meas_innov_mean=2.087e-04,  trPpos_mean=1.483e+00
opp std mean: 2.7449941635131836
opp mix usage: att1_full=0.48, att1_weak=0.34, att1_very_weak=0.18
[update 00600] R_def_mean=+91.234  R_att_mean=+0.000  (batch=262144)
   [def] |mu|_mean=3.145e+00  std_mean=2.291e+00  prior_blend_def=0.000
   mean arena radius ≈ 20.000 m
   timing: rollout=8.183s  optim=0.323s  total=8.506s  steps/s=30819.0
   approx true <||p1-center||> ≈ 7.668
   approx true <||p2-center||> ≈ 13.404
   approx belief <||p2-center||> ≈ 13.582
   EKF RMS pos err: def->att=0.785, att->def=0.810
   meas_innov_mean=1.952e-04,  trPpos_mean=1.479e+00
opp std mean: 2.7449941635131836
opp mix usage: att1_full=0.48, att1_weak=0.35, att1_very_weak=0.18
[update 00610] R_def_mean=+89.834  R_att_mean=+0.000  (batch=262144)
   [def] |mu|_mean=3.160e+00  std_mean=2.286e+00  prior_blend_def=0.000
   mean arena radius ≈ 20.000 m
   timing: rollout=8.213s  optim=0.317s  total=8.530s  steps/s=30732.3
   approx true <||p1-center||> ≈ 7.736
   approx true <||p2-center||> ≈ 13.436
   approx belief <||p2-center||> ≈ 13.628
   EKF RMS pos err: def->att=0.778, att->def=0.810
   meas_innov_mean=1.947e-04,  trPpos_mean=1.447e+00
[checkpoint] new best R_def_mean=+92.561 at update 620 -> Training_Policy_0.5u_1.5vmax_1.0_icVmax_KF_ON/def1_teacher__best.pt
opp std mean: 2.7449941635131836
opp mix usage: att1_full=0.49, att1_weak=0.32, att1_very_weak=0.19
[update 00620] R_def_mean=+92.561  R_att_mean=+0.000  (batch=262144)
   [def] |mu|_mean=3.137e+00  std_mean=2.284e+00  prior_blend_def=0.000
   mean arena radius ≈ 20.000 m
   timing: rollout=8.171s  optim=0.316s  total=8.487s  steps/s=30888.8
   approx true <||p1-center||> ≈ 7.606
   approx true <||p2-center||> ≈ 13.327
   approx belief <||p2-center||> ≈ 13.515
   EKF RMS pos err: def->att=0.789, att->def=0.825
   meas_innov_mean=2.148e-04,  trPpos_mean=1.458e+00
opp std mean: 2.7449941635131836
opp mix usage: att1_full=0.50, att1_weak=0.33, att1_very_weak=0.17
[update 00630] R_def_mean=+91.062  R_att_mean=+0.000  (batch=262144)
   [def] |mu|_mean=3.159e+00  std_mean=2.284e+00  prior_blend_def=0.000
   mean arena radius ≈ 20.000 m
   timing: rollout=8.182s  optim=0.318s  total=8.501s  steps/s=30838.3
   approx true <||p1-center||> ≈ 7.621
   approx true <||p2-center||> ≈ 13.231
   approx belief <||p2-center||> ≈ 13.417
   EKF RMS pos err: def->att=0.780, att->def=0.814
   meas_innov_mean=2.115e-04,  trPpos_mean=1.441e+00
opp std mean: 2.7449941635131836
opp mix usage: att1_full=0.49, att1_weak=0.33, att1_very_weak=0.18
[update 00640] R_def_mean=+91.480  R_att_mean=+0.000  (batch=262144)
   [def] |mu|_mean=3.148e+00  std_mean=2.298e+00  prior_blend_def=0.000
   mean arena radius ≈ 20.000 m
   timing: rollout=8.191s  optim=0.312s  total=8.503s  steps/s=30829.5
   approx true <||p1-center||> ≈ 7.689
   approx true <||p2-center||> ≈ 13.331
   approx belief <||p2-center||> ≈ 13.519
   EKF RMS pos err: def->att=0.784, att->def=0.799
   meas_innov_mean=3.622e-04,  trPpos_mean=1.442e+00
opp std mean: 2.7449941635131836
opp mix usage: att1_full=0.50, att1_weak=0.32, att1_very_weak=0.18
[update 00650] R_def_mean=+90.109  R_att_mean=+0.000  (batch=262144)
   [def] |mu|_mean=3.123e+00  std_mean=2.294e+00  prior_blend_def=0.000
   mean arena radius ≈ 20.000 m
   timing: rollout=8.185s  optim=0.326s  total=8.511s  steps/s=30800.7
   approx true <||p1-center||> ≈ 7.613
   approx true <||p2-center||> ≈ 13.370
   approx belief <||p2-center||> ≈ 13.559
   EKF RMS pos err: def->att=0.786, att->def=0.814
   meas_innov_mean=2.190e-04,  trPpos_mean=1.473e+00
opp std mean: 2.7449941635131836
opp mix usage: att1_full=0.49, att1_weak=0.34, att1_very_weak=0.18
[update 00660] R_def_mean=+91.682  R_att_mean=+0.000  (batch=262144)
   [def] |mu|_mean=3.097e+00  std_mean=2.306e+00  prior_blend_def=0.000
   mean arena radius ≈ 20.000 m
   timing: rollout=8.187s  optim=0.322s  total=8.509s  steps/s=30808.4
   approx true <||p1-center||> ≈ 7.618
   approx true <||p2-center||> ≈ 13.356
   approx belief <||p2-center||> ≈ 13.562
   EKF RMS pos err: def->att=0.804, att->def=0.805
   meas_innov_mean=2.050e-04,  trPpos_mean=1.482e+00
opp std mean: 2.7449941635131836
opp mix usage: att1_full=0.50, att1_weak=0.33, att1_very_weak=0.18
[update 00670] R_def_mean=+91.515  R_att_mean=+0.000  (batch=262144)
   [def] |mu|_mean=3.109e+00  std_mean=2.303e+00  prior_blend_def=0.000
   mean arena radius ≈ 20.000 m
   timing: rollout=8.178s  optim=0.322s  total=8.499s  steps/s=30842.5
   approx true <||p1-center||> ≈ 7.567
   approx true <||p2-center||> ≈ 13.321
   approx belief <||p2-center||> ≈ 13.530
   EKF RMS pos err: def->att=0.797, att->def=0.817
   meas_innov_mean=2.456e-04,  trPpos_mean=1.509e+00
opp std mean: 2.7449941635131836
opp mix usage: att1_full=0.51, att1_weak=0.32, att1_very_weak=0.17
[update 00680] R_def_mean=+91.365  R_att_mean=+0.000  (batch=262144)
   [def] |mu|_mean=3.073e+00  std_mean=2.311e+00  prior_blend_def=0.000
   mean arena radius ≈ 20.000 m
   timing: rollout=8.186s  optim=0.326s  total=8.513s  steps/s=30794.9
   approx true <||p1-center||> ≈ 7.604
   approx true <||p2-center||> ≈ 13.318
   approx belief <||p2-center||> ≈ 13.516
   EKF RMS pos err: def->att=0.800, att->def=0.813
   meas_innov_mean=1.959e-04,  trPpos_mean=1.487e+00
[checkpoint] new best R_def_mean=+92.980 at update 690 -> Training_Policy_0.5u_1.5vmax_1.0_icVmax_KF_ON/def1_teacher__best.pt
opp std mean: 2.7449941635131836
opp mix usage: att1_full=0.49, att1_weak=0.33, att1_very_weak=0.18
[update 00690] R_def_mean=+92.980  R_att_mean=+0.000  (batch=262144)
   [def] |mu|_mean=3.100e+00  std_mean=2.320e+00  prior_blend_def=0.000
   mean arena radius ≈ 20.000 m
   timing: rollout=8.192s  optim=0.314s  total=8.506s  steps/s=30817.6
   approx true <||p1-center||> ≈ 7.575
   approx true <||p2-center||> ≈ 13.295
   approx belief <||p2-center||> ≈ 13.510
   EKF RMS pos err: def->att=0.809, att->def=0.824
   meas_innov_mean=1.940e-04,  trPpos_mean=1.515e+00
opp std mean: 2.7449941635131836
opp mix usage: att1_full=0.49, att1_weak=0.33, att1_very_weak=0.18
[update 00700] R_def_mean=+92.221  R_att_mean=+0.000  (batch=262144)
   [def] |mu|_mean=3.112e+00  std_mean=2.320e+00  prior_blend_def=0.000
   mean arena radius ≈ 20.000 m
   timing: rollout=8.180s  optim=0.358s  total=8.538s  steps/s=30703.4
   approx true <||p1-center||> ≈ 7.638
   approx true <||p2-center||> ≈ 13.385
   approx belief <||p2-center||> ≈ 13.587
   EKF RMS pos err: def->att=0.793, att->def=0.816
   meas_innov_mean=1.988e-04,  trPpos_mean=1.480e+00
opp std mean: 2.7449941635131836
opp mix usage: att1_full=0.49, att1_weak=0.33, att1_very_weak=0.18
[update 00710] R_def_mean=+91.674  R_att_mean=+0.000  (batch=262144)
   [def] |mu|_mean=3.125e+00  std_mean=2.316e+00  prior_blend_def=0.000
   mean arena radius ≈ 20.000 m
   timing: rollout=8.186s  optim=0.318s  total=8.504s  steps/s=30826.3
   approx true <||p1-center||> ≈ 7.651
   approx true <||p2-center||> ≈ 13.378
   approx belief <||p2-center||> ≈ 13.591
   EKF RMS pos err: def->att=0.815, att->def=0.809
   meas_innov_mean=2.089e-04,  trPpos_mean=1.485e+00
opp std mean: 2.7449941635131836
opp mix usage: att1_full=0.47, att1_weak=0.33, att1_very_weak=0.20
[update 00720] R_def_mean=+91.424  R_att_mean=+0.000  (batch=262144)
   [def] |mu|_mean=3.109e+00  std_mean=2.325e+00  prior_blend_def=0.000
   mean arena radius ≈ 20.000 m
   timing: rollout=8.183s  optim=0.313s  total=8.496s  steps/s=30853.4
   approx true <||p1-center||> ≈ 7.595
   approx true <||p2-center||> ≈ 13.454
   approx belief <||p2-center||> ≈ 13.654
   EKF RMS pos err: def->att=0.790, att->def=0.797
   meas_innov_mean=2.346e-04,  trPpos_mean=1.453e+00
opp std mean: 2.7449941635131836
opp mix usage: att1_full=0.50, att1_weak=0.33, att1_very_weak=0.17
[update 00730] R_def_mean=+90.910  R_att_mean=+0.000  (batch=262144)
   [def] |mu|_mean=3.092e+00  std_mean=2.324e+00  prior_blend_def=0.000
   mean arena radius ≈ 20.000 m
   timing: rollout=8.180s  optim=0.331s  total=8.511s  steps/s=30801.5
   approx true <||p1-center||> ≈ 7.529
   approx true <||p2-center||> ≈ 13.272
   approx belief <||p2-center||> ≈ 13.475
   EKF RMS pos err: def->att=0.801, att->def=0.808
   meas_innov_mean=1.943e-04,  trPpos_mean=1.459e+00
opp std mean: 2.7449941635131836
opp mix usage: att1_full=0.47, att1_weak=0.34, att1_very_weak=0.18
[update 00740] R_def_mean=+88.907  R_att_mean=+0.000  (batch=262144)
   [def] |mu|_mean=3.063e+00  std_mean=2.321e+00  prior_blend_def=0.000
   mean arena radius ≈ 20.000 m
   timing: rollout=8.192s  optim=0.318s  total=8.509s  steps/s=30807.1
   approx true <||p1-center||> ≈ 7.532
   approx true <||p2-center||> ≈ 13.321
   approx belief <||p2-center||> ≈ 13.525
   EKF RMS pos err: def->att=0.783, att->def=0.807
   meas_innov_mean=2.104e-04,  trPpos_mean=1.460e+00
opp std mean: 2.7449941635131836
opp mix usage: att1_full=0.49, att1_weak=0.34, att1_very_weak=0.17
[update 00750] R_def_mean=+92.449  R_att_mean=+0.000  (batch=262144)
   [def] |mu|_mean=3.072e+00  std_mean=2.326e+00  prior_blend_def=0.000
   mean arena radius ≈ 20.000 m
   timing: rollout=8.275s  optim=0.321s  total=8.595s  steps/s=30498.9
   approx true <||p1-center||> ≈ 7.631
   approx true <||p2-center||> ≈ 13.402
   approx belief <||p2-center||> ≈ 13.604
   EKF RMS pos err: def->att=0.804, att->def=0.805
   meas_innov_mean=1.959e-04,  trPpos_mean=1.493e+00
opp std mean: 2.7449941635131836
opp mix usage: att1_full=0.49, att1_weak=0.34, att1_very_weak=0.18
[update 00760] R_def_mean=+91.738  R_att_mean=+0.000  (batch=262144)
   [def] |mu|_mean=3.056e+00  std_mean=2.328e+00  prior_blend_def=0.000
   mean arena radius ≈ 20.000 m
   timing: rollout=8.190s  optim=0.318s  total=8.508s  steps/s=30811.9
   approx true <||p1-center||> ≈ 7.433
   approx true <||p2-center||> ≈ 13.212
   approx belief <||p2-center||> ≈ 13.411
   EKF RMS pos err: def->att=0.785, att->def=0.817
   meas_innov_mean=1.947e-04,  trPpos_mean=1.461e+00
opp std mean: 2.7449941635131836
opp mix usage: att1_full=0.49, att1_weak=0.32, att1_very_weak=0.19
[update 00770] R_def_mean=+89.758  R_att_mean=+0.000  (batch=262144)
   [def] |mu|_mean=3.064e+00  std_mean=2.328e+00  prior_blend_def=0.000
   mean arena radius ≈ 20.000 m
   timing: rollout=8.170s  optim=0.321s  total=8.490s  steps/s=30875.4
   approx true <||p1-center||> ≈ 7.516
   approx true <||p2-center||> ≈ 13.284
   approx belief <||p2-center||> ≈ 13.475
   EKF RMS pos err: def->att=0.790, att->def=0.829
   meas_innov_mean=2.550e-04,  trPpos_mean=1.466e+00
opp std mean: 2.7449941635131836
opp mix usage: att1_full=0.50, att1_weak=0.32, att1_very_weak=0.19
[update 00780] R_def_mean=+90.414  R_att_mean=+0.000  (batch=262144)
   [def] |mu|_mean=3.138e+00  std_mean=2.322e+00  prior_blend_def=0.000
   mean arena radius ≈ 20.000 m
   timing: rollout=8.177s  optim=0.320s  total=8.497s  steps/s=30852.5
   approx true <||p1-center||> ≈ 7.585
   approx true <||p2-center||> ≈ 13.328
   approx belief <||p2-center||> ≈ 13.532
   EKF RMS pos err: def->att=0.800, att->def=0.829
   meas_innov_mean=1.971e-04,  trPpos_mean=1.510e+00
opp std mean: 2.7449941635131836
opp mix usage: att1_full=0.49, att1_weak=0.33, att1_very_weak=0.18
[update 00790] R_def_mean=+91.719  R_att_mean=+0.000  (batch=262144)
   [def] |mu|_mean=3.136e+00  std_mean=2.320e+00  prior_blend_def=0.000
   mean arena radius ≈ 20.000 m
   timing: rollout=8.143s  optim=0.310s  total=8.453s  steps/s=31013.0
   approx true <||p1-center||> ≈ 7.599
   approx true <||p2-center||> ≈ 13.339
   approx belief <||p2-center||> ≈ 13.547
   EKF RMS pos err: def->att=0.795, att->def=0.808
   meas_innov_mean=2.030e-04,  trPpos_mean=1.451e+00
opp std mean: 2.7449941635131836
opp mix usage: att1_full=0.48, att1_weak=0.34, att1_very_weak=0.18
[update 00800] R_def_mean=+90.667  R_att_mean=+0.000  (batch=262144)
   [def] |mu|_mean=3.087e+00  std_mean=2.316e+00  prior_blend_def=0.000
   mean arena radius ≈ 20.000 m
   timing: rollout=8.175s  optim=0.341s  total=8.515s  steps/s=30784.6
   approx true <||p1-center||> ≈ 7.549
   approx true <||p2-center||> ≈ 13.304
   approx belief <||p2-center||> ≈ 13.507
   EKF RMS pos err: def->att=0.788, att->def=0.814
   meas_innov_mean=2.142e-04,  trPpos_mean=1.454e+00
opp std mean: 2.7449941635131836
opp mix usage: att1_full=0.48, att1_weak=0.32, att1_very_weak=0.19
[update 00810] R_def_mean=+92.148  R_att_mean=+0.000  (batch=262144)
   [def] |mu|_mean=3.118e+00  std_mean=2.308e+00  prior_blend_def=0.000
   mean arena radius ≈ 20.000 m
   timing: rollout=8.174s  optim=0.317s  total=8.490s  steps/s=30876.2
   approx true <||p1-center||> ≈ 7.598
   approx true <||p2-center||> ≈ 13.343
   approx belief <||p2-center||> ≈ 13.551
   EKF RMS pos err: def->att=0.790, att->def=0.805
   meas_innov_mean=1.967e-04,  trPpos_mean=1.483e+00
opp std mean: 2.7449941635131836
opp mix usage: att1_full=0.49, att1_weak=0.33, att1_very_weak=0.18
[update 00820] R_def_mean=+91.422  R_att_mean=+0.000  (batch=262144)
   [def] |mu|_mean=3.099e+00  std_mean=2.315e+00  prior_blend_def=0.000
   mean arena radius ≈ 20.000 m
   timing: rollout=8.205s  optim=0.310s  total=8.515s  steps/s=30787.7
   approx true <||p1-center||> ≈ 7.575
   approx true <||p2-center||> ≈ 13.360
   approx belief <||p2-center||> ≈ 13.565
   EKF RMS pos err: def->att=0.800, att->def=0.815
   meas_innov_mean=2.082e-04,  trPpos_mean=1.485e+00
opp std mean: 2.7449941635131836
opp mix usage: att1_full=0.48, att1_weak=0.34, att1_very_weak=0.18
[update 00830] R_def_mean=+91.550  R_att_mean=+0.000  (batch=262144)
   [def] |mu|_mean=3.120e+00  std_mean=2.310e+00  prior_blend_def=0.000
   mean arena radius ≈ 20.000 m
   timing: rollout=8.189s  optim=0.348s  total=8.537s  steps/s=30706.7
   approx true <||p1-center||> ≈ 7.579
   approx true <||p2-center||> ≈ 13.348
   approx belief <||p2-center||> ≈ 13.536
   EKF RMS pos err: def->att=0.780, att->def=0.818
   meas_innov_mean=2.020e-04,  trPpos_mean=1.486e+00
opp std mean: 2.7449941635131836
opp mix usage: att1_full=0.49, att1_weak=0.33, att1_very_weak=0.18
[update 00840] R_def_mean=+90.988  R_att_mean=+0.000  (batch=262144)
   [def] |mu|_mean=3.117e+00  std_mean=2.301e+00  prior_blend_def=0.000
   mean arena radius ≈ 20.000 m
   timing: rollout=8.172s  optim=0.322s  total=8.494s  steps/s=30862.6
   approx true <||p1-center||> ≈ 7.713
   approx true <||p2-center||> ≈ 13.384
   approx belief <||p2-center||> ≈ 13.583
   EKF RMS pos err: def->att=0.802, att->def=0.812
   meas_innov_mean=1.999e-04,  trPpos_mean=1.465e+00
opp std mean: 2.7449941635131836
opp mix usage: att1_full=0.50, att1_weak=0.32, att1_very_weak=0.17
[update 00850] R_def_mean=+92.410  R_att_mean=+0.000  (batch=262144)
   [def] |mu|_mean=3.104e+00  std_mean=2.316e+00  prior_blend_def=0.000
   mean arena radius ≈ 20.000 m
   timing: rollout=8.338s  optim=0.317s  total=8.655s  steps/s=30288.2
   approx true <||p1-center||> ≈ 7.554
   approx true <||p2-center||> ≈ 13.291
   approx belief <||p2-center||> ≈ 13.491
   EKF RMS pos err: def->att=0.784, att->def=0.804
   meas_innov_mean=1.960e-04,  trPpos_mean=1.457e+00
opp std mean: 2.7449941635131836
opp mix usage: att1_full=0.49, att1_weak=0.34, att1_very_weak=0.18
[update 00860] R_def_mean=+92.567  R_att_mean=+0.000  (batch=262144)
   [def] |mu|_mean=3.120e+00  std_mean=2.318e+00  prior_blend_def=0.000
   mean arena radius ≈ 20.000 m
   timing: rollout=8.193s  optim=0.342s  total=8.535s  steps/s=30714.8
   approx true <||p1-center||> ≈ 7.496
   approx true <||p2-center||> ≈ 13.300
   approx belief <||p2-center||> ≈ 13.500
   EKF RMS pos err: def->att=0.797, att->def=0.816
   meas_innov_mean=1.966e-04,  trPpos_mean=1.459e+00
opp std mean: 2.7449941635131836
opp mix usage: att1_full=0.50, att1_weak=0.32, att1_very_weak=0.18
[update 00870] R_def_mean=+91.441  R_att_mean=+0.000  (batch=262144)
   [def] |mu|_mean=3.103e+00  std_mean=2.318e+00  prior_blend_def=0.000
   mean arena radius ≈ 20.000 m
   timing: rollout=8.203s  optim=0.320s  total=8.523s  steps/s=30756.9
   approx true <||p1-center||> ≈ 7.548
   approx true <||p2-center||> ≈ 13.316
   approx belief <||p2-center||> ≈ 13.515
   EKF RMS pos err: def->att=0.802, att->def=0.823
   meas_innov_mean=2.066e-04,  trPpos_mean=1.495e+00
opp std mean: 2.7449941635131836
opp mix usage: att1_full=0.50, att1_weak=0.32, att1_very_weak=0.19
[update 00880] R_def_mean=+92.029  R_att_mean=+0.000  (batch=262144)
   [def] |mu|_mean=3.037e+00  std_mean=2.326e+00  prior_blend_def=0.000
   mean arena radius ≈ 20.000 m
   timing: rollout=8.196s  optim=0.318s  total=8.514s  steps/s=30790.4
   approx true <||p1-center||> ≈ 7.529
   approx true <||p2-center||> ≈ 13.343
   approx belief <||p2-center||> ≈ 13.559
   EKF RMS pos err: def->att=0.809, att->def=0.812
   meas_innov_mean=2.649e-04,  trPpos_mean=1.498e+00
[checkpoint] new best R_def_mean=+93.293 at update 890 -> Training_Policy_0.5u_1.5vmax_1.0_icVmax_KF_ON/def1_teacher__best.pt
opp std mean: 2.7449941635131836
opp mix usage: att1_full=0.49, att1_weak=0.33, att1_very_weak=0.18
[update 00890] R_def_mean=+93.293  R_att_mean=+0.000  (batch=262144)
   [def] |mu|_mean=3.074e+00  std_mean=2.325e+00  prior_blend_def=0.000
   mean arena radius ≈ 20.000 m
   timing: rollout=8.237s  optim=0.320s  total=8.557s  steps/s=30633.3
   approx true <||p1-center||> ≈ 7.532
   approx true <||p2-center||> ≈ 13.309
   approx belief <||p2-center||> ≈ 13.496
   EKF RMS pos err: def->att=0.795, att->def=0.831
   meas_innov_mean=2.031e-04,  trPpos_mean=1.483e+00
opp std mean: 2.7449941635131836
opp mix usage: att1_full=0.47, att1_weak=0.34, att1_very_weak=0.19
[update 00900] R_def_mean=+91.009  R_att_mean=+0.000  (batch=262144)
   [def] |mu|_mean=3.171e+00  std_mean=2.331e+00  prior_blend_def=0.000
   mean arena radius ≈ 20.000 m
   timing: rollout=8.196s  optim=0.317s  total=8.513s  steps/s=30791.8
   approx true <||p1-center||> ≈ 7.684
   approx true <||p2-center||> ≈ 13.466
   approx belief <||p2-center||> ≈ 13.681
   EKF RMS pos err: def->att=0.865, att->def=0.809
   meas_innov_mean=2.669e-04,  trPpos_mean=1.438e+00
opp std mean: 2.7449941635131836
opp mix usage: att1_full=0.49, att1_weak=0.32, att1_very_weak=0.19
[update 00910] R_def_mean=+92.708  R_att_mean=+0.000  (batch=262144)
   [def] |mu|_mean=3.129e+00  std_mean=2.339e+00  prior_blend_def=0.000
   mean arena radius ≈ 20.000 m
   timing: rollout=8.170s  optim=0.314s  total=8.484s  steps/s=30897.8
   approx true <||p1-center||> ≈ 7.583
   approx true <||p2-center||> ≈ 13.314
   approx belief <||p2-center||> ≈ 13.515
   EKF RMS pos err: def->att=0.798, att->def=0.800
   meas_innov_mean=2.006e-04,  trPpos_mean=1.458e+00
opp std mean: 2.7449941635131836
opp mix usage: att1_full=0.47, att1_weak=0.34, att1_very_weak=0.18
[update 00920] R_def_mean=+90.878  R_att_mean=+0.000  (batch=262144)
   [def] |mu|_mean=3.094e+00  std_mean=2.340e+00  prior_blend_def=0.000
   mean arena radius ≈ 20.000 m
   timing: rollout=8.179s  optim=0.359s  total=8.538s  steps/s=30702.0
   approx true <||p1-center||> ≈ 7.517
   approx true <||p2-center||> ≈ 13.258
   approx belief <||p2-center||> ≈ 13.459
   EKF RMS pos err: def->att=0.794, att->def=0.817
   meas_innov_mean=2.032e-04,  trPpos_mean=1.481e+00
opp std mean: 2.7449941635131836
opp mix usage: att1_full=0.50, att1_weak=0.34, att1_very_weak=0.16
[update 00930] R_def_mean=+92.870  R_att_mean=+0.000  (batch=262144)
   [def] |mu|_mean=3.107e+00  std_mean=2.342e+00  prior_blend_def=0.000
   mean arena radius ≈ 20.000 m
   timing: rollout=8.188s  optim=0.321s  total=8.509s  steps/s=30807.3
   approx true <||p1-center||> ≈ 7.534
   approx true <||p2-center||> ≈ 13.266
   approx belief <||p2-center||> ≈ 13.459
   EKF RMS pos err: def->att=0.787, att->def=0.809
   meas_innov_mean=1.946e-04,  trPpos_mean=1.452e+00
opp std mean: 2.7449941635131836
opp mix usage: att1_full=0.50, att1_weak=0.32, att1_very_weak=0.18
[update 00940] R_def_mean=+92.534  R_att_mean=+0.000  (batch=262144)
   [def] |mu|_mean=3.102e+00  std_mean=2.344e+00  prior_blend_def=0.000
   mean arena radius ≈ 20.000 m
   timing: rollout=8.174s  optim=0.322s  total=8.496s  steps/s=30853.8
   approx true <||p1-center||> ≈ 7.511
   approx true <||p2-center||> ≈ 13.225
   approx belief <||p2-center||> ≈ 13.426
   EKF RMS pos err: def->att=0.790, att->def=0.812
   meas_innov_mean=3.184e-04,  trPpos_mean=1.464e+00
opp std mean: 2.7449941635131836
opp mix usage: att1_full=0.50, att1_weak=0.32, att1_very_weak=0.18
[update 00950] R_def_mean=+91.967  R_att_mean=+0.000  (batch=262144)
   [def] |mu|_mean=3.137e+00  std_mean=2.348e+00  prior_blend_def=0.000
   mean arena radius ≈ 20.000 m
   timing: rollout=8.191s  optim=0.315s  total=8.506s  steps/s=30819.7
   approx true <||p1-center||> ≈ 7.476
   approx true <||p2-center||> ≈ 13.230
   approx belief <||p2-center||> ≈ 13.436
   EKF RMS pos err: def->att=0.789, att->def=0.807
   meas_innov_mean=1.958e-04,  trPpos_mean=1.489e+00
opp std mean: 2.7449941635131836
opp mix usage: att1_full=0.49, att1_weak=0.32, att1_very_weak=0.19
[update 00960] R_def_mean=+91.946  R_att_mean=+0.000  (batch=262144)
   [def] |mu|_mean=3.131e+00  std_mean=2.351e+00  prior_blend_def=0.000
   mean arena radius ≈ 20.000 m
   timing: rollout=8.178s  optim=0.314s  total=8.492s  steps/s=30868.9
   approx true <||p1-center||> ≈ 7.531
   approx true <||p2-center||> ≈ 13.355
   approx belief <||p2-center||> ≈ 13.553
   EKF RMS pos err: def->att=0.792, att->def=0.832
   meas_innov_mean=1.964e-04,  trPpos_mean=1.499e+00
opp std mean: 2.7449941635131836
opp mix usage: att1_full=0.49, att1_weak=0.33, att1_very_weak=0.18
[update 00970] R_def_mean=+91.664  R_att_mean=+0.000  (batch=262144)
   [def] |mu|_mean=3.118e+00  std_mean=2.354e+00  prior_blend_def=0.000
   mean arena radius ≈ 20.000 m
   timing: rollout=8.153s  optim=0.326s  total=8.479s  steps/s=30916.4
   approx true <||p1-center||> ≈ 7.568
   approx true <||p2-center||> ≈ 13.343
   approx belief <||p2-center||> ≈ 13.542
   EKF RMS pos err: def->att=0.788, att->def=0.820
   meas_innov_mean=2.221e-04,  trPpos_mean=1.511e+00
opp std mean: 2.7449941635131836
opp mix usage: att1_full=0.50, att1_weak=0.33, att1_very_weak=0.17
[update 00980] R_def_mean=+92.398  R_att_mean=+0.000  (batch=262144)
   [def] |mu|_mean=3.117e+00  std_mean=2.359e+00  prior_blend_def=0.000
   mean arena radius ≈ 20.000 m
   timing: rollout=8.168s  optim=0.315s  total=8.483s  steps/s=30903.6
   approx true <||p1-center||> ≈ 7.476
   approx true <||p2-center||> ≈ 13.231
   approx belief <||p2-center||> ≈ 13.424
   EKF RMS pos err: def->att=0.803, att->def=0.816
   meas_innov_mean=2.059e-04,  trPpos_mean=1.458e+00
opp std mean: 2.7449941635131836
opp mix usage: att1_full=0.51, att1_weak=0.31, att1_very_weak=0.18
[update 00990] R_def_mean=+91.325  R_att_mean=+0.000  (batch=262144)
   [def] |mu|_mean=3.138e+00  std_mean=2.363e+00  prior_blend_def=0.000
   mean arena radius ≈ 20.000 m
   timing: rollout=8.176s  optim=0.313s  total=8.488s  steps/s=30883.5
   approx true <||p1-center||> ≈ 7.493
   approx true <||p2-center||> ≈ 13.310
   approx belief <||p2-center||> ≈ 13.515
   EKF RMS pos err: def->att=0.795, att->def=0.823
   meas_innov_mean=1.987e-04,  trPpos_mean=1.490e+00
[checkpoint] new best R_def_mean=+93.882 at update 1000 -> Training_Policy_0.5u_1.5vmax_1.0_icVmax_KF_ON/def1_teacher__best.pt
opp std mean: 2.7449941635131836
opp mix usage: att1_full=0.50, att1_weak=0.32, att1_very_weak=0.18
[update 01000] R_def_mean=+93.882  R_att_mean=+0.000  (batch=262144)
   [def] |mu|_mean=3.139e+00  std_mean=2.364e+00  prior_blend_def=0.000
   mean arena radius ≈ 20.000 m
   timing: rollout=8.173s  optim=0.322s  total=8.495s  steps/s=30858.5
   approx true <||p1-center||> ≈ 7.625
   approx true <||p2-center||> ≈ 13.333
   approx belief <||p2-center||> ≈ 13.526
   EKF RMS pos err: def->att=0.794, att->def=0.817
   meas_innov_mean=1.968e-04,  trPpos_mean=1.471e+00
[ic] saved actual training IC samples -> Training_Policy_0.5u_1.5vmax_1.0_icVmax_KF_ON/ic_samples_def1_teacher.npz
[checkpoint] saved last checkpoint -> Training_Policy_0.5u_1.5vmax_1.0_icVmax_KF_ON/def1_teacher.pt
Training finished.
[DEF1 TEACHER] Using defender checkpoint: Training_Policy_0.5u_1.5vmax_1.0_icVmax_KF_ON/def1_teacher.pt
[DEF1 TEACHER] best R_def_mean=+93.882 at update 1000
[DEF1 TEACHER] Saved metrics to Training_Policy_0.5u_1.5vmax_1.0_icVmax_KF_ON/train_metrics_def1_teacher.npz

===== PHASE 3: Train ATTACKER_2 vs frozen DEFENDER_1 =====
[ATT2 TEACHER] Using device: cuda
[ATT2] train_role=att  distill=False  distill_method=modern
[tb] logging to: runs/Training_Policy_0.5u_1.5vmax_1.0_icVmax_KF_ON_att2_teacher
[TorchVecEnv] batched EKF path enabled (device=cuda, num_envs=256).
[train] rollout backend=torch (num_envs=256, vec_workers=None)
[checkpoint] new best R_att_mean=-45.193 at update 10 -> Training_Policy_0.5u_1.5vmax_1.0_icVmax_KF_ON/att2_teacher__best.pt
opp std mean: 2.3642079830169678
opp mix usage: def0_full=0.16, def0_weak=0.17, def0_very_weak=0.09, def1_full=0.29, def1_weak=0.21, def1_very_weak=0.08
[update 00010] R_def_mean=+0.000  R_att_mean=-45.193  (batch=262144)
   [att] |mu|_mean=4.458e+00  std_mean=2.364e+00  prior_blend_def=0.000
   mean arena radius ≈ 20.000 m
   timing: rollout=8.408s  optim=0.315s  total=8.723s  steps/s=30053.5
   approx true <||p1-center||> ≈ 11.393
   approx true <||p2-center||> ≈ 15.158
   approx belief <||p2-center||> ≈ 15.341
   EKF RMS pos err: def->att=0.820, att->def=0.813
   meas_innov_mean=1.783e-04,  trPpos_mean=1.659e+00
[checkpoint] new best R_att_mean=-40.176 at update 20 -> Training_Policy_0.5u_1.5vmax_1.0_icVmax_KF_ON/att2_teacher__best.pt
opp std mean: 2.3642079830169678
opp mix usage: def0_full=0.15, def0_weak=0.17, def0_very_weak=0.09, def1_full=0.28, def1_weak=0.21, def1_very_weak=0.10
[update 00020] R_def_mean=+0.000  R_att_mean=-40.176  (batch=262144)
   [att] |mu|_mean=4.541e+00  std_mean=2.364e+00  prior_blend_def=0.000
   mean arena radius ≈ 20.000 m
   timing: rollout=8.401s  optim=0.323s  total=8.724s  steps/s=30049.2
   approx true <||p1-center||> ≈ 11.340
   approx true <||p2-center||> ≈ 14.810
   approx belief <||p2-center||> ≈ 14.959
   EKF RMS pos err: def->att=0.776, att->def=0.809
   meas_innov_mean=1.821e-04,  trPpos_mean=1.517e+00
[checkpoint] new best R_att_mean=-37.255 at update 30 -> Training_Policy_0.5u_1.5vmax_1.0_icVmax_KF_ON/att2_teacher__best.pt
opp std mean: 2.3642079830169678
opp mix usage: def0_full=0.15, def0_weak=0.18, def0_very_weak=0.09, def1_full=0.27, def1_weak=0.22, def1_very_weak=0.09
[update 00030] R_def_mean=+0.000  R_att_mean=-37.255  (batch=262144)
   [att] |mu|_mean=4.670e+00  std_mean=2.364e+00  prior_blend_def=0.000
   mean arena radius ≈ 20.000 m
   timing: rollout=8.346s  optim=0.313s  total=8.659s  steps/s=30273.8
   approx true <||p1-center||> ≈ 11.138
   approx true <||p2-center||> ≈ 14.592
   approx belief <||p2-center||> ≈ 14.762
   EKF RMS pos err: def->att=0.806, att->def=0.797
   meas_innov_mean=2.479e-04,  trPpos_mean=1.525e+00
[checkpoint] new best R_att_mean=-34.213 at update 40 -> Training_Policy_0.5u_1.5vmax_1.0_icVmax_KF_ON/att2_teacher__best.pt
opp std mean: 2.3642079830169678
opp mix usage: def0_full=0.14, def0_weak=0.16, def0_very_weak=0.10, def1_full=0.26, def1_weak=0.24, def1_very_weak=0.11
[update 00040] R_def_mean=+0.000  R_att_mean=-34.213  (batch=262144)
   [att] |mu|_mean=4.731e+00  std_mean=2.364e+00  prior_blend_def=0.000
   mean arena radius ≈ 20.000 m
   timing: rollout=8.337s  optim=0.315s  total=8.652s  steps/s=30297.3
   approx true <||p1-center||> ≈ 11.187
   approx true <||p2-center||> ≈ 14.326
   approx belief <||p2-center||> ≈ 14.476
   EKF RMS pos err: def->att=0.769, att->def=0.762
   meas_innov_mean=1.759e-04,  trPpos_mean=1.439e+00
[checkpoint] new best R_att_mean=-28.838 at update 50 -> Training_Policy_0.5u_1.5vmax_1.0_icVmax_KF_ON/att2_teacher__best.pt
opp std mean: 2.3642079830169678
opp mix usage: def0_full=0.12, def0_weak=0.18, def0_very_weak=0.08, def1_full=0.26, def1_weak=0.26, def1_very_weak=0.10
[update 00050] R_def_mean=+0.000  R_att_mean=-28.838  (batch=262144)
   [att] |mu|_mean=4.859e+00  std_mean=2.364e+00  prior_blend_def=0.000
   mean arena radius ≈ 20.000 m
   timing: rollout=8.320s  optim=0.308s  total=8.628s  steps/s=30383.1
   approx true <||p1-center||> ≈ 10.969
   approx true <||p2-center||> ≈ 13.723
   approx belief <||p2-center||> ≈ 13.865
   EKF RMS pos err: def->att=0.732, att->def=0.735
   meas_innov_mean=2.342e-04,  trPpos_mean=1.312e+00
[checkpoint] new best R_att_mean=-25.444 at update 60 -> Training_Policy_0.5u_1.5vmax_1.0_icVmax_KF_ON/att2_teacher__best.pt
opp std mean: 2.3642079830169678
opp mix usage: def0_full=0.13, def0_weak=0.18, def0_very_weak=0.10, def1_full=0.25, def1_weak=0.24, def1_very_weak=0.10
[update 00060] R_def_mean=+0.000  R_att_mean=-25.444  (batch=262144)
   [att] |mu|_mean=4.968e+00  std_mean=2.364e+00  prior_blend_def=0.000
   mean arena radius ≈ 20.000 m
   timing: rollout=8.323s  optim=0.316s  total=8.640s  steps/s=30342.2
   approx true <||p1-center||> ≈ 10.914
   approx true <||p2-center||> ≈ 13.278
   approx belief <||p2-center||> ≈ 13.422
   EKF RMS pos err: def->att=0.690, att->def=0.708
   meas_innov_mean=1.829e-04,  trPpos_mean=1.174e+00
[checkpoint] new best R_att_mean=-20.867 at update 70 -> Training_Policy_0.5u_1.5vmax_1.0_icVmax_KF_ON/att2_teacher__best.pt
opp std mean: 2.3642079830169678
opp mix usage: def0_full=0.12, def0_weak=0.18, def0_very_weak=0.09, def1_full=0.26, def1_weak=0.25, def1_very_weak=0.10
[update 00070] R_def_mean=+0.000  R_att_mean=-20.867  (batch=262144)
   [att] |mu|_mean=5.181e+00  std_mean=2.364e+00  prior_blend_def=0.000
   mean arena radius ≈ 20.000 m
   timing: rollout=8.296s  optim=0.320s  total=8.617s  steps/s=30422.9
   approx true <||p1-center||> ≈ 10.841
   approx true <||p2-center||> ≈ 12.635
   approx belief <||p2-center||> ≈ 12.783
   EKF RMS pos err: def->att=0.668, att->def=0.676
   meas_innov_mean=1.755e-04,  trPpos_mean=1.091e+00
[checkpoint] new best R_att_mean=-20.200 at update 80 -> Training_Policy_0.5u_1.5vmax_1.0_icVmax_KF_ON/att2_teacher__best.pt
opp std mean: 2.3642079830169678
opp mix usage: def0_full=0.13, def0_weak=0.19, def0_very_weak=0.09, def1_full=0.25, def1_weak=0.26, def1_very_weak=0.08
[update 00080] R_def_mean=+0.000  R_att_mean=-20.200  (batch=262144)
   [att] |mu|_mean=5.319e+00  std_mean=2.364e+00  prior_blend_def=0.000
   mean arena radius ≈ 20.000 m
   timing: rollout=8.272s  optim=0.312s  total=8.584s  steps/s=30539.1
   approx true <||p1-center||> ≈ 10.658
   approx true <||p2-center||> ≈ 12.220
   approx belief <||p2-center||> ≈ 12.360
   EKF RMS pos err: def->att=0.644, att->def=0.642
   meas_innov_mean=1.767e-04,  trPpos_mean=9.979e-01
[checkpoint] new best R_att_mean=-15.303 at update 90 -> Training_Policy_0.5u_1.5vmax_1.0_icVmax_KF_ON/att2_teacher__best.pt
opp std mean: 2.3642079830169678
opp mix usage: def0_full=0.12, def0_weak=0.22, def0_very_weak=0.09, def1_full=0.25, def1_weak=0.25, def1_very_weak=0.08
[update 00090] R_def_mean=+0.000  R_att_mean=-15.303  (batch=262144)
   [att] |mu|_mean=5.462e+00  std_mean=2.364e+00  prior_blend_def=0.000
   mean arena radius ≈ 20.000 m
   timing: rollout=8.283s  optim=0.316s  total=8.598s  steps/s=30487.8
   approx true <||p1-center||> ≈ 10.590
   approx true <||p2-center||> ≈ 11.703
   approx belief <||p2-center||> ≈ 11.846
   EKF RMS pos err: def->att=0.616, att->def=0.704
   meas_innov_mean=1.895e-04,  trPpos_mean=9.531e-01
[checkpoint] new best R_att_mean=-12.732 at update 100 -> Training_Policy_0.5u_1.5vmax_1.0_icVmax_KF_ON/att2_teacher__best.pt
opp std mean: 2.3642079830169678
opp mix usage: def0_full=0.12, def0_weak=0.22, def0_very_weak=0.08, def1_full=0.21, def1_weak=0.28, def1_very_weak=0.09
[update 00100] R_def_mean=+0.000  R_att_mean=-12.732  (batch=262144)
   [att] |mu|_mean=5.665e+00  std_mean=2.364e+00  prior_blend_def=0.000
   mean arena radius ≈ 20.000 m
   timing: rollout=8.264s  optim=0.323s  total=8.587s  steps/s=30528.4
   approx true <||p1-center||> ≈ 10.540
   approx true <||p2-center||> ≈ 11.343
   approx belief <||p2-center||> ≈ 11.479
   EKF RMS pos err: def->att=0.644, att->def=0.615
   meas_innov_mean=1.787e-04,  trPpos_mean=9.092e-01
[checkpoint] new best R_att_mean=-7.856 at update 110 -> Training_Policy_0.5u_1.5vmax_1.0_icVmax_KF_ON/att2_teacher__best.pt
opp std mean: 2.3642079830169678
opp mix usage: def0_full=0.11, def0_weak=0.21, def0_very_weak=0.06, def1_full=0.22, def1_weak=0.30, def1_very_weak=0.09
[update 00110] R_def_mean=+0.000  R_att_mean=-7.856  (batch=262144)
   [att] |mu|_mean=5.820e+00  std_mean=2.364e+00  prior_blend_def=0.000
   mean arena radius ≈ 20.000 m
   timing: rollout=8.263s  optim=0.314s  total=8.577s  steps/s=30564.7
   approx true <||p1-center||> ≈ 10.337
   approx true <||p2-center||> ≈ 10.636
   approx belief <||p2-center||> ≈ 10.764
   EKF RMS pos err: def->att=0.577, att->def=0.589
   meas_innov_mean=1.886e-04,  trPpos_mean=8.400e-01
[checkpoint] new best R_att_mean=-1.808 at update 120 -> Training_Policy_0.5u_1.5vmax_1.0_icVmax_KF_ON/att2_teacher__best.pt
opp std mean: 2.3642079830169678
opp mix usage: def0_full=0.12, def0_weak=0.22, def0_very_weak=0.07, def1_full=0.22, def1_weak=0.30, def1_very_weak=0.08
[update 00120] R_def_mean=+0.000  R_att_mean=-1.808  (batch=262144)
   [att] |mu|_mean=5.965e+00  std_mean=2.364e+00  prior_blend_def=0.000
   mean arena radius ≈ 20.000 m
   timing: rollout=8.253s  optim=0.316s  total=8.569s  steps/s=30592.7
   approx true <||p1-center||> ≈ 10.286
   approx true <||p2-center||> ≈ 10.457
   approx belief <||p2-center||> ≈ 10.588
   EKF RMS pos err: def->att=0.595, att->def=0.591
   meas_innov_mean=1.846e-04,  trPpos_mean=8.466e-01
[checkpoint] new best R_att_mean=+6.562 at update 130 -> Training_Policy_0.5u_1.5vmax_1.0_icVmax_KF_ON/att2_teacher__best.pt
opp std mean: 2.3642079830169678
opp mix usage: def0_full=0.12, def0_weak=0.17, def0_very_weak=0.10, def1_full=0.28, def1_weak=0.25, def1_very_weak=0.07
[update 00130] R_def_mean=+0.000  R_att_mean=+6.562  (batch=262144)
   [att] |mu|_mean=5.988e+00  std_mean=2.364e+00  prior_blend_def=0.000
   mean arena radius ≈ 20.000 m
   timing: rollout=8.307s  optim=0.318s  total=8.625s  steps/s=30392.7
   approx true <||p1-center||> ≈ 10.710
   approx true <||p2-center||> ≈ 10.538
   approx belief <||p2-center||> ≈ 10.666
   EKF RMS pos err: def->att=0.618, att->def=0.639
   meas_innov_mean=1.862e-04,  trPpos_mean=9.925e-01
[checkpoint] new best R_att_mean=+11.093 at update 140 -> Training_Policy_0.5u_1.5vmax_1.0_icVmax_KF_ON/att2_teacher__best.pt
opp std mean: 2.3642079830169678
opp mix usage: def0_full=0.15, def0_weak=0.17, def0_very_weak=0.08, def1_full=0.31, def1_weak=0.22, def1_very_weak=0.08
[update 00140] R_def_mean=+0.000  R_att_mean=+11.093  (batch=262144)
   [att] |mu|_mean=5.861e+00  std_mean=2.364e+00  prior_blend_def=0.000
   mean arena radius ≈ 20.000 m
   timing: rollout=8.347s  optim=0.311s  total=8.658s  steps/s=30276.6
   approx true <||p1-center||> ≈ 10.652
   approx true <||p2-center||> ≈ 10.970
   approx belief <||p2-center||> ≈ 11.115
   EKF RMS pos err: def->att=0.675, att->def=0.678
   meas_innov_mean=2.129e-04,  trPpos_mean=1.115e+00
[checkpoint] new best R_att_mean=+20.322 at update 150 -> Training_Policy_0.5u_1.5vmax_1.0_icVmax_KF_ON/att2_teacher__best.pt
opp std mean: 2.3642079830169678
opp mix usage: def0_full=0.17, def0_weak=0.16, def0_very_weak=0.09, def1_full=0.29, def1_weak=0.21, def1_very_weak=0.09
[update 00150] R_def_mean=+0.000  R_att_mean=+20.322  (batch=262144)
   [att] |mu|_mean=5.909e+00  std_mean=2.364e+00  prior_blend_def=0.000
   mean arena radius ≈ 20.000 m
   timing: rollout=8.398s  optim=0.312s  total=8.710s  steps/s=30096.6
   approx true <||p1-center||> ≈ 10.770
   approx true <||p2-center||> ≈ 11.130
   approx belief <||p2-center||> ≈ 11.301
   EKF RMS pos err: def->att=0.717, att->def=0.721
   meas_innov_mean=2.318e-04,  trPpos_mean=1.230e+00
[checkpoint] new best R_att_mean=+26.693 at update 160 -> Training_Policy_0.5u_1.5vmax_1.0_icVmax_KF_ON/att2_teacher__best.pt
opp std mean: 2.3642079830169678
opp mix usage: def0_full=0.16, def0_weak=0.15, def0_very_weak=0.09, def1_full=0.32, def1_weak=0.20, def1_very_weak=0.08
[update 00160] R_def_mean=+0.000  R_att_mean=+26.693  (batch=262144)
   [att] |mu|_mean=5.829e+00  std_mean=2.364e+00  prior_blend_def=0.000
   mean arena radius ≈ 20.000 m
   timing: rollout=8.420s  optim=0.332s  total=8.752s  steps/s=29953.0
   approx true <||p1-center||> ≈ 10.915
   approx true <||p2-center||> ≈ 11.258
   approx belief <||p2-center||> ≈ 11.422
   EKF RMS pos err: def->att=0.728, att->def=0.740
   meas_innov_mean=2.208e-04,  trPpos_mean=1.336e+00
[checkpoint] new best R_att_mean=+31.947 at update 170 -> Training_Policy_0.5u_1.5vmax_1.0_icVmax_KF_ON/att2_teacher__best.pt
opp std mean: 2.3642079830169678
opp mix usage: def0_full=0.16, def0_weak=0.14, def0_very_weak=0.08, def1_full=0.35, def1_weak=0.18, def1_very_weak=0.08
[update 00170] R_def_mean=+0.000  R_att_mean=+31.947  (batch=262144)
   [att] |mu|_mean=5.759e+00  std_mean=2.364e+00  prior_blend_def=0.000
   mean arena radius ≈ 20.000 m
   timing: rollout=8.397s  optim=0.328s  total=8.726s  steps/s=30042.3
   approx true <||p1-center||> ≈ 10.763
   approx true <||p2-center||> ≈ 11.216
   approx belief <||p2-center||> ≈ 11.384
   EKF RMS pos err: def->att=0.745, att->def=0.750
   meas_innov_mean=2.207e-04,  trPpos_mean=1.412e+00
[checkpoint] new best R_att_mean=+34.337 at update 180 -> Training_Policy_0.5u_1.5vmax_1.0_icVmax_KF_ON/att2_teacher__best.pt
opp std mean: 2.3642079830169678
opp mix usage: def0_full=0.18, def0_weak=0.15, def0_very_weak=0.07, def1_full=0.36, def1_weak=0.17, def1_very_weak=0.07
[update 00180] R_def_mean=+0.000  R_att_mean=+34.337  (batch=262144)
   [att] |mu|_mean=5.760e+00  std_mean=2.364e+00  prior_blend_def=0.000
   mean arena radius ≈ 20.000 m
   timing: rollout=8.437s  optim=0.318s  total=8.755s  steps/s=29942.1
   approx true <||p1-center||> ≈ 10.634
   approx true <||p2-center||> ≈ 11.197
   approx belief <||p2-center||> ≈ 11.377
   EKF RMS pos err: def->att=0.791, att->def=0.776
   meas_innov_mean=2.613e-04,  trPpos_mean=1.356e+00
[checkpoint] new best R_att_mean=+37.350 at update 190 -> Training_Policy_0.5u_1.5vmax_1.0_icVmax_KF_ON/att2_teacher__best.pt
opp std mean: 2.3642079830169678
opp mix usage: def0_full=0.19, def0_weak=0.13, def0_very_weak=0.09, def1_full=0.33, def1_weak=0.19, def1_very_weak=0.07
[update 00190] R_def_mean=+0.000  R_att_mean=+37.350  (batch=262144)
   [att] |mu|_mean=5.803e+00  std_mean=2.364e+00  prior_blend_def=0.000
   mean arena radius ≈ 20.000 m
   timing: rollout=8.440s  optim=0.325s  total=8.765s  steps/s=29909.6
   approx true <||p1-center||> ≈ 10.662
   approx true <||p2-center||> ≈ 11.159
   approx belief <||p2-center||> ≈ 11.328
   EKF RMS pos err: def->att=0.756, att->def=0.755
   meas_innov_mean=2.087e-04,  trPpos_mean=1.419e+00
[checkpoint] new best R_att_mean=+37.876 at update 200 -> Training_Policy_0.5u_1.5vmax_1.0_icVmax_KF_ON/att2_teacher__best.pt
opp std mean: 2.3642079830169678
opp mix usage: def0_full=0.20, def0_weak=0.13, def0_very_weak=0.07, def1_full=0.35, def1_weak=0.17, def1_very_weak=0.08
[update 00200] R_def_mean=+0.000  R_att_mean=+37.876  (batch=262144)
   [att] |mu|_mean=5.767e+00  std_mean=2.364e+00  prior_blend_def=0.000
   mean arena radius ≈ 20.000 m
   timing: rollout=8.437s  optim=0.319s  total=8.757s  steps/s=29936.7
   approx true <||p1-center||> ≈ 10.699
   approx true <||p2-center||> ≈ 11.013
   approx belief <||p2-center||> ≈ 11.196
   EKF RMS pos err: def->att=0.749, att->def=0.769
   meas_innov_mean=1.918e-04,  trPpos_mean=1.360e+00
[checkpoint] new best R_att_mean=+41.677 at update 210 -> Training_Policy_0.5u_1.5vmax_1.0_icVmax_KF_ON/att2_teacher__best.pt
opp std mean: 2.3642079830169678
opp mix usage: def0_full=0.18, def0_weak=0.14, def0_very_weak=0.09, def1_full=0.33, def1_weak=0.19, def1_very_weak=0.07
[update 00210] R_def_mean=+0.000  R_att_mean=+41.677  (batch=262144)
   [att] |mu|_mean=5.814e+00  std_mean=2.364e+00  prior_blend_def=0.000
   mean arena radius ≈ 20.000 m
   timing: rollout=8.418s  optim=0.351s  total=8.769s  steps/s=29893.4
   approx true <||p1-center||> ≈ 10.557
   approx true <||p2-center||> ≈ 10.893
   approx belief <||p2-center||> ≈ 11.067
   EKF RMS pos err: def->att=0.753, att->def=0.751
   meas_innov_mean=3.138e-04,  trPpos_mean=1.365e+00
[checkpoint] new best R_att_mean=+44.340 at update 220 -> Training_Policy_0.5u_1.5vmax_1.0_icVmax_KF_ON/att2_teacher__best.pt
opp std mean: 2.3642079830169678
opp mix usage: def0_full=0.18, def0_weak=0.14, def0_very_weak=0.09, def1_full=0.34, def1_weak=0.18, def1_very_weak=0.08
[update 00220] R_def_mean=+0.000  R_att_mean=+44.340  (batch=262144)
   [att] |mu|_mean=5.972e+00  std_mean=2.364e+00  prior_blend_def=0.000
   mean arena radius ≈ 20.000 m
   timing: rollout=8.395s  optim=0.315s  total=8.710s  steps/s=30095.8
   approx true <||p1-center||> ≈ 10.699
   approx true <||p2-center||> ≈ 10.872
   approx belief <||p2-center||> ≈ 11.051
   EKF RMS pos err: def->att=0.735, att->def=0.756
   meas_innov_mean=2.031e-04,  trPpos_mean=1.376e+00
[checkpoint] new best R_att_mean=+48.582 at update 230 -> Training_Policy_0.5u_1.5vmax_1.0_icVmax_KF_ON/att2_teacher__best.pt
opp std mean: 2.3642079830169678
opp mix usage: def0_full=0.17, def0_weak=0.13, def0_very_weak=0.08, def1_full=0.35, def1_weak=0.19, def1_very_weak=0.08
[update 00230] R_def_mean=+0.000  R_att_mean=+48.582  (batch=262144)
   [att] |mu|_mean=5.926e+00  std_mean=2.364e+00  prior_blend_def=0.000
   mean arena radius ≈ 20.000 m
   timing: rollout=8.428s  optim=0.312s  total=8.740s  steps/s=29994.5
   approx true <||p1-center||> ≈ 10.484
   approx true <||p2-center||> ≈ 10.714
   approx belief <||p2-center||> ≈ 10.895
   EKF RMS pos err: def->att=0.756, att->def=0.766
   meas_innov_mean=1.999e-04,  trPpos_mean=1.373e+00
[checkpoint] new best R_att_mean=+50.234 at update 240 -> Training_Policy_0.5u_1.5vmax_1.0_icVmax_KF_ON/att2_teacher__best.pt
opp std mean: 2.3642079830169678
opp mix usage: def0_full=0.17, def0_weak=0.13, def0_very_weak=0.07, def1_full=0.34, def1_weak=0.19, def1_very_weak=0.09
[update 00240] R_def_mean=+0.000  R_att_mean=+50.234  (batch=262144)
   [att] |mu|_mean=5.994e+00  std_mean=2.364e+00  prior_blend_def=0.000
   mean arena radius ≈ 20.000 m
   timing: rollout=8.420s  optim=0.319s  total=8.739s  steps/s=29997.2
   approx true <||p1-center||> ≈ 10.542
   approx true <||p2-center||> ≈ 10.714
   approx belief <||p2-center||> ≈ 10.881
   EKF RMS pos err: def->att=0.734, att->def=0.735
   meas_innov_mean=2.284e-04,  trPpos_mean=1.350e+00
[checkpoint] new best R_att_mean=+53.664 at update 250 -> Training_Policy_0.5u_1.5vmax_1.0_icVmax_KF_ON/att2_teacher__best.pt
opp std mean: 2.3642079830169678
opp mix usage: def0_full=0.18, def0_weak=0.14, def0_very_weak=0.09, def1_full=0.33, def1_weak=0.18, def1_very_weak=0.08
[update 00250] R_def_mean=+0.000  R_att_mean=+53.664  (batch=262144)
   [att] |mu|_mean=6.091e+00  std_mean=2.364e+00  prior_blend_def=0.000
   mean arena radius ≈ 20.000 m
   timing: rollout=8.449s  optim=0.312s  total=8.762s  steps/s=29918.7
   approx true <||p1-center||> ≈ 10.758
   approx true <||p2-center||> ≈ 10.638
   approx belief <||p2-center||> ≈ 10.805
   EKF RMS pos err: def->att=0.750, att->def=0.762
   meas_innov_mean=2.370e-04,  trPpos_mean=1.420e+00
[checkpoint] new best R_att_mean=+55.309 at update 260 -> Training_Policy_0.5u_1.5vmax_1.0_icVmax_KF_ON/att2_teacher__best.pt
opp std mean: 2.3642079830169678
opp mix usage: def0_full=0.16, def0_weak=0.13, def0_very_weak=0.09, def1_full=0.36, def1_weak=0.17, def1_very_weak=0.08
[update 00260] R_def_mean=+0.000  R_att_mean=+55.309  (batch=262144)
   [att] |mu|_mean=6.043e+00  std_mean=2.364e+00  prior_blend_def=0.000
   mean arena radius ≈ 20.000 m
   timing: rollout=8.450s  optim=0.329s  total=8.779s  steps/s=29860.3
   approx true <||p1-center||> ≈ 10.546
   approx true <||p2-center||> ≈ 10.570
   approx belief <||p2-center||> ≈ 10.733
   EKF RMS pos err: def->att=0.740, att->def=0.767
   meas_innov_mean=2.748e-04,  trPpos_mean=1.400e+00
[checkpoint] new best R_att_mean=+56.428 at update 270 -> Training_Policy_0.5u_1.5vmax_1.0_icVmax_KF_ON/att2_teacher__best.pt
opp std mean: 2.3642079830169678
opp mix usage: def0_full=0.17, def0_weak=0.13, def0_very_weak=0.09, def1_full=0.34, def1_weak=0.19, def1_very_weak=0.09
[update 00270] R_def_mean=+0.000  R_att_mean=+56.428  (batch=262144)
   [att] |mu|_mean=6.119e+00  std_mean=2.364e+00  prior_blend_def=0.000
   mean arena radius ≈ 20.000 m
   timing: rollout=8.395s  optim=0.327s  total=8.723s  steps/s=30053.4
   approx true <||p1-center||> ≈ 10.641
   approx true <||p2-center||> ≈ 10.500
   approx belief <||p2-center||> ≈ 10.685
   EKF RMS pos err: def->att=0.760, att->def=0.762
   meas_innov_mean=1.949e-04,  trPpos_mean=1.453e+00
[checkpoint] new best R_att_mean=+60.819 at update 280 -> Training_Policy_0.5u_1.5vmax_1.0_icVmax_KF_ON/att2_teacher__best.pt
opp std mean: 2.3642079830169678
opp mix usage: def0_full=0.16, def0_weak=0.14, def0_very_weak=0.08, def1_full=0.34, def1_weak=0.20, def1_very_weak=0.08
[update 00280] R_def_mean=+0.000  R_att_mean=+60.819  (batch=262144)
   [att] |mu|_mean=6.076e+00  std_mean=2.364e+00  prior_blend_def=0.000
   mean arena radius ≈ 20.000 m
   timing: rollout=8.401s  optim=0.328s  total=8.729s  steps/s=30032.0
   approx true <||p1-center||> ≈ 10.407
   approx true <||p2-center||> ≈ 10.271
   approx belief <||p2-center||> ≈ 10.444
   EKF RMS pos err: def->att=0.769, att->def=0.761
   meas_innov_mean=2.035e-04,  trPpos_mean=1.411e+00
opp std mean: 2.3642079830169678
opp mix usage: def0_full=0.18, def0_weak=0.13, def0_very_weak=0.08, def1_full=0.34, def1_weak=0.18, def1_very_weak=0.08
[update 00290] R_def_mean=+0.000  R_att_mean=+59.729  (batch=262144)
   [att] |mu|_mean=6.094e+00  std_mean=2.364e+00  prior_blend_def=0.000
   mean arena radius ≈ 20.000 m
   timing: rollout=8.408s  optim=0.324s  total=8.732s  steps/s=30022.2
   approx true <||p1-center||> ≈ 10.416
   approx true <||p2-center||> ≈ 10.315
   approx belief <||p2-center||> ≈ 10.487
   EKF RMS pos err: def->att=0.737, att->def=0.754
   meas_innov_mean=2.084e-04,  trPpos_mean=1.392e+00
[checkpoint] new best R_att_mean=+61.372 at update 300 -> Training_Policy_0.5u_1.5vmax_1.0_icVmax_KF_ON/att2_teacher__best.pt
opp std mean: 2.3642079830169678
opp mix usage: def0_full=0.20, def0_weak=0.13, def0_very_weak=0.07, def1_full=0.32, def1_weak=0.20, def1_very_weak=0.08
[update 00300] R_def_mean=+0.000  R_att_mean=+61.372  (batch=262144)
   [att] |mu|_mean=6.199e+00  std_mean=2.364e+00  prior_blend_def=0.000
   mean arena radius ≈ 20.000 m
   timing: rollout=8.362s  optim=0.316s  total=8.679s  steps/s=30205.9
   approx true <||p1-center||> ≈ 10.420
   approx true <||p2-center||> ≈ 10.225
   approx belief <||p2-center||> ≈ 10.396
   EKF RMS pos err: def->att=0.765, att->def=0.747
   meas_innov_mean=2.814e-04,  trPpos_mean=1.392e+00
[checkpoint] new best R_att_mean=+63.124 at update 310 -> Training_Policy_0.5u_1.5vmax_1.0_icVmax_KF_ON/att2_teacher__best.pt
opp std mean: 2.3642079830169678
opp mix usage: def0_full=0.18, def0_weak=0.14, def0_very_weak=0.09, def1_full=0.33, def1_weak=0.20, def1_very_weak=0.07
[update 00310] R_def_mean=+0.000  R_att_mean=+63.124  (batch=262144)
   [att] |mu|_mean=6.137e+00  std_mean=2.364e+00  prior_blend_def=0.000
   mean arena radius ≈ 20.000 m
   timing: rollout=8.435s  optim=0.328s  total=8.763s  steps/s=29914.2
   approx true <||p1-center||> ≈ 10.420
   approx true <||p2-center||> ≈ 10.283
   approx belief <||p2-center||> ≈ 10.456
   EKF RMS pos err: def->att=0.756, att->def=0.758
   meas_innov_mean=1.924e-04,  trPpos_mean=1.391e+00
opp std mean: 2.3642079830169678
opp mix usage: def0_full=0.19, def0_weak=0.14, def0_very_weak=0.07, def1_full=0.34, def1_weak=0.18, def1_very_weak=0.07
[update 00320] R_def_mean=+0.000  R_att_mean=+59.292  (batch=262144)
   [att] |mu|_mean=6.114e+00  std_mean=2.364e+00  prior_blend_def=0.000
   mean arena radius ≈ 20.000 m
   timing: rollout=8.414s  optim=0.317s  total=8.731s  steps/s=30023.7
   approx true <||p1-center||> ≈ 10.326
   approx true <||p2-center||> ≈ 10.244
   approx belief <||p2-center||> ≈ 10.412
   EKF RMS pos err: def->att=0.747, att->def=0.757
   meas_innov_mean=2.337e-04,  trPpos_mean=1.385e+00
opp std mean: 2.3642079830169678
opp mix usage: def0_full=0.19, def0_weak=0.14, def0_very_weak=0.07, def1_full=0.34, def1_weak=0.18, def1_very_weak=0.08
[update 00330] R_def_mean=+0.000  R_att_mean=+62.897  (batch=262144)
   [att] |mu|_mean=6.137e+00  std_mean=2.364e+00  prior_blend_def=0.000
   mean arena radius ≈ 20.000 m
   timing: rollout=8.434s  optim=0.316s  total=8.750s  steps/s=29958.9
   approx true <||p1-center||> ≈ 10.301
   approx true <||p2-center||> ≈ 10.180
   approx belief <||p2-center||> ≈ 10.347
   EKF RMS pos err: def->att=0.757, att->def=0.765
   meas_innov_mean=3.409e-04,  trPpos_mean=1.437e+00
[checkpoint] new best R_att_mean=+63.374 at update 340 -> Training_Policy_0.5u_1.5vmax_1.0_icVmax_KF_ON/att2_teacher__best.pt
opp std mean: 2.3642079830169678
opp mix usage: def0_full=0.17, def0_weak=0.14, def0_very_weak=0.07, def1_full=0.35, def1_weak=0.20, def1_very_weak=0.08
[update 00340] R_def_mean=+0.000  R_att_mean=+63.374  (batch=262144)
   [att] |mu|_mean=6.160e+00  std_mean=2.364e+00  prior_blend_def=0.000
   mean arena radius ≈ 20.000 m
   timing: rollout=8.429s  optim=0.320s  total=8.749s  steps/s=29961.4
   approx true <||p1-center||> ≈ 10.353
   approx true <||p2-center||> ≈ 10.075
   approx belief <||p2-center||> ≈ 10.239
   EKF RMS pos err: def->att=0.746, att->def=0.751
   meas_innov_mean=2.056e-04,  trPpos_mean=1.406e+00
opp std mean: 2.3642079830169678
opp mix usage: def0_full=0.20, def0_weak=0.13, def0_very_weak=0.08, def1_full=0.33, def1_weak=0.19, def1_very_weak=0.07
[update 00350] R_def_mean=+0.000  R_att_mean=+63.018  (batch=262144)
   [att] |mu|_mean=6.174e+00  std_mean=2.364e+00  prior_blend_def=0.000
   mean arena radius ≈ 20.000 m
   timing: rollout=8.465s  optim=0.315s  total=8.779s  steps/s=29858.8
   approx true <||p1-center||> ≈ 10.269
   approx true <||p2-center||> ≈ 10.148
   approx belief <||p2-center||> ≈ 10.299
   EKF RMS pos err: def->att=0.745, att->def=0.762
   meas_innov_mean=2.718e-04,  trPpos_mean=1.419e+00
[checkpoint] new best R_att_mean=+64.624 at update 360 -> Training_Policy_0.5u_1.5vmax_1.0_icVmax_KF_ON/att2_teacher__best.pt
opp std mean: 2.3642079830169678
opp mix usage: def0_full=0.17, def0_weak=0.15, def0_very_weak=0.08, def1_full=0.34, def1_weak=0.18, def1_very_weak=0.08
[update 00360] R_def_mean=+0.000  R_att_mean=+64.624  (batch=262144)
   [att] |mu|_mean=6.148e+00  std_mean=2.364e+00  prior_blend_def=0.000
   mean arena radius ≈ 20.000 m
   timing: rollout=8.478s  optim=0.328s  total=8.806s  steps/s=29768.4
   approx true <||p1-center||> ≈ 10.433
   approx true <||p2-center||> ≈ 10.191
   approx belief <||p2-center||> ≈ 10.376
   EKF RMS pos err: def->att=0.754, att->def=0.769
   meas_innov_mean=1.986e-04,  trPpos_mean=1.423e+00
opp std mean: 2.3642079830169678
opp mix usage: def0_full=0.20, def0_weak=0.13, def0_very_weak=0.08, def1_full=0.32, def1_weak=0.18, def1_very_weak=0.09
[update 00370] R_def_mean=+0.000  R_att_mean=+64.406  (batch=262144)
   [att] |mu|_mean=6.151e+00  std_mean=2.364e+00  prior_blend_def=0.000
   mean arena radius ≈ 20.000 m
   timing: rollout=8.445s  optim=0.324s  total=8.769s  steps/s=29893.1
   approx true <||p1-center||> ≈ 10.367
   approx true <||p2-center||> ≈ 10.168
   approx belief <||p2-center||> ≈ 10.335
   EKF RMS pos err: def->att=0.758, att->def=0.758
   meas_innov_mean=2.095e-04,  trPpos_mean=1.403e+00
[checkpoint] new best R_att_mean=+64.795 at update 380 -> Training_Policy_0.5u_1.5vmax_1.0_icVmax_KF_ON/att2_teacher__best.pt
opp std mean: 2.3642079830169678
opp mix usage: def0_full=0.17, def0_weak=0.14, def0_very_weak=0.09, def1_full=0.34, def1_weak=0.18, def1_very_weak=0.08
[update 00380] R_def_mean=+0.000  R_att_mean=+64.795  (batch=262144)
   [att] |mu|_mean=6.145e+00  std_mean=2.364e+00  prior_blend_def=0.000
   mean arena radius ≈ 20.000 m
   timing: rollout=8.459s  optim=0.313s  total=8.772s  steps/s=29883.5
   approx true <||p1-center||> ≈ 10.419
   approx true <||p2-center||> ≈ 10.097
   approx belief <||p2-center||> ≈ 10.274
   EKF RMS pos err: def->att=0.755, att->def=0.756
   meas_innov_mean=1.919e-04,  trPpos_mean=1.382e+00
opp std mean: 2.3642079830169678
opp mix usage: def0_full=0.17, def0_weak=0.15, def0_very_weak=0.07, def1_full=0.34, def1_weak=0.19, def1_very_weak=0.08
[update 00390] R_def_mean=+0.000  R_att_mean=+64.693  (batch=262144)
   [att] |mu|_mean=6.147e+00  std_mean=2.364e+00  prior_blend_def=0.000
   mean arena radius ≈ 20.000 m
   timing: rollout=8.441s  optim=0.316s  total=8.757s  steps/s=29935.7
   approx true <||p1-center||> ≈ 10.362
   approx true <||p2-center||> ≈ 10.191
   approx belief <||p2-center||> ≈ 10.364
   EKF RMS pos err: def->att=0.756, att->def=0.778
   meas_innov_mean=2.089e-04,  trPpos_mean=1.442e+00
opp std mean: 2.3642079830169678
opp mix usage: def0_full=0.21, def0_weak=0.13, def0_very_weak=0.07, def1_full=0.34, def1_weak=0.18, def1_very_weak=0.07
[update 00400] R_def_mean=+0.000  R_att_mean=+64.565  (batch=262144)
   [att] |mu|_mean=6.225e+00  std_mean=2.364e+00  prior_blend_def=0.000
   mean arena radius ≈ 20.000 m
   timing: rollout=8.450s  optim=0.314s  total=8.764s  steps/s=29911.6
   approx true <||p1-center||> ≈ 10.309
   approx true <||p2-center||> ≈ 10.093
   approx belief <||p2-center||> ≈ 10.264
   EKF RMS pos err: def->att=0.758, att->def=0.780
   meas_innov_mean=2.292e-04,  trPpos_mean=1.432e+00
[checkpoint] new best R_att_mean=+67.069 at update 410 -> Training_Policy_0.5u_1.5vmax_1.0_icVmax_KF_ON/att2_teacher__best.pt
opp std mean: 2.3642079830169678
opp mix usage: def0_full=0.17, def0_weak=0.14, def0_very_weak=0.08, def1_full=0.35, def1_weak=0.18, def1_very_weak=0.08
[update 00410] R_def_mean=+0.000  R_att_mean=+67.069  (batch=262144)
   [att] |mu|_mean=6.222e+00  std_mean=2.364e+00  prior_blend_def=0.000
   mean arena radius ≈ 20.000 m
   timing: rollout=8.461s  optim=0.314s  total=8.775s  steps/s=29875.2
   approx true <||p1-center||> ≈ 10.314
   approx true <||p2-center||> ≈ 10.011
   approx belief <||p2-center||> ≈ 10.200
   EKF RMS pos err: def->att=0.781, att->def=0.781
   meas_innov_mean=2.252e-04,  trPpos_mean=1.454e+00
opp std mean: 2.3642079830169678
opp mix usage: def0_full=0.18, def0_weak=0.14, def0_very_weak=0.08, def1_full=0.35, def1_weak=0.18, def1_very_weak=0.09
[update 00420] R_def_mean=+0.000  R_att_mean=+66.857  (batch=262144)
   [att] |mu|_mean=6.183e+00  std_mean=2.364e+00  prior_blend_def=0.000
   mean arena radius ≈ 20.000 m
   timing: rollout=8.452s  optim=0.319s  total=8.772s  steps/s=29885.3
   approx true <||p1-center||> ≈ 10.292
   approx true <||p2-center||> ≈ 9.986
   approx belief <||p2-center||> ≈ 10.160
   EKF RMS pos err: def->att=0.749, att->def=0.770
   meas_innov_mean=2.390e-04,  trPpos_mean=1.386e+00
[checkpoint] new best R_att_mean=+68.167 at update 430 -> Training_Policy_0.5u_1.5vmax_1.0_icVmax_KF_ON/att2_teacher__best.pt
opp std mean: 2.3642079830169678
opp mix usage: def0_full=0.18, def0_weak=0.13, def0_very_weak=0.08, def1_full=0.34, def1_weak=0.19, def1_very_weak=0.08
[update 00430] R_def_mean=+0.000  R_att_mean=+68.167  (batch=262144)
   [att] |mu|_mean=6.218e+00  std_mean=2.364e+00  prior_blend_def=0.000
   mean arena radius ≈ 20.000 m
   timing: rollout=8.465s  optim=0.318s  total=8.783s  steps/s=29846.5
   approx true <||p1-center||> ≈ 10.391
   approx true <||p2-center||> ≈ 10.039
   approx belief <||p2-center||> ≈ 10.215
   EKF RMS pos err: def->att=0.744, att->def=0.776
   meas_innov_mean=2.045e-04,  trPpos_mean=1.430e+00
opp std mean: 2.3642079830169678
opp mix usage: def0_full=0.17, def0_weak=0.14, def0_very_weak=0.08, def1_full=0.35, def1_weak=0.18, def1_very_weak=0.07
[update 00440] R_def_mean=+0.000  R_att_mean=+67.997  (batch=262144)
   [att] |mu|_mean=6.221e+00  std_mean=2.364e+00  prior_blend_def=0.000
   mean arena radius ≈ 20.000 m
   timing: rollout=8.479s  optim=0.318s  total=8.797s  steps/s=29799.1
   approx true <||p1-center||> ≈ 10.391
   approx true <||p2-center||> ≈ 9.986
   approx belief <||p2-center||> ≈ 10.168
   EKF RMS pos err: def->att=0.767, att->def=0.774
   meas_innov_mean=1.975e-04,  trPpos_mean=1.439e+00
opp std mean: 2.3642079830169678
opp mix usage: def0_full=0.18, def0_weak=0.13, def0_very_weak=0.08, def1_full=0.35, def1_weak=0.18, def1_very_weak=0.08
[update 00450] R_def_mean=+0.000  R_att_mean=+66.705  (batch=262144)
   [att] |mu|_mean=6.214e+00  std_mean=2.364e+00  prior_blend_def=0.000
   mean arena radius ≈ 20.000 m
   timing: rollout=8.475s  optim=0.316s  total=8.792s  steps/s=29817.4
   approx true <||p1-center||> ≈ 10.348
   approx true <||p2-center||> ≈ 9.994
   approx belief <||p2-center||> ≈ 10.175
   EKF RMS pos err: def->att=0.756, att->def=0.768
   meas_innov_mean=2.214e-04,  trPpos_mean=1.405e+00
[checkpoint] new best R_att_mean=+68.206 at update 460 -> Training_Policy_0.5u_1.5vmax_1.0_icVmax_KF_ON/att2_teacher__best.pt
opp std mean: 2.3642079830169678
opp mix usage: def0_full=0.18, def0_weak=0.14, def0_very_weak=0.08, def1_full=0.35, def1_weak=0.18, def1_very_weak=0.07
[update 00460] R_def_mean=+0.000  R_att_mean=+68.206  (batch=262144)
   [att] |mu|_mean=6.180e+00  std_mean=2.364e+00  prior_blend_def=0.000
   mean arena radius ≈ 20.000 m
   timing: rollout=8.473s  optim=0.328s  total=8.802s  steps/s=29783.7
   approx true <||p1-center||> ≈ 10.359
   approx true <||p2-center||> ≈ 10.014
   approx belief <||p2-center||> ≈ 10.210
   EKF RMS pos err: def->att=0.771, att->def=0.794
   meas_innov_mean=2.438e-04,  trPpos_mean=1.468e+00
opp std mean: 2.3642079830169678
opp mix usage: def0_full=0.19, def0_weak=0.12, def0_very_weak=0.08, def1_full=0.35, def1_weak=0.18, def1_very_weak=0.08
[update 00470] R_def_mean=+0.000  R_att_mean=+67.518  (batch=262144)
   [att] |mu|_mean=6.187e+00  std_mean=2.364e+00  prior_blend_def=0.000
   mean arena radius ≈ 20.000 m
   timing: rollout=8.588s  optim=0.329s  total=8.917s  steps/s=29396.9
   approx true <||p1-center||> ≈ 10.285
   approx true <||p2-center||> ≈ 9.980
   approx belief <||p2-center||> ≈ 10.170
   EKF RMS pos err: def->att=0.770, att->def=0.774
   meas_innov_mean=2.217e-04,  trPpos_mean=1.472e+00
[checkpoint] new best R_att_mean=+68.266 at update 480 -> Training_Policy_0.5u_1.5vmax_1.0_icVmax_KF_ON/att2_teacher__best.pt
opp std mean: 2.3642079830169678
opp mix usage: def0_full=0.17, def0_weak=0.14, def0_very_weak=0.07, def1_full=0.35, def1_weak=0.19, def1_very_weak=0.09
[update 00480] R_def_mean=+0.000  R_att_mean=+68.266  (batch=262144)
   [att] |mu|_mean=6.221e+00  std_mean=2.364e+00  prior_blend_def=0.000
   mean arena radius ≈ 20.000 m
   timing: rollout=8.433s  optim=0.326s  total=8.759s  steps/s=29928.5
   approx true <||p1-center||> ≈ 10.333
   approx true <||p2-center||> ≈ 9.917
   approx belief <||p2-center||> ≈ 10.108
   EKF RMS pos err: def->att=0.770, att->def=0.758
   meas_innov_mean=2.142e-04,  trPpos_mean=1.428e+00
opp std mean: 2.3642079830169678
opp mix usage: def0_full=0.17, def0_weak=0.15, def0_very_weak=0.08, def1_full=0.33, def1_weak=0.18, def1_very_weak=0.09
[update 00490] R_def_mean=+0.000  R_att_mean=+67.775  (batch=262144)
   [att] |mu|_mean=6.185e+00  std_mean=2.364e+00  prior_blend_def=0.000
   mean arena radius ≈ 20.000 m
   timing: rollout=8.476s  optim=0.322s  total=8.798s  steps/s=29795.6
   approx true <||p1-center||> ≈ 10.371
   approx true <||p2-center||> ≈ 10.061
   approx belief <||p2-center||> ≈ 10.240
   EKF RMS pos err: def->att=0.770, att->def=0.773
   meas_innov_mean=2.176e-04,  trPpos_mean=1.466e+00
opp std mean: 2.3642079830169678
opp mix usage: def0_full=0.18, def0_weak=0.13, def0_very_weak=0.08, def1_full=0.34, def1_weak=0.17, def1_very_weak=0.08
[update 00500] R_def_mean=+0.000  R_att_mean=+68.189  (batch=262144)
   [att] |mu|_mean=6.211e+00  std_mean=2.364e+00  prior_blend_def=0.000
   mean arena radius ≈ 20.000 m
   timing: rollout=8.444s  optim=0.314s  total=8.759s  steps/s=29930.2
   approx true <||p1-center||> ≈ 10.350
   approx true <||p2-center||> ≈ 10.038
   approx belief <||p2-center||> ≈ 10.230
   EKF RMS pos err: def->att=0.777, att->def=0.776
   meas_innov_mean=2.667e-04,  trPpos_mean=1.457e+00
opp std mean: 2.3642079830169678
opp mix usage: def0_full=0.17, def0_weak=0.13, def0_very_weak=0.08, def1_full=0.35, def1_weak=0.19, def1_very_weak=0.08
[update 00510] R_def_mean=+0.000  R_att_mean=+66.681  (batch=262144)
   [att] |mu|_mean=6.174e+00  std_mean=2.364e+00  prior_blend_def=0.000
   mean arena radius ≈ 20.000 m
   timing: rollout=8.486s  optim=0.323s  total=8.809s  steps/s=29759.4
   approx true <||p1-center||> ≈ 10.354
   approx true <||p2-center||> ≈ 9.960
   approx belief <||p2-center||> ≈ 10.148
   EKF RMS pos err: def->att=0.771, att->def=0.770
   meas_innov_mean=2.106e-04,  trPpos_mean=1.445e+00
opp std mean: 2.3642079830169678
opp mix usage: def0_full=0.15, def0_weak=0.14, def0_very_weak=0.08, def1_full=0.35, def1_weak=0.20, def1_very_weak=0.09
[update 00520] R_def_mean=+0.000  R_att_mean=+65.839  (batch=262144)
   [att] |mu|_mean=6.164e+00  std_mean=2.364e+00  prior_blend_def=0.000
   mean arena radius ≈ 20.000 m
   timing: rollout=8.434s  optim=0.311s  total=8.745s  steps/s=29976.5
   approx true <||p1-center||> ≈ 10.362
   approx true <||p2-center||> ≈ 10.031
   approx belief <||p2-center||> ≈ 10.207
   EKF RMS pos err: def->att=0.774, att->def=0.771
   meas_innov_mean=2.490e-04,  trPpos_mean=1.458e+00
opp std mean: 2.3642079830169678
opp mix usage: def0_full=0.17, def0_weak=0.14, def0_very_weak=0.09, def1_full=0.33, def1_weak=0.19, def1_very_weak=0.07
[update 00530] R_def_mean=+0.000  R_att_mean=+64.950  (batch=262144)
   [att] |mu|_mean=6.199e+00  std_mean=2.364e+00  prior_blend_def=0.000
   mean arena radius ≈ 20.000 m
   timing: rollout=8.466s  optim=0.347s  total=8.813s  steps/s=29744.6
   approx true <||p1-center||> ≈ 10.467
   approx true <||p2-center||> ≈ 10.081
   approx belief <||p2-center||> ≈ 10.258
   EKF RMS pos err: def->att=0.774, att->def=0.776
   meas_innov_mean=2.886e-04,  trPpos_mean=1.489e+00
opp std mean: 2.3642079830169678
opp mix usage: def0_full=0.18, def0_weak=0.15, def0_very_weak=0.08, def1_full=0.32, def1_weak=0.19, def1_very_weak=0.09
[update 00540] R_def_mean=+0.000  R_att_mean=+62.991  (batch=262144)
   [att] |mu|_mean=6.165e+00  std_mean=2.364e+00  prior_blend_def=0.000
   mean arena radius ≈ 20.000 m
   timing: rollout=8.498s  optim=0.306s  total=8.804s  steps/s=29776.1
   approx true <||p1-center||> ≈ 10.302
   approx true <||p2-center||> ≈ 10.121
   approx belief <||p2-center||> ≈ 10.287
   EKF RMS pos err: def->att=0.755, att->def=0.771
   meas_innov_mean=2.104e-04,  trPpos_mean=1.477e+00
opp std mean: 2.3642079830169678
opp mix usage: def0_full=0.17, def0_weak=0.15, def0_very_weak=0.08, def1_full=0.33, def1_weak=0.19, def1_very_weak=0.09
[update 00550] R_def_mean=+0.000  R_att_mean=+61.566  (batch=262144)
   [att] |mu|_mean=6.214e+00  std_mean=2.364e+00  prior_blend_def=0.000
   mean arena radius ≈ 20.000 m
   timing: rollout=8.457s  optim=0.316s  total=8.773s  steps/s=29881.0
   approx true <||p1-center||> ≈ 10.360
   approx true <||p2-center||> ≈ 10.057
   approx belief <||p2-center||> ≈ 10.249
   EKF RMS pos err: def->att=0.786, att->def=0.780
   meas_innov_mean=2.236e-04,  trPpos_mean=1.488e+00
opp std mean: 2.3642079830169678
opp mix usage: def0_full=0.16, def0_weak=0.13, def0_very_weak=0.08, def1_full=0.33, def1_weak=0.22, def1_very_weak=0.08
[update 00560] R_def_mean=+0.000  R_att_mean=+58.087  (batch=262144)
   [att] |mu|_mean=6.160e+00  std_mean=2.364e+00  prior_blend_def=0.000
   mean arena radius ≈ 20.000 m
   timing: rollout=8.495s  optim=0.319s  total=8.814s  steps/s=29741.5
   approx true <||p1-center||> ≈ 10.269
   approx true <||p2-center||> ≈ 10.071
   approx belief <||p2-center||> ≈ 10.255
   EKF RMS pos err: def->att=0.774, att->def=0.777
   meas_innov_mean=2.197e-04,  trPpos_mean=1.464e+00
opp std mean: 2.3642079830169678
opp mix usage: def0_full=0.17, def0_weak=0.14, def0_very_weak=0.09, def1_full=0.32, def1_weak=0.19, def1_very_weak=0.08
[update 00570] R_def_mean=+0.000  R_att_mean=+55.808  (batch=262144)
   [att] |mu|_mean=6.128e+00  std_mean=2.364e+00  prior_blend_def=0.000
   mean arena radius ≈ 20.000 m
   timing: rollout=8.449s  optim=0.315s  total=8.764s  steps/s=29912.5
   approx true <||p1-center||> ≈ 10.274
   approx true <||p2-center||> ≈ 10.099
   approx belief <||p2-center||> ≈ 10.270
   EKF RMS pos err: def->att=0.771, att->def=0.776
   meas_innov_mean=2.337e-04,  trPpos_mean=1.447e+00
opp std mean: 2.3642079830169678
opp mix usage: def0_full=0.17, def0_weak=0.14, def0_very_weak=0.08, def1_full=0.32, def1_weak=0.19, def1_very_weak=0.09
[update 00580] R_def_mean=+0.000  R_att_mean=+56.905  (batch=262144)
   [att] |mu|_mean=6.097e+00  std_mean=2.364e+00  prior_blend_def=0.000
   mean arena radius ≈ 20.000 m
   timing: rollout=8.504s  optim=0.319s  total=8.823s  steps/s=29711.9
   approx true <||p1-center||> ≈ 10.359
   approx true <||p2-center||> ≈ 10.233
   approx belief <||p2-center||> ≈ 10.387
   EKF RMS pos err: def->att=0.769, att->def=0.807
   meas_innov_mean=1.944e-04,  trPpos_mean=1.546e+00
opp std mean: 2.3642079830169678
opp mix usage: def0_full=0.17, def0_weak=0.15, def0_very_weak=0.09, def1_full=0.31, def1_weak=0.20, def1_very_weak=0.08
[update 00590] R_def_mean=+0.000  R_att_mean=+53.868  (batch=262144)
   [att] |mu|_mean=6.077e+00  std_mean=2.364e+00  prior_blend_def=0.000
   mean arena radius ≈ 20.000 m
   timing: rollout=8.456s  optim=0.320s  total=8.776s  steps/s=29869.9
   approx true <||p1-center||> ≈ 10.487
   approx true <||p2-center||> ≈ 10.248
   approx belief <||p2-center||> ≈ 10.421
   EKF RMS pos err: def->att=0.780, att->def=0.793
   meas_innov_mean=2.174e-04,  trPpos_mean=1.533e+00
opp std mean: 2.3642079830169678
opp mix usage: def0_full=0.15, def0_weak=0.15, def0_very_weak=0.10, def1_full=0.31, def1_weak=0.20, def1_very_weak=0.09
[update 00600] R_def_mean=+0.000  R_att_mean=+55.346  (batch=262144)
   [att] |mu|_mean=6.163e+00  std_mean=2.364e+00  prior_blend_def=0.000
   mean arena radius ≈ 20.000 m
   timing: rollout=8.463s  optim=0.325s  total=8.788s  steps/s=29830.0
   approx true <||p1-center||> ≈ 10.470
   approx true <||p2-center||> ≈ 10.293
   approx belief <||p2-center||> ≈ 10.461
   EKF RMS pos err: def->att=0.785, att->def=0.818
   meas_innov_mean=2.587e-04,  trPpos_mean=1.557e+00
opp std mean: 2.3642079830169678
opp mix usage: def0_full=0.16, def0_weak=0.15, def0_very_weak=0.08, def1_full=0.32, def1_weak=0.19, def1_very_weak=0.09
[update 00610] R_def_mean=+0.000  R_att_mean=+54.038  (batch=262144)
   [att] |mu|_mean=6.102e+00  std_mean=2.364e+00  prior_blend_def=0.000
   mean arena radius ≈ 20.000 m
   timing: rollout=8.460s  optim=0.337s  total=8.797s  steps/s=29799.5
   approx true <||p1-center||> ≈ 10.334
   approx true <||p2-center||> ≈ 10.334
   approx belief <||p2-center||> ≈ 10.520
   EKF RMS pos err: def->att=0.852, att->def=0.801
   meas_innov_mean=2.910e-04,  trPpos_mean=1.557e+00
opp std mean: 2.3642079830169678
opp mix usage: def0_full=0.16, def0_weak=0.15, def0_very_weak=0.09, def1_full=0.32, def1_weak=0.19, def1_very_weak=0.09
[update 00620] R_def_mean=+0.000  R_att_mean=+52.753  (batch=262144)
   [att] |mu|_mean=6.094e+00  std_mean=2.364e+00  prior_blend_def=0.000
   mean arena radius ≈ 20.000 m
   timing: rollout=8.447s  optim=0.316s  total=8.763s  steps/s=29913.4
   approx true <||p1-center||> ≈ 10.298
   approx true <||p2-center||> ≈ 10.349
   approx belief <||p2-center||> ≈ 10.527
   EKF RMS pos err: def->att=0.775, att->def=0.785
   meas_innov_mean=2.059e-04,  trPpos_mean=1.487e+00
opp std mean: 2.3642079830169678
opp mix usage: def0_full=0.17, def0_weak=0.16, def0_very_weak=0.08, def1_full=0.32, def1_weak=0.20, def1_very_weak=0.08
[update 00630] R_def_mean=+0.000  R_att_mean=+54.989  (batch=262144)
   [att] |mu|_mean=6.076e+00  std_mean=2.364e+00  prior_blend_def=0.000
   mean arena radius ≈ 20.000 m
   timing: rollout=8.456s  optim=0.321s  total=8.777s  steps/s=29867.4
   approx true <||p1-center||> ≈ 10.458
   approx true <||p2-center||> ≈ 10.260
   approx belief <||p2-center||> ≈ 10.437
   EKF RMS pos err: def->att=0.789, att->def=0.771
   meas_innov_mean=2.029e-04,  trPpos_mean=1.529e+00
opp std mean: 2.3642079830169678
opp mix usage: def0_full=0.16, def0_weak=0.15, def0_very_weak=0.09, def1_full=0.31, def1_weak=0.19, def1_very_weak=0.10
[update 00640] R_def_mean=+0.000  R_att_mean=+55.764  (batch=262144)
   [att] |mu|_mean=6.102e+00  std_mean=2.364e+00  prior_blend_def=0.000
   mean arena radius ≈ 20.000 m
   timing: rollout=8.459s  optim=0.326s  total=8.785s  steps/s=29838.6
   approx true <||p1-center||> ≈ 10.550
   approx true <||p2-center||> ≈ 10.286
   approx belief <||p2-center||> ≈ 10.448
   EKF RMS pos err: def->att=0.788, att->def=0.799
   meas_innov_mean=2.908e-04,  trPpos_mean=1.538e+00
opp std mean: 2.3642079830169678
opp mix usage: def0_full=0.17, def0_weak=0.15, def0_very_weak=0.08, def1_full=0.31, def1_weak=0.20, def1_very_weak=0.09
[update 00650] R_def_mean=+0.000  R_att_mean=+53.871  (batch=262144)
   [att] |mu|_mean=6.044e+00  std_mean=2.364e+00  prior_blend_def=0.000
   mean arena radius ≈ 20.000 m
   timing: rollout=8.455s  optim=0.334s  total=8.789s  steps/s=29827.6
   approx true <||p1-center||> ≈ 10.364
   approx true <||p2-center||> ≈ 10.335
   approx belief <||p2-center||> ≈ 10.504
   EKF RMS pos err: def->att=0.782, att->def=0.794
   meas_innov_mean=1.978e-04,  trPpos_mean=1.526e+00
opp std mean: 2.3642079830169678
opp mix usage: def0_full=0.20, def0_weak=0.12, def0_very_weak=0.07, def1_full=0.34, def1_weak=0.18, def1_very_weak=0.08
[update 00660] R_def_mean=+0.000  R_att_mean=+53.346  (batch=262144)
   [att] |mu|_mean=5.987e+00  std_mean=2.364e+00  prior_blend_def=0.000
   mean arena radius ≈ 20.000 m
   timing: rollout=8.455s  optim=0.322s  total=8.777s  steps/s=29868.8
   approx true <||p1-center||> ≈ 10.340
   approx true <||p2-center||> ≈ 10.388
   approx belief <||p2-center||> ≈ 10.555
   EKF RMS pos err: def->att=0.774, att->def=0.786
   meas_innov_mean=2.111e-04,  trPpos_mean=1.501e+00
opp std mean: 2.3642079830169678
opp mix usage: def0_full=0.15, def0_weak=0.14, def0_very_weak=0.08, def1_full=0.35, def1_weak=0.20, def1_very_weak=0.08
[update 00670] R_def_mean=+0.000  R_att_mean=+58.872  (batch=262144)
   [att] |mu|_mean=6.041e+00  std_mean=2.364e+00  prior_blend_def=0.000
   mean arena radius ≈ 20.000 m
   timing: rollout=8.452s  optim=0.359s  total=8.811s  steps/s=29750.3
   approx true <||p1-center||> ≈ 10.429
   approx true <||p2-center||> ≈ 10.221
   approx belief <||p2-center||> ≈ 10.385
   EKF RMS pos err: def->att=0.780, att->def=0.778
   meas_innov_mean=2.091e-04,  trPpos_mean=1.512e+00
opp std mean: 2.3642079830169678
opp mix usage: def0_full=0.16, def0_weak=0.14, def0_very_weak=0.08, def1_full=0.34, def1_weak=0.19, def1_very_weak=0.08
[update 00680] R_def_mean=+0.000  R_att_mean=+56.290  (batch=262144)
   [att] |mu|_mean=6.032e+00  std_mean=2.364e+00  prior_blend_def=0.000
   mean arena radius ≈ 20.000 m
   timing: rollout=8.430s  optim=0.317s  total=8.747s  steps/s=29969.2
   approx true <||p1-center||> ≈ 10.479
   approx true <||p2-center||> ≈ 10.403
   approx belief <||p2-center||> ≈ 10.576
   EKF RMS pos err: def->att=0.768, att->def=0.785
   meas_innov_mean=2.114e-04,  trPpos_mean=1.488e+00
opp std mean: 2.3642079830169678
opp mix usage: def0_full=0.16, def0_weak=0.15, def0_very_weak=0.08, def1_full=0.32, def1_weak=0.19, def1_very_weak=0.09
[update 00690] R_def_mean=+0.000  R_att_mean=+56.450  (batch=262144)
   [att] |mu|_mean=6.108e+00  std_mean=2.364e+00  prior_blend_def=0.000
   mean arena radius ≈ 20.000 m
   timing: rollout=8.463s  optim=0.331s  total=8.794s  steps/s=29809.2
   approx true <||p1-center||> ≈ 10.565
   approx true <||p2-center||> ≈ 10.493
   approx belief <||p2-center||> ≈ 10.661
   EKF RMS pos err: def->att=0.778, att->def=0.774
   meas_innov_mean=2.511e-04,  trPpos_mean=1.461e+00
opp std mean: 2.3642079830169678
opp mix usage: def0_full=0.17, def0_weak=0.15, def0_very_weak=0.08, def1_full=0.31, def1_weak=0.19, def1_very_weak=0.08
[update 00700] R_def_mean=+0.000  R_att_mean=+57.093  (batch=262144)
   [att] |mu|_mean=6.066e+00  std_mean=2.364e+00  prior_blend_def=0.000
   mean arena radius ≈ 20.000 m
   timing: rollout=8.429s  optim=0.315s  total=8.744s  steps/s=29979.3
   approx true <||p1-center||> ≈ 10.443
   approx true <||p2-center||> ≈ 10.431
   approx belief <||p2-center||> ≈ 10.578
   EKF RMS pos err: def->att=0.784, att->def=0.789
   meas_innov_mean=3.343e-04,  trPpos_mean=1.449e+00
opp std mean: 2.3642079830169678
opp mix usage: def0_full=0.18, def0_weak=0.16, def0_very_weak=0.09, def1_full=0.31, def1_weak=0.18, def1_very_weak=0.09
[update 00710] R_def_mean=+0.000  R_att_mean=+58.136  (batch=262144)
   [att] |mu|_mean=6.062e+00  std_mean=2.364e+00  prior_blend_def=0.000
   mean arena radius ≈ 20.000 m
   timing: rollout=8.484s  optim=0.332s  total=8.816s  steps/s=29734.7
   approx true <||p1-center||> ≈ 10.455
   approx true <||p2-center||> ≈ 10.414
   approx belief <||p2-center||> ≈ 10.582
   EKF RMS pos err: def->att=0.763, att->def=0.784
   meas_innov_mean=2.384e-04,  trPpos_mean=1.471e+00
opp std mean: 2.3642079830169678
opp mix usage: def0_full=0.17, def0_weak=0.15, def0_very_weak=0.08, def1_full=0.33, def1_weak=0.18, def1_very_weak=0.08
[update 00720] R_def_mean=+0.000  R_att_mean=+57.671  (batch=262144)
   [att] |mu|_mean=6.047e+00  std_mean=2.364e+00  prior_blend_def=0.000
   mean arena radius ≈ 20.000 m
   timing: rollout=8.467s  optim=0.318s  total=8.785s  steps/s=29839.8
   approx true <||p1-center||> ≈ 10.429
   approx true <||p2-center||> ≈ 10.422
   approx belief <||p2-center||> ≈ 10.588
   EKF RMS pos err: def->att=0.774, att->def=0.780
   meas_innov_mean=2.148e-04,  trPpos_mean=1.464e+00
opp std mean: 2.3642079830169678
opp mix usage: def0_full=0.17, def0_weak=0.14, def0_very_weak=0.09, def1_full=0.32, def1_weak=0.19, def1_very_weak=0.08
[update 00730] R_def_mean=+0.000  R_att_mean=+57.652  (batch=262144)
   [att] |mu|_mean=6.113e+00  std_mean=2.364e+00  prior_blend_def=0.000
   mean arena radius ≈ 20.000 m
   timing: rollout=8.481s  optim=0.313s  total=8.794s  steps/s=29811.1
   approx true <||p1-center||> ≈ 10.460
   approx true <||p2-center||> ≈ 10.378
   approx belief <||p2-center||> ≈ 10.525
   EKF RMS pos err: def->att=0.752, att->def=0.759
   meas_innov_mean=2.940e-04,  trPpos_mean=1.407e+00
opp std mean: 2.3642079830169678
opp mix usage: def0_full=0.19, def0_weak=0.13, def0_very_weak=0.08, def1_full=0.33, def1_weak=0.19, def1_very_weak=0.08
[update 00740] R_def_mean=+0.000  R_att_mean=+56.492  (batch=262144)
   [att] |mu|_mean=6.034e+00  std_mean=2.364e+00  prior_blend_def=0.000
   mean arena radius ≈ 20.000 m
   timing: rollout=8.464s  optim=0.316s  total=8.780s  steps/s=29858.3
   approx true <||p1-center||> ≈ 10.303
   approx true <||p2-center||> ≈ 10.328
   approx belief <||p2-center||> ≈ 10.484
   EKF RMS pos err: def->att=0.764, att->def=0.768
   meas_innov_mean=2.110e-04,  trPpos_mean=1.461e+00
opp std mean: 2.3642079830169678
opp mix usage: def0_full=0.16, def0_weak=0.15, def0_very_weak=0.09, def1_full=0.33, def1_weak=0.19, def1_very_weak=0.08
[update 00750] R_def_mean=+0.000  R_att_mean=+57.449  (batch=262144)
   [att] |mu|_mean=6.088e+00  std_mean=2.364e+00  prior_blend_def=0.000
   mean arena radius ≈ 20.000 m
   timing: rollout=8.459s  optim=0.319s  total=8.778s  steps/s=29865.3
   approx true <||p1-center||> ≈ 10.397
   approx true <||p2-center||> ≈ 10.411
   approx belief <||p2-center||> ≈ 10.561
   EKF RMS pos err: def->att=0.775, att->def=0.773
   meas_innov_mean=2.021e-04,  trPpos_mean=1.463e+00
opp std mean: 2.3642079830169678
opp mix usage: def0_full=0.15, def0_weak=0.14, def0_very_weak=0.09, def1_full=0.32, def1_weak=0.21, def1_very_weak=0.09
[update 00760] R_def_mean=+0.000  R_att_mean=+58.648  (batch=262144)
   [att] |mu|_mean=6.089e+00  std_mean=2.364e+00  prior_blend_def=0.000
   mean arena radius ≈ 20.000 m
   timing: rollout=8.452s  optim=0.321s  total=8.773s  steps/s=29879.8
   approx true <||p1-center||> ≈ 10.439
   approx true <||p2-center||> ≈ 10.349
   approx belief <||p2-center||> ≈ 10.515
   EKF RMS pos err: def->att=0.768, att->def=0.772
   meas_innov_mean=2.254e-04,  trPpos_mean=1.454e+00
opp std mean: 2.3642079830169678
opp mix usage: def0_full=0.17, def0_weak=0.14, def0_very_weak=0.07, def1_full=0.34, def1_weak=0.19, def1_very_weak=0.08
[update 00770] R_def_mean=+0.000  R_att_mean=+56.310  (batch=262144)
   [att] |mu|_mean=6.003e+00  std_mean=2.364e+00  prior_blend_def=0.000
   mean arena radius ≈ 20.000 m
   timing: rollout=8.436s  optim=0.320s  total=8.756s  steps/s=29939.5
   approx true <||p1-center||> ≈ 10.248
   approx true <||p2-center||> ≈ 10.376
   approx belief <||p2-center||> ≈ 10.526
   EKF RMS pos err: def->att=0.765, att->def=0.765
   meas_innov_mean=2.103e-04,  trPpos_mean=1.451e+00
opp std mean: 2.3642079830169678
opp mix usage: def0_full=0.17, def0_weak=0.15, def0_very_weak=0.08, def1_full=0.33, def1_weak=0.20, def1_very_weak=0.08
[update 00780] R_def_mean=+0.000  R_att_mean=+55.139  (batch=262144)
   [att] |mu|_mean=6.034e+00  std_mean=2.364e+00  prior_blend_def=0.000
   mean arena radius ≈ 20.000 m
   timing: rollout=8.435s  optim=0.319s  total=8.754s  steps/s=29945.2
   approx true <||p1-center||> ≈ 10.437
   approx true <||p2-center||> ≈ 10.458
   approx belief <||p2-center||> ≈ 10.608
   EKF RMS pos err: def->att=0.764, att->def=0.774
   meas_innov_mean=1.937e-04,  trPpos_mean=1.479e+00
opp std mean: 2.3642079830169678
opp mix usage: def0_full=0.16, def0_weak=0.14, def0_very_weak=0.08, def1_full=0.34, def1_weak=0.19, def1_very_weak=0.09
[update 00790] R_def_mean=+0.000  R_att_mean=+54.590  (batch=262144)
   [att] |mu|_mean=6.008e+00  std_mean=2.364e+00  prior_blend_def=0.000
   mean arena radius ≈ 20.000 m
   timing: rollout=8.421s  optim=0.318s  total=8.740s  steps/s=29994.4
   approx true <||p1-center||> ≈ 10.397
   approx true <||p2-center||> ≈ 10.483
   approx belief <||p2-center||> ≈ 10.647
   EKF RMS pos err: def->att=0.778, att->def=0.779
   meas_innov_mean=1.953e-04,  trPpos_mean=1.454e+00
opp std mean: 2.3642079830169678
opp mix usage: def0_full=0.17, def0_weak=0.16, def0_very_weak=0.09, def1_full=0.33, def1_weak=0.19, def1_very_weak=0.08
[update 00800] R_def_mean=+0.000  R_att_mean=+55.341  (batch=262144)
   [att] |mu|_mean=6.097e+00  std_mean=2.364e+00  prior_blend_def=0.000
   mean arena radius ≈ 20.000 m
   timing: rollout=8.443s  optim=0.318s  total=8.761s  steps/s=29921.8
   approx true <||p1-center||> ≈ 10.361
   approx true <||p2-center||> ≈ 10.399
   approx belief <||p2-center||> ≈ 10.554
   EKF RMS pos err: def->att=0.759, att->def=0.780
   meas_innov_mean=2.811e-04,  trPpos_mean=1.443e+00
opp std mean: 2.3642079830169678
opp mix usage: def0_full=0.17, def0_weak=0.14, def0_very_weak=0.08, def1_full=0.33, def1_weak=0.19, def1_very_weak=0.08
[update 00810] R_def_mean=+0.000  R_att_mean=+55.699  (batch=262144)
   [att] |mu|_mean=6.007e+00  std_mean=2.364e+00  prior_blend_def=0.000
   mean arena radius ≈ 20.000 m
   timing: rollout=8.444s  optim=0.320s  total=8.763s  steps/s=29914.3
   approx true <||p1-center||> ≈ 10.378
   approx true <||p2-center||> ≈ 10.452
   approx belief <||p2-center||> ≈ 10.600
   EKF RMS pos err: def->att=0.768, att->def=0.770
   meas_innov_mean=1.999e-04,  trPpos_mean=1.448e+00
opp std mean: 2.3642079830169678
opp mix usage: def0_full=0.16, def0_weak=0.15, def0_very_weak=0.09, def1_full=0.33, def1_weak=0.19, def1_very_weak=0.09
[update 00820] R_def_mean=+0.000  R_att_mean=+55.451  (batch=262144)
   [att] |mu|_mean=6.035e+00  std_mean=2.364e+00  prior_blend_def=0.000
   mean arena radius ≈ 20.000 m
   timing: rollout=8.499s  optim=0.313s  total=8.812s  steps/s=29749.8
   approx true <||p1-center||> ≈ 10.471
   approx true <||p2-center||> ≈ 10.438
   approx belief <||p2-center||> ≈ 10.587
   EKF RMS pos err: def->att=0.760, att->def=0.772
   meas_innov_mean=2.085e-04,  trPpos_mean=1.445e+00
opp std mean: 2.3642079830169678
opp mix usage: def0_full=0.17, def0_weak=0.13, def0_very_weak=0.08, def1_full=0.35, def1_weak=0.18, def1_very_weak=0.09
[update 00830] R_def_mean=+0.000  R_att_mean=+53.293  (batch=262144)
   [att] |mu|_mean=5.970e+00  std_mean=2.364e+00  prior_blend_def=0.000
   mean arena radius ≈ 20.000 m
   timing: rollout=8.498s  optim=0.327s  total=8.825s  steps/s=29704.6
   approx true <||p1-center||> ≈ 10.358
   approx true <||p2-center||> ≈ 10.478
   approx belief <||p2-center||> ≈ 10.630
   EKF RMS pos err: def->att=0.753, att->def=0.779
   meas_innov_mean=1.973e-04,  trPpos_mean=1.397e+00
opp std mean: 2.3642079830169678
opp mix usage: def0_full=0.18, def0_weak=0.14, def0_very_weak=0.09, def1_full=0.33, def1_weak=0.18, def1_very_weak=0.08
[update 00840] R_def_mean=+0.000  R_att_mean=+56.294  (batch=262144)
   [att] |mu|_mean=6.028e+00  std_mean=2.364e+00  prior_blend_def=0.000
   mean arena radius ≈ 20.000 m
   timing: rollout=8.498s  optim=0.317s  total=8.815s  steps/s=29738.5
   approx true <||p1-center||> ≈ 10.451
   approx true <||p2-center||> ≈ 10.387
   approx belief <||p2-center||> ≈ 10.526
   EKF RMS pos err: def->att=0.739, att->def=0.787
   meas_innov_mean=2.863e-04,  trPpos_mean=1.443e+00
opp std mean: 2.3642079830169678
opp mix usage: def0_full=0.17, def0_weak=0.15, def0_very_weak=0.08, def1_full=0.33, def1_weak=0.19, def1_very_weak=0.07
[update 00850] R_def_mean=+0.000  R_att_mean=+58.754  (batch=262144)
   [att] |mu|_mean=6.089e+00  std_mean=2.364e+00  prior_blend_def=0.000
   mean arena radius ≈ 20.000 m
   timing: rollout=8.471s  optim=0.335s  total=8.806s  steps/s=29768.4
   approx true <||p1-center||> ≈ 10.409
   approx true <||p2-center||> ≈ 10.387
   approx belief <||p2-center||> ≈ 10.553
   EKF RMS pos err: def->att=0.768, att->def=0.801
   meas_innov_mean=2.076e-04,  trPpos_mean=1.438e+00
opp std mean: 2.3642079830169678
opp mix usage: def0_full=0.16, def0_weak=0.14, def0_very_weak=0.08, def1_full=0.33, def1_weak=0.19, def1_very_weak=0.09
[update 00860] R_def_mean=+0.000  R_att_mean=+57.075  (batch=262144)
   [att] |mu|_mean=6.052e+00  std_mean=2.364e+00  prior_blend_def=0.000
   mean arena radius ≈ 20.000 m
   timing: rollout=8.529s  optim=0.309s  total=8.838s  steps/s=29660.4
   approx true <||p1-center||> ≈ 10.545
   approx true <||p2-center||> ≈ 10.511
   approx belief <||p2-center||> ≈ 10.679
   EKF RMS pos err: def->att=0.761, att->def=0.763
   meas_innov_mean=2.455e-04,  trPpos_mean=1.431e+00
opp std mean: 2.3642079830169678
opp mix usage: def0_full=0.18, def0_weak=0.15, def0_very_weak=0.08, def1_full=0.33, def1_weak=0.18, def1_very_weak=0.08
[update 00870] R_def_mean=+0.000  R_att_mean=+56.472  (batch=262144)
   [att] |mu|_mean=6.055e+00  std_mean=2.364e+00  prior_blend_def=0.000
   mean arena radius ≈ 20.000 m
   timing: rollout=8.453s  optim=0.315s  total=8.768s  steps/s=29897.2
   approx true <||p1-center||> ≈ 10.490
   approx true <||p2-center||> ≈ 10.540
   approx belief <||p2-center||> ≈ 10.694
   EKF RMS pos err: def->att=0.769, att->def=0.783
   meas_innov_mean=2.223e-04,  trPpos_mean=1.464e+00
opp std mean: 2.3642079830169678
opp mix usage: def0_full=0.17, def0_weak=0.13, def0_very_weak=0.09, def1_full=0.34, def1_weak=0.19, def1_very_weak=0.08
[update 00880] R_def_mean=+0.000  R_att_mean=+56.976  (batch=262144)
   [att] |mu|_mean=6.025e+00  std_mean=2.364e+00  prior_blend_def=0.000
   mean arena radius ≈ 20.000 m
   timing: rollout=8.508s  optim=0.321s  total=8.830s  steps/s=29688.3
   approx true <||p1-center||> ≈ 10.375
   approx true <||p2-center||> ≈ 10.462
   approx belief <||p2-center||> ≈ 10.629
   EKF RMS pos err: def->att=0.769, att->def=0.750
   meas_innov_mean=2.451e-04,  trPpos_mean=1.403e+00
opp std mean: 2.3642079830169678
opp mix usage: def0_full=0.17, def0_weak=0.14, def0_very_weak=0.08, def1_full=0.35, def1_weak=0.18, def1_very_weak=0.08
[update 00890] R_def_mean=+0.000  R_att_mean=+57.523  (batch=262144)
   [att] |mu|_mean=6.041e+00  std_mean=2.364e+00  prior_blend_def=0.000
   mean arena radius ≈ 20.000 m
   timing: rollout=8.484s  optim=0.320s  total=8.803s  steps/s=29778.1
   approx true <||p1-center||> ≈ 10.504
   approx true <||p2-center||> ≈ 10.417
   approx belief <||p2-center||> ≈ 10.587
   EKF RMS pos err: def->att=0.815, att->def=0.768
   meas_innov_mean=3.480e-04,  trPpos_mean=1.465e+00
opp std mean: 2.3642079830169678
opp mix usage: def0_full=0.17, def0_weak=0.14, def0_very_weak=0.08, def1_full=0.33, def1_weak=0.18, def1_very_weak=0.09
[update 00900] R_def_mean=+0.000  R_att_mean=+55.764  (batch=262144)
   [att] |mu|_mean=6.007e+00  std_mean=2.364e+00  prior_blend_def=0.000
   mean arena radius ≈ 20.000 m
   timing: rollout=8.508s  optim=0.317s  total=8.825s  steps/s=29705.2
   approx true <||p1-center||> ≈ 10.364
   approx true <||p2-center||> ≈ 10.400
   approx belief <||p2-center||> ≈ 10.566
   EKF RMS pos err: def->att=0.765, att->def=0.784
   meas_innov_mean=2.010e-04,  trPpos_mean=1.445e+00
opp std mean: 2.3642079830169678
opp mix usage: def0_full=0.18, def0_weak=0.14, def0_very_weak=0.08, def1_full=0.35, def1_weak=0.18, def1_very_weak=0.08
[update 00910] R_def_mean=+0.000  R_att_mean=+55.071  (batch=262144)
   [att] |mu|_mean=5.922e+00  std_mean=2.364e+00  prior_blend_def=0.000
   mean arena radius ≈ 20.000 m
   timing: rollout=8.493s  optim=0.343s  total=8.835s  steps/s=29670.0
   approx true <||p1-center||> ≈ 10.244
   approx true <||p2-center||> ≈ 10.453
   approx belief <||p2-center||> ≈ 10.603
   EKF RMS pos err: def->att=0.750, att->def=0.759
   meas_innov_mean=2.193e-04,  trPpos_mean=1.406e+00
opp std mean: 2.3642079830169678
opp mix usage: def0_full=0.17, def0_weak=0.14, def0_very_weak=0.09, def1_full=0.34, def1_weak=0.19, def1_very_weak=0.07
[update 00920] R_def_mean=+0.000  R_att_mean=+56.489  (batch=262144)
   [att] |mu|_mean=6.038e+00  std_mean=2.364e+00  prior_blend_def=0.000
   mean arena radius ≈ 20.000 m
   timing: rollout=8.443s  optim=0.314s  total=8.757s  steps/s=29936.6
   approx true <||p1-center||> ≈ 10.358
   approx true <||p2-center||> ≈ 10.333
   approx belief <||p2-center||> ≈ 10.494
   EKF RMS pos err: def->att=0.769, att->def=0.775
   meas_innov_mean=2.195e-04,  trPpos_mean=1.454e+00
opp std mean: 2.3642079830169678
opp mix usage: def0_full=0.16, def0_weak=0.15, def0_very_weak=0.08, def1_full=0.32, def1_weak=0.19, def1_very_weak=0.09
[update 00930] R_def_mean=+0.000  R_att_mean=+56.569  (batch=262144)
   [att] |mu|_mean=6.044e+00  std_mean=2.364e+00  prior_blend_def=0.000
   mean arena radius ≈ 20.000 m
   timing: rollout=8.466s  optim=0.313s  total=8.779s  steps/s=29859.3
   approx true <||p1-center||> ≈ 10.514
   approx true <||p2-center||> ≈ 10.406
   approx belief <||p2-center||> ≈ 10.554
   EKF RMS pos err: def->att=0.764, att->def=0.775
   meas_innov_mean=2.124e-04,  trPpos_mean=1.435e+00
opp std mean: 2.3642079830169678
opp mix usage: def0_full=0.18, def0_weak=0.15, def0_very_weak=0.07, def1_full=0.34, def1_weak=0.19, def1_very_weak=0.07
[update 00940] R_def_mean=+0.000  R_att_mean=+56.194  (batch=262144)
   [att] |mu|_mean=6.000e+00  std_mean=2.364e+00  prior_blend_def=0.000
   mean arena radius ≈ 20.000 m
   timing: rollout=8.434s  optim=0.318s  total=8.752s  steps/s=29953.5
   approx true <||p1-center||> ≈ 10.334
   approx true <||p2-center||> ≈ 10.405
   approx belief <||p2-center||> ≈ 10.551
   EKF RMS pos err: def->att=0.748, att->def=0.770
   meas_innov_mean=2.571e-04,  trPpos_mean=1.411e+00
opp std mean: 2.3642079830169678
opp mix usage: def0_full=0.18, def0_weak=0.14, def0_very_weak=0.08, def1_full=0.33, def1_weak=0.18, def1_very_weak=0.08
[update 00950] R_def_mean=+0.000  R_att_mean=+59.894  (batch=262144)
   [att] |mu|_mean=6.097e+00  std_mean=2.364e+00  prior_blend_def=0.000
   mean arena radius ≈ 20.000 m
   timing: rollout=8.462s  optim=0.319s  total=8.780s  steps/s=29855.3
   approx true <||p1-center||> ≈ 10.508
   approx true <||p2-center||> ≈ 10.333
   approx belief <||p2-center||> ≈ 10.490
   EKF RMS pos err: def->att=0.773, att->def=0.780
   meas_innov_mean=1.950e-04,  trPpos_mean=1.457e+00
opp std mean: 2.3642079830169678
opp mix usage: def0_full=0.16, def0_weak=0.14, def0_very_weak=0.08, def1_full=0.36, def1_weak=0.17, def1_very_weak=0.09
[update 00960] R_def_mean=+0.000  R_att_mean=+57.156  (batch=262144)
   [att] |mu|_mean=6.007e+00  std_mean=2.364e+00  prior_blend_def=0.000
   mean arena radius ≈ 20.000 m
   timing: rollout=8.489s  optim=0.340s  total=8.828s  steps/s=29693.8
   approx true <||p1-center||> ≈ 10.356
   approx true <||p2-center||> ≈ 10.434
   approx belief <||p2-center||> ≈ 10.599
   EKF RMS pos err: def->att=0.770, att->def=0.760
   meas_innov_mean=2.294e-04,  trPpos_mean=1.431e+00
opp std mean: 2.3642079830169678
opp mix usage: def0_full=0.18, def0_weak=0.14, def0_very_weak=0.08, def1_full=0.33, def1_weak=0.19, def1_very_weak=0.08
[update 00970] R_def_mean=+0.000  R_att_mean=+57.620  (batch=262144)
   [att] |mu|_mean=6.031e+00  std_mean=2.364e+00  prior_blend_def=0.000
   mean arena radius ≈ 20.000 m
   timing: rollout=8.456s  optim=0.317s  total=8.773s  steps/s=29881.3
   approx true <||p1-center||> ≈ 10.444
   approx true <||p2-center||> ≈ 10.428
   approx belief <||p2-center||> ≈ 10.597
   EKF RMS pos err: def->att=0.779, att->def=0.775
   meas_innov_mean=2.022e-04,  trPpos_mean=1.466e+00
opp std mean: 2.3642079830169678
opp mix usage: def0_full=0.18, def0_weak=0.13, def0_very_weak=0.08, def1_full=0.34, def1_weak=0.19, def1_very_weak=0.07
[update 00980] R_def_mean=+0.000  R_att_mean=+57.609  (batch=262144)
   [att] |mu|_mean=6.098e+00  std_mean=2.364e+00  prior_blend_def=0.000
   mean arena radius ≈ 20.000 m
   timing: rollout=8.469s  optim=0.323s  total=8.792s  steps/s=29815.0
   approx true <||p1-center||> ≈ 10.520
   approx true <||p2-center||> ≈ 10.455
   approx belief <||p2-center||> ≈ 10.618
   EKF RMS pos err: def->att=0.792, att->def=0.752
   meas_innov_mean=3.495e-04,  trPpos_mean=1.399e+00
opp std mean: 2.3642079830169678
opp mix usage: def0_full=0.18, def0_weak=0.12, def0_very_weak=0.07, def1_full=0.34, def1_weak=0.19, def1_very_weak=0.09
[update 00990] R_def_mean=+0.000  R_att_mean=+59.181  (batch=262144)
   [att] |mu|_mean=6.061e+00  std_mean=2.364e+00  prior_blend_def=0.000
   mean arena radius ≈ 20.000 m
   timing: rollout=8.503s  optim=0.317s  total=8.819s  steps/s=29723.5
   approx true <||p1-center||> ≈ 10.329
   approx true <||p2-center||> ≈ 10.385
   approx belief <||p2-center||> ≈ 10.524
   EKF RMS pos err: def->att=0.737, att->def=0.766
   meas_innov_mean=2.483e-04,  trPpos_mean=1.416e+00
opp std mean: 2.3642079830169678
opp mix usage: def0_full=0.16, def0_weak=0.15, def0_very_weak=0.07, def1_full=0.34, def1_weak=0.18, def1_very_weak=0.09
[update 01000] R_def_mean=+0.000  R_att_mean=+58.560  (batch=262144)
   [att] |mu|_mean=6.018e+00  std_mean=2.364e+00  prior_blend_def=0.000
   mean arena radius ≈ 20.000 m
   timing: rollout=8.418s  optim=0.334s  total=8.752s  steps/s=29951.1
   approx true <||p1-center||> ≈ 10.452
   approx true <||p2-center||> ≈ 10.428
   approx belief <||p2-center||> ≈ 10.591
   EKF RMS pos err: def->att=0.765, att->def=0.786
   meas_innov_mean=3.420e-04,  trPpos_mean=1.473e+00
[ic] saved actual training IC samples -> Training_Policy_0.5u_1.5vmax_1.0_icVmax_KF_ON/ic_samples_att2_teacher.npz
[checkpoint] saved last checkpoint -> Training_Policy_0.5u_1.5vmax_1.0_icVmax_KF_ON/att2_teacher.pt
Training finished.
[ATT2 TEACHER] Using attacker checkpoint: Training_Policy_0.5u_1.5vmax_1.0_icVmax_KF_ON/att2_teacher.pt
[ATT2 TEACHER] best R_att_mean=+68.266 at update 480
[ATT2 TEACHER] Saved metrics to Training_Policy_0.5u_1.5vmax_1.0_icVmax_KF_ON/train_metrics_att2_teacher.npz

===== PHASE 4: Train DEFENDER_2 vs frozen ATTACKER_2 =====
[DEF2 TEACHER] Using device: cuda
[DEF2] train_role=def  distill=False  distill_method=modern
[tb] logging to: runs/Training_Policy_0.5u_1.5vmax_1.0_icVmax_KF_ON_def2_teacher
[TorchVecEnv] batched EKF path enabled (device=cuda, num_envs=256).
[train] rollout backend=torch (num_envs=256, vec_workers=None)
[checkpoint] new best R_def_mean=+45.296 at update 10 -> Training_Policy_0.5u_1.5vmax_1.0_icVmax_KF_ON/def2_teacher__best.pt
opp std mean: 3.0267255306243896
opp mix usage: att1_full=0.12, att1_weak=0.14, att1_very_weak=0.07, att2_full=0.36, att2_weak=0.24, att2_very_weak=0.07
[update 00010] R_def_mean=+45.296  R_att_mean=+0.000  (batch=262144)
   [def] |mu|_mean=3.551e+00  std_mean=2.098e+00  prior_blend_def=0.000
   mean arena radius ≈ 20.000 m
   timing: rollout=8.639s  optim=0.336s  total=8.974s  steps/s=29210.2
   approx true <||p1-center||> ≈ 8.516
   approx true <||p2-center||> ≈ 13.110
   approx belief <||p2-center||> ≈ 13.265
   EKF RMS pos err: def->att=0.704, att->def=0.716
   meas_innov_mean=2.169e-04,  trPpos_mean=1.173e+00
[checkpoint] new best R_def_mean=+52.408 at update 20 -> Training_Policy_0.5u_1.5vmax_1.0_icVmax_KF_ON/def2_teacher__best.pt
opp std mean: 3.0267255306243896
opp mix usage: att1_full=0.13, att1_weak=0.14, att1_very_weak=0.08, att2_full=0.35, att2_weak=0.23, att2_very_weak=0.07
[update 00020] R_def_mean=+52.408  R_att_mean=+0.000  (batch=262144)
   [def] |mu|_mean=3.478e+00  std_mean=2.033e+00  prior_blend_def=0.000
   mean arena radius ≈ 20.000 m
   timing: rollout=8.556s  optim=0.339s  total=8.895s  steps/s=29469.9
   approx true <||p1-center||> ≈ 8.222
   approx true <||p2-center||> ≈ 13.155
   approx belief <||p2-center||> ≈ 13.321
   EKF RMS pos err: def->att=0.711, att->def=0.729
   meas_innov_mean=2.297e-04,  trPpos_mean=1.221e+00
[checkpoint] new best R_def_mean=+52.574 at update 30 -> Training_Policy_0.5u_1.5vmax_1.0_icVmax_KF_ON/def2_teacher__best.pt
opp std mean: 3.0267255306243896
opp mix usage: att1_full=0.13, att1_weak=0.14, att1_very_weak=0.08, att2_full=0.34, att2_weak=0.23, att2_very_weak=0.07
[update 00030] R_def_mean=+52.574  R_att_mean=+0.000  (batch=262144)
   [def] |mu|_mean=3.392e+00  std_mean=2.042e+00  prior_blend_def=0.000
   mean arena radius ≈ 20.000 m
   timing: rollout=8.601s  optim=0.335s  total=8.936s  steps/s=29336.0
   approx true <||p1-center||> ≈ 8.301
   approx true <||p2-center||> ≈ 13.263
   approx belief <||p2-center||> ≈ 13.434
   EKF RMS pos err: def->att=0.768, att->def=0.738
   meas_innov_mean=2.853e-04,  trPpos_mean=1.232e+00
[checkpoint] new best R_def_mean=+59.659 at update 40 -> Training_Policy_0.5u_1.5vmax_1.0_icVmax_KF_ON/def2_teacher__best.pt
opp std mean: 3.0267255306243896
opp mix usage: att1_full=0.13, att1_weak=0.13, att1_very_weak=0.08, att2_full=0.36, att2_weak=0.22, att2_very_weak=0.07
[update 00040] R_def_mean=+59.659  R_att_mean=+0.000  (batch=262144)
   [def] |mu|_mean=3.342e+00  std_mean=2.039e+00  prior_blend_def=0.000
   mean arena radius ≈ 20.000 m
   timing: rollout=8.575s  optim=0.308s  total=8.882s  steps/s=29512.5
   approx true <||p1-center||> ≈ 8.091
   approx true <||p2-center||> ≈ 13.297
   approx belief <||p2-center||> ≈ 13.471
   EKF RMS pos err: def->att=0.742, att->def=0.747
   meas_innov_mean=2.592e-04,  trPpos_mean=1.262e+00
[checkpoint] new best R_def_mean=+60.879 at update 50 -> Training_Policy_0.5u_1.5vmax_1.0_icVmax_KF_ON/def2_teacher__best.pt
opp std mean: 3.0267255306243896
opp mix usage: att1_full=0.13, att1_weak=0.14, att1_very_weak=0.08, att2_full=0.34, att2_weak=0.24, att2_very_weak=0.07
[update 00050] R_def_mean=+60.879  R_att_mean=+0.000  (batch=262144)
   [def] |mu|_mean=3.436e+00  std_mean=2.031e+00  prior_blend_def=0.000
   mean arena radius ≈ 20.000 m
   timing: rollout=8.598s  optim=0.318s  total=8.916s  steps/s=29403.0
   approx true <||p1-center||> ≈ 8.204
   approx true <||p2-center||> ≈ 13.351
   approx belief <||p2-center||> ≈ 13.540
   EKF RMS pos err: def->att=0.756, att->def=0.752
   meas_innov_mean=1.997e-04,  trPpos_mean=1.266e+00
[checkpoint] new best R_def_mean=+67.781 at update 60 -> Training_Policy_0.5u_1.5vmax_1.0_icVmax_KF_ON/def2_teacher__best.pt
opp std mean: 3.0267255306243896
opp mix usage: att1_full=0.13, att1_weak=0.17, att1_very_weak=0.09, att2_full=0.31, att2_weak=0.22, att2_very_weak=0.08
[update 00060] R_def_mean=+67.781  R_att_mean=+0.000  (batch=262144)
   [def] |mu|_mean=3.286e+00  std_mean=2.020e+00  prior_blend_def=0.000
   mean arena radius ≈ 20.000 m
   timing: rollout=8.581s  optim=0.317s  total=8.898s  steps/s=29459.7
   approx true <||p1-center||> ≈ 8.164
   approx true <||p2-center||> ≈ 13.473
   approx belief <||p2-center||> ≈ 13.646
   EKF RMS pos err: def->att=0.739, att->def=0.765
   meas_innov_mean=2.096e-04,  trPpos_mean=1.314e+00
[checkpoint] new best R_def_mean=+68.722 at update 70 -> Training_Policy_0.5u_1.5vmax_1.0_icVmax_KF_ON/def2_teacher__best.pt
opp std mean: 3.0267255306243896
opp mix usage: att1_full=0.13, att1_weak=0.16, att1_very_weak=0.08, att2_full=0.32, att2_weak=0.23, att2_very_weak=0.08
[update 00070] R_def_mean=+68.722  R_att_mean=+0.000  (batch=262144)
   [def] |mu|_mean=3.299e+00  std_mean=2.008e+00  prior_blend_def=0.000
   mean arena radius ≈ 20.000 m
   timing: rollout=8.593s  optim=0.304s  total=8.897s  steps/s=29464.0
   approx true <||p1-center||> ≈ 8.170
   approx true <||p2-center||> ≈ 13.437
   approx belief <||p2-center||> ≈ 13.605
   EKF RMS pos err: def->att=0.744, att->def=0.754
   meas_innov_mean=2.400e-04,  trPpos_mean=1.293e+00
[checkpoint] new best R_def_mean=+72.934 at update 80 -> Training_Policy_0.5u_1.5vmax_1.0_icVmax_KF_ON/def2_teacher__best.pt
opp std mean: 3.0267255306243896
opp mix usage: att1_full=0.14, att1_weak=0.15, att1_very_weak=0.08, att2_full=0.31, att2_weak=0.23, att2_very_weak=0.08
[update 00080] R_def_mean=+72.934  R_att_mean=+0.000  (batch=262144)
   [def] |mu|_mean=3.309e+00  std_mean=2.007e+00  prior_blend_def=0.000
   mean arena radius ≈ 20.000 m
   timing: rollout=8.604s  optim=0.329s  total=8.934s  steps/s=29343.3
   approx true <||p1-center||> ≈ 8.093
   approx true <||p2-center||> ≈ 13.496
   approx belief <||p2-center||> ≈ 13.665
   EKF RMS pos err: def->att=0.744, att->def=0.768
   meas_innov_mean=2.085e-04,  trPpos_mean=1.328e+00
[checkpoint] new best R_def_mean=+74.332 at update 90 -> Training_Policy_0.5u_1.5vmax_1.0_icVmax_KF_ON/def2_teacher__best.pt
opp std mean: 3.0267255306243896
opp mix usage: att1_full=0.15, att1_weak=0.15, att1_very_weak=0.08, att2_full=0.30, att2_weak=0.23, att2_very_weak=0.09
[update 00090] R_def_mean=+74.332  R_att_mean=+0.000  (batch=262144)
   [def] |mu|_mean=3.353e+00  std_mean=2.010e+00  prior_blend_def=0.000
   mean arena radius ≈ 20.000 m
   timing: rollout=8.606s  optim=0.308s  total=8.914s  steps/s=29409.3
   approx true <||p1-center||> ≈ 8.167
   approx true <||p2-center||> ≈ 13.624
   approx belief <||p2-center||> ≈ 13.813
   EKF RMS pos err: def->att=0.771, att->def=0.783
   meas_innov_mean=2.058e-04,  trPpos_mean=1.356e+00
opp std mean: 3.0267255306243896
opp mix usage: att1_full=0.14, att1_weak=0.14, att1_very_weak=0.08, att2_full=0.33, att2_weak=0.23, att2_very_weak=0.08
[update 00100] R_def_mean=+71.050  R_att_mean=+0.000  (batch=262144)
   [def] |mu|_mean=3.469e+00  std_mean=2.000e+00  prior_blend_def=0.000
   mean arena radius ≈ 20.000 m
   timing: rollout=8.590s  optim=0.314s  total=8.904s  steps/s=29442.1
   approx true <||p1-center||> ≈ 8.153
   approx true <||p2-center||> ≈ 13.565
   approx belief <||p2-center||> ≈ 13.737
   EKF RMS pos err: def->att=0.748, att->def=0.783
   meas_innov_mean=2.386e-04,  trPpos_mean=1.334e+00
opp std mean: 3.0267255306243896
opp mix usage: att1_full=0.14, att1_weak=0.16, att1_very_weak=0.08, att2_full=0.34, att2_weak=0.21, att2_very_weak=0.07
[update 00110] R_def_mean=+71.140  R_att_mean=+0.000  (batch=262144)
   [def] |mu|_mean=3.454e+00  std_mean=1.956e+00  prior_blend_def=0.000
   mean arena radius ≈ 20.000 m
   timing: rollout=8.608s  optim=0.317s  total=8.925s  steps/s=29370.7
   approx true <||p1-center||> ≈ 8.126
   approx true <||p2-center||> ≈ 13.543
   approx belief <||p2-center||> ≈ 13.736
   EKF RMS pos err: def->att=0.787, att->def=0.794
   meas_innov_mean=2.096e-04,  trPpos_mean=1.370e+00
opp std mean: 3.0267255306243896
opp mix usage: att1_full=0.14, att1_weak=0.16, att1_very_weak=0.08, att2_full=0.32, att2_weak=0.23, att2_very_weak=0.07
[update 00120] R_def_mean=+74.069  R_att_mean=+0.000  (batch=262144)
   [def] |mu|_mean=3.457e+00  std_mean=1.934e+00  prior_blend_def=0.000
   mean arena radius ≈ 20.000 m
   timing: rollout=8.595s  optim=0.312s  total=8.908s  steps/s=29428.5
   approx true <||p1-center||> ≈ 8.222
   approx true <||p2-center||> ≈ 13.531
   approx belief <||p2-center||> ≈ 13.698
   EKF RMS pos err: def->att=0.749, att->def=0.755
   meas_innov_mean=2.094e-04,  trPpos_mean=1.316e+00
[checkpoint] new best R_def_mean=+74.855 at update 130 -> Training_Policy_0.5u_1.5vmax_1.0_icVmax_KF_ON/def2_teacher__best.pt
opp std mean: 3.0267255306243896
opp mix usage: att1_full=0.14, att1_weak=0.17, att1_very_weak=0.07, att2_full=0.34, att2_weak=0.21, att2_very_weak=0.08
[update 00130] R_def_mean=+74.855  R_att_mean=+0.000  (batch=262144)
   [def] |mu|_mean=3.405e+00  std_mean=1.904e+00  prior_blend_def=0.000
   mean arena radius ≈ 20.000 m
   timing: rollout=8.570s  optim=0.304s  total=8.873s  steps/s=29542.8
   approx true <||p1-center||> ≈ 8.120
   approx true <||p2-center||> ≈ 13.530
   approx belief <||p2-center||> ≈ 13.719
   EKF RMS pos err: def->att=0.773, att->def=0.803
   meas_innov_mean=2.390e-04,  trPpos_mean=1.368e+00
[checkpoint] new best R_def_mean=+76.367 at update 140 -> Training_Policy_0.5u_1.5vmax_1.0_icVmax_KF_ON/def2_teacher__best.pt
opp std mean: 3.0267255306243896
opp mix usage: att1_full=0.15, att1_weak=0.16, att1_very_weak=0.07, att2_full=0.30, att2_weak=0.22, att2_very_weak=0.09
[update 00140] R_def_mean=+76.367  R_att_mean=+0.000  (batch=262144)
   [def] |mu|_mean=3.424e+00  std_mean=1.880e+00  prior_blend_def=0.000
   mean arena radius ≈ 20.000 m
   timing: rollout=8.653s  optim=0.319s  total=8.972s  steps/s=29217.7
   approx true <||p1-center||> ≈ 8.129
   approx true <||p2-center||> ≈ 13.553
   approx belief <||p2-center||> ≈ 13.724
   EKF RMS pos err: def->att=0.751, att->def=0.772
   meas_innov_mean=1.980e-04,  trPpos_mean=1.320e+00
[checkpoint] new best R_def_mean=+79.268 at update 150 -> Training_Policy_0.5u_1.5vmax_1.0_icVmax_KF_ON/def2_teacher__best.pt
opp std mean: 3.0267255306243896
opp mix usage: att1_full=0.14, att1_weak=0.15, att1_very_weak=0.08, att2_full=0.30, att2_weak=0.23, att2_very_weak=0.09
[update 00150] R_def_mean=+79.268  R_att_mean=+0.000  (batch=262144)
   [def] |mu|_mean=3.401e+00  std_mean=1.879e+00  prior_blend_def=0.000
   mean arena radius ≈ 20.000 m
   timing: rollout=8.640s  optim=0.329s  total=8.968s  steps/s=29230.0
   approx true <||p1-center||> ≈ 8.166
   approx true <||p2-center||> ≈ 13.637
   approx belief <||p2-center||> ≈ 13.831
   EKF RMS pos err: def->att=0.782, att->def=0.810
   meas_innov_mean=2.551e-04,  trPpos_mean=1.397e+00
opp std mean: 3.0267255306243896
opp mix usage: att1_full=0.15, att1_weak=0.13, att1_very_weak=0.08, att2_full=0.33, att2_weak=0.22, att2_very_weak=0.08
[update 00160] R_def_mean=+74.643  R_att_mean=+0.000  (batch=262144)
   [def] |mu|_mean=3.397e+00  std_mean=1.868e+00  prior_blend_def=0.000
   mean arena radius ≈ 20.000 m
   timing: rollout=8.655s  optim=0.317s  total=8.972s  steps/s=29217.7
   approx true <||p1-center||> ≈ 8.049
   approx true <||p2-center||> ≈ 13.505
   approx belief <||p2-center||> ≈ 13.672
   EKF RMS pos err: def->att=0.760, att->def=0.789
   meas_innov_mean=2.175e-04,  trPpos_mean=1.364e+00
opp std mean: 3.0267255306243896
opp mix usage: att1_full=0.14, att1_weak=0.16, att1_very_weak=0.09, att2_full=0.29, att2_weak=0.23, att2_very_weak=0.08
[update 00170] R_def_mean=+77.605  R_att_mean=+0.000  (batch=262144)
   [def] |mu|_mean=3.403e+00  std_mean=1.864e+00  prior_blend_def=0.000
   mean arena radius ≈ 20.000 m
   timing: rollout=8.656s  optim=0.316s  total=8.972s  steps/s=29217.9
   approx true <||p1-center||> ≈ 8.275
   approx true <||p2-center||> ≈ 13.649
   approx belief <||p2-center||> ≈ 13.832
   EKF RMS pos err: def->att=0.769, att->def=0.789
   meas_innov_mean=2.453e-04,  trPpos_mean=1.382e+00
opp std mean: 3.0267255306243896
opp mix usage: att1_full=0.14, att1_weak=0.17, att1_very_weak=0.08, att2_full=0.32, att2_weak=0.21, att2_very_weak=0.09
[update 00180] R_def_mean=+76.764  R_att_mean=+0.000  (batch=262144)
   [def] |mu|_mean=3.481e+00  std_mean=1.839e+00  prior_blend_def=0.000
   mean arena radius ≈ 20.000 m
   timing: rollout=8.650s  optim=0.337s  total=8.987s  steps/s=29167.9
   approx true <||p1-center||> ≈ 8.118
   approx true <||p2-center||> ≈ 13.470
   approx belief <||p2-center||> ≈ 13.658
   EKF RMS pos err: def->att=0.773, att->def=0.769
   meas_innov_mean=2.196e-04,  trPpos_mean=1.342e+00
opp std mean: 3.0267255306243896
opp mix usage: att1_full=0.15, att1_weak=0.16, att1_very_weak=0.09, att2_full=0.30, att2_weak=0.23, att2_very_weak=0.07
[update 00190] R_def_mean=+78.541  R_att_mean=+0.000  (batch=262144)
   [def] |mu|_mean=3.455e+00  std_mean=1.807e+00  prior_blend_def=0.000
   mean arena radius ≈ 20.000 m
   timing: rollout=8.695s  optim=0.316s  total=9.011s  steps/s=29092.0
   approx true <||p1-center||> ≈ 8.199
   approx true <||p2-center||> ≈ 13.554
   approx belief <||p2-center||> ≈ 13.735
   EKF RMS pos err: def->att=0.758, att->def=0.799
   meas_innov_mean=2.670e-04,  trPpos_mean=1.365e+00
opp std mean: 3.0267255306243896
opp mix usage: att1_full=0.14, att1_weak=0.16, att1_very_weak=0.07, att2_full=0.31, att2_weak=0.24, att2_very_weak=0.08
[update 00200] R_def_mean=+77.745  R_att_mean=+0.000  (batch=262144)
   [def] |mu|_mean=3.482e+00  std_mean=1.786e+00  prior_blend_def=0.000
   mean arena radius ≈ 20.000 m
   timing: rollout=8.653s  optim=0.318s  total=8.971s  steps/s=29220.3
   approx true <||p1-center||> ≈ 8.358
   approx true <||p2-center||> ≈ 13.659
   approx belief <||p2-center||> ≈ 13.832
   EKF RMS pos err: def->att=0.751, att->def=0.775
   meas_innov_mean=2.131e-04,  trPpos_mean=1.322e+00
opp std mean: 3.0267255306243896
opp mix usage: att1_full=0.15, att1_weak=0.18, att1_very_weak=0.08, att2_full=0.30, att2_weak=0.21, att2_very_weak=0.08
[update 00210] R_def_mean=+79.264  R_att_mean=+0.000  (batch=262144)
   [def] |mu|_mean=3.412e+00  std_mean=1.792e+00  prior_blend_def=0.000
   mean arena radius ≈ 20.000 m
   timing: rollout=8.678s  optim=0.317s  total=8.995s  steps/s=29144.3
   approx true <||p1-center||> ≈ 8.077
   approx true <||p2-center||> ≈ 13.544
   approx belief <||p2-center||> ≈ 13.733
   EKF RMS pos err: def->att=0.765, att->def=0.771
   meas_innov_mean=1.982e-04,  trPpos_mean=1.368e+00
[checkpoint] new best R_def_mean=+79.868 at update 220 -> Training_Policy_0.5u_1.5vmax_1.0_icVmax_KF_ON/def2_teacher__best.pt
opp std mean: 3.0267255306243896
opp mix usage: att1_full=0.14, att1_weak=0.16, att1_very_weak=0.08, att2_full=0.30, att2_weak=0.23, att2_very_weak=0.08
[update 00220] R_def_mean=+79.868  R_att_mean=+0.000  (batch=262144)
   [def] |mu|_mean=3.421e+00  std_mean=1.782e+00  prior_blend_def=0.000
   mean arena radius ≈ 20.000 m
   timing: rollout=8.671s  optim=0.318s  total=8.989s  steps/s=29163.6
   approx true <||p1-center||> ≈ 8.285
   approx true <||p2-center||> ≈ 13.686
   approx belief <||p2-center||> ≈ 13.873
   EKF RMS pos err: def->att=0.763, att->def=0.783
   meas_innov_mean=2.053e-04,  trPpos_mean=1.345e+00
opp std mean: 3.0267255306243896
opp mix usage: att1_full=0.14, att1_weak=0.16, att1_very_weak=0.09, att2_full=0.32, att2_weak=0.23, att2_very_weak=0.07
[update 00230] R_def_mean=+79.082  R_att_mean=+0.000  (batch=262144)
   [def] |mu|_mean=3.382e+00  std_mean=1.786e+00  prior_blend_def=0.000
   mean arena radius ≈ 20.000 m
   timing: rollout=8.697s  optim=0.316s  total=9.013s  steps/s=29085.5
   approx true <||p1-center||> ≈ 8.195
   approx true <||p2-center||> ≈ 13.647
   approx belief <||p2-center||> ≈ 13.823
   EKF RMS pos err: def->att=0.756, att->def=0.784
   meas_innov_mean=1.942e-04,  trPpos_mean=1.330e+00
opp std mean: 3.0267255306243896
opp mix usage: att1_full=0.14, att1_weak=0.16, att1_very_weak=0.08, att2_full=0.31, att2_weak=0.23, att2_very_weak=0.08
[update 00240] R_def_mean=+78.295  R_att_mean=+0.000  (batch=262144)
   [def] |mu|_mean=3.382e+00  std_mean=1.784e+00  prior_blend_def=0.000
   mean arena radius ≈ 20.000 m
   timing: rollout=8.731s  optim=0.319s  total=9.050s  steps/s=28967.2
   approx true <||p1-center||> ≈ 8.085
   approx true <||p2-center||> ≈ 13.575
   approx belief <||p2-center||> ≈ 13.759
   EKF RMS pos err: def->att=0.769, att->def=0.778
   meas_innov_mean=2.179e-04,  trPpos_mean=1.356e+00
opp std mean: 3.0267255306243896
opp mix usage: att1_full=0.16, att1_weak=0.17, att1_very_weak=0.08, att2_full=0.30, att2_weak=0.21, att2_very_weak=0.10
[update 00250] R_def_mean=+79.815  R_att_mean=+0.000  (batch=262144)
   [def] |mu|_mean=3.384e+00  std_mean=1.779e+00  prior_blend_def=0.000
   mean arena radius ≈ 20.000 m
   timing: rollout=8.714s  optim=0.323s  total=9.037s  steps/s=29007.0
   approx true <||p1-center||> ≈ 8.135
   approx true <||p2-center||> ≈ 13.621
   approx belief <||p2-center||> ≈ 13.793
   EKF RMS pos err: def->att=0.762, att->def=0.777
   meas_innov_mean=2.523e-04,  trPpos_mean=1.370e+00
[checkpoint] new best R_def_mean=+81.366 at update 260 -> Training_Policy_0.5u_1.5vmax_1.0_icVmax_KF_ON/def2_teacher__best.pt
opp std mean: 3.0267255306243896
opp mix usage: att1_full=0.15, att1_weak=0.15, att1_very_weak=0.09, att2_full=0.30, att2_weak=0.22, att2_very_weak=0.10
[update 00260] R_def_mean=+81.366  R_att_mean=+0.000  (batch=262144)
   [def] |mu|_mean=3.421e+00  std_mean=1.769e+00  prior_blend_def=0.000
   mean arena radius ≈ 20.000 m
   timing: rollout=8.659s  optim=0.314s  total=8.973s  steps/s=29216.2
   approx true <||p1-center||> ≈ 8.136
   approx true <||p2-center||> ≈ 13.545
   approx belief <||p2-center||> ≈ 13.715
   EKF RMS pos err: def->att=0.751, att->def=0.783
   meas_innov_mean=2.260e-04,  trPpos_mean=1.367e+00
opp std mean: 3.0267255306243896
opp mix usage: att1_full=0.15, att1_weak=0.16, att1_very_weak=0.08, att2_full=0.31, att2_weak=0.22, att2_very_weak=0.08
[update 00270] R_def_mean=+77.677  R_att_mean=+0.000  (batch=262144)
   [def] |mu|_mean=3.394e+00  std_mean=1.764e+00  prior_blend_def=0.000
   mean arena radius ≈ 20.000 m
   timing: rollout=8.665s  optim=0.340s  total=9.006s  steps/s=29109.1
   approx true <||p1-center||> ≈ 8.213
   approx true <||p2-center||> ≈ 13.683
   approx belief <||p2-center||> ≈ 13.865
   EKF RMS pos err: def->att=0.763, att->def=0.780
   meas_innov_mean=2.022e-04,  trPpos_mean=1.390e+00
opp std mean: 3.0267255306243896
opp mix usage: att1_full=0.15, att1_weak=0.16, att1_very_weak=0.08, att2_full=0.31, att2_weak=0.21, att2_very_weak=0.08
[update 00280] R_def_mean=+80.762  R_att_mean=+0.000  (batch=262144)
   [def] |mu|_mean=3.323e+00  std_mean=1.758e+00  prior_blend_def=0.000
   mean arena radius ≈ 20.000 m
   timing: rollout=8.710s  optim=0.333s  total=9.043s  steps/s=28988.7
   approx true <||p1-center||> ≈ 8.156
   approx true <||p2-center||> ≈ 13.632
   approx belief <||p2-center||> ≈ 13.822
   EKF RMS pos err: def->att=0.771, att->def=0.787
   meas_innov_mean=1.948e-04,  trPpos_mean=1.360e+00
opp std mean: 3.0267255306243896
opp mix usage: att1_full=0.15, att1_weak=0.17, att1_very_weak=0.08, att2_full=0.32, att2_weak=0.21, att2_very_weak=0.08
[update 00290] R_def_mean=+80.231  R_att_mean=+0.000  (batch=262144)
   [def] |mu|_mean=3.389e+00  std_mean=1.758e+00  prior_blend_def=0.000
   mean arena radius ≈ 20.000 m
   timing: rollout=8.700s  optim=0.326s  total=9.025s  steps/s=29044.9
   approx true <||p1-center||> ≈ 8.100
   approx true <||p2-center||> ≈ 13.623
   approx belief <||p2-center||> ≈ 13.796
   EKF RMS pos err: def->att=0.749, att->def=0.762
   meas_innov_mean=2.104e-04,  trPpos_mean=1.344e+00
opp std mean: 3.0267255306243896
opp mix usage: att1_full=0.13, att1_weak=0.16, att1_very_weak=0.08, att2_full=0.31, att2_weak=0.25, att2_very_weak=0.07
[update 00300] R_def_mean=+79.811  R_att_mean=+0.000  (batch=262144)
   [def] |mu|_mean=3.347e+00  std_mean=1.754e+00  prior_blend_def=0.000
   mean arena radius ≈ 20.000 m
   timing: rollout=8.677s  optim=0.317s  total=8.994s  steps/s=29147.2
   approx true <||p1-center||> ≈ 8.281
   approx true <||p2-center||> ≈ 13.661
   approx belief <||p2-center||> ≈ 13.818
   EKF RMS pos err: def->att=0.745, att->def=0.769
   meas_innov_mean=1.969e-04,  trPpos_mean=1.334e+00
opp std mean: 3.0267255306243896
opp mix usage: att1_full=0.14, att1_weak=0.16, att1_very_weak=0.08, att2_full=0.32, att2_weak=0.22, att2_very_weak=0.09
[update 00310] R_def_mean=+78.841  R_att_mean=+0.000  (batch=262144)
   [def] |mu|_mean=3.318e+00  std_mean=1.746e+00  prior_blend_def=0.000
   mean arena radius ≈ 20.000 m
   timing: rollout=8.692s  optim=0.344s  total=9.036s  steps/s=29010.4
   approx true <||p1-center||> ≈ 8.122
   approx true <||p2-center||> ≈ 13.651
   approx belief <||p2-center||> ≈ 13.832
   EKF RMS pos err: def->att=0.758, att->def=0.787
   meas_innov_mean=1.990e-04,  trPpos_mean=1.359e+00
[checkpoint] new best R_def_mean=+81.969 at update 320 -> Training_Policy_0.5u_1.5vmax_1.0_icVmax_KF_ON/def2_teacher__best.pt
opp std mean: 3.0267255306243896
opp mix usage: att1_full=0.15, att1_weak=0.16, att1_very_weak=0.09, att2_full=0.32, att2_weak=0.21, att2_very_weak=0.08
[update 00320] R_def_mean=+81.969  R_att_mean=+0.000  (batch=262144)
   [def] |mu|_mean=3.326e+00  std_mean=1.752e+00  prior_blend_def=0.000
   mean arena radius ≈ 20.000 m
   timing: rollout=8.671s  optim=0.373s  total=9.044s  steps/s=28984.5
   approx true <||p1-center||> ≈ 8.094
   approx true <||p2-center||> ≈ 13.616
   approx belief <||p2-center||> ≈ 13.802
   EKF RMS pos err: def->att=0.782, att->def=0.793
   meas_innov_mean=2.022e-04,  trPpos_mean=1.398e+00
opp std mean: 3.0267255306243896
opp mix usage: att1_full=0.16, att1_weak=0.15, att1_very_weak=0.08, att2_full=0.32, att2_weak=0.21, att2_very_weak=0.08
[update 00330] R_def_mean=+81.827  R_att_mean=+0.000  (batch=262144)
   [def] |mu|_mean=3.315e+00  std_mean=1.760e+00  prior_blend_def=0.000
   mean arena radius ≈ 20.000 m
   timing: rollout=8.659s  optim=0.310s  total=8.969s  steps/s=29226.2
   approx true <||p1-center||> ≈ 7.950
   approx true <||p2-center||> ≈ 13.482
   approx belief <||p2-center||> ≈ 13.668
   EKF RMS pos err: def->att=0.763, att->def=0.796
   meas_innov_mean=2.267e-04,  trPpos_mean=1.381e+00
opp std mean: 3.0267255306243896
opp mix usage: att1_full=0.16, att1_weak=0.14, att1_very_weak=0.10, att2_full=0.30, att2_weak=0.21, att2_very_weak=0.08
[update 00340] R_def_mean=+80.853  R_att_mean=+0.000  (batch=262144)
   [def] |mu|_mean=3.385e+00  std_mean=1.762e+00  prior_blend_def=0.000
   mean arena radius ≈ 20.000 m
   timing: rollout=8.672s  optim=0.317s  total=8.989s  steps/s=29163.8
   approx true <||p1-center||> ≈ 8.054
   approx true <||p2-center||> ≈ 13.600
   approx belief <||p2-center||> ≈ 13.774
   EKF RMS pos err: def->att=0.763, att->def=0.768
   meas_innov_mean=2.262e-04,  trPpos_mean=1.347e+00
opp std mean: 3.0267255306243896
opp mix usage: att1_full=0.14, att1_weak=0.18, att1_very_weak=0.08, att2_full=0.31, att2_weak=0.22, att2_very_weak=0.08
[update 00350] R_def_mean=+80.211  R_att_mean=+0.000  (batch=262144)
   [def] |mu|_mean=3.380e+00  std_mean=1.756e+00  prior_blend_def=0.000
   mean arena radius ≈ 20.000 m
   timing: rollout=8.690s  optim=0.316s  total=9.006s  steps/s=29108.2
   approx true <||p1-center||> ≈ 8.210
   approx true <||p2-center||> ≈ 13.631
   approx belief <||p2-center||> ≈ 13.791
   EKF RMS pos err: def->att=0.759, att->def=0.792
   meas_innov_mean=2.470e-04,  trPpos_mean=1.335e+00
opp std mean: 3.0267255306243896
opp mix usage: att1_full=0.15, att1_weak=0.15, att1_very_weak=0.09, att2_full=0.31, att2_weak=0.21, att2_very_weak=0.09
[update 00360] R_def_mean=+81.492  R_att_mean=+0.000  (batch=262144)
   [def] |mu|_mean=3.332e+00  std_mean=1.751e+00  prior_blend_def=0.000
   mean arena radius ≈ 20.000 m
   timing: rollout=8.696s  optim=0.323s  total=9.019s  steps/s=29064.2
   approx true <||p1-center||> ≈ 8.017
   approx true <||p2-center||> ≈ 13.601
   approx belief <||p2-center||> ≈ 13.775
   EKF RMS pos err: def->att=0.770, att->def=0.785
   meas_innov_mean=2.026e-04,  trPpos_mean=1.395e+00
[checkpoint] new best R_def_mean=+82.031 at update 370 -> Training_Policy_0.5u_1.5vmax_1.0_icVmax_KF_ON/def2_teacher__best.pt
opp std mean: 3.0267255306243896
opp mix usage: att1_full=0.14, att1_weak=0.16, att1_very_weak=0.08, att2_full=0.32, att2_weak=0.22, att2_very_weak=0.09
[update 00370] R_def_mean=+82.031  R_att_mean=+0.000  (batch=262144)
   [def] |mu|_mean=3.333e+00  std_mean=1.752e+00  prior_blend_def=0.000
   mean arena radius ≈ 20.000 m
   timing: rollout=8.701s  optim=0.312s  total=9.013s  steps/s=29085.8
   approx true <||p1-center||> ≈ 8.119
   approx true <||p2-center||> ≈ 13.620
   approx belief <||p2-center||> ≈ 13.795
   EKF RMS pos err: def->att=0.757, att->def=0.787
   meas_innov_mean=1.982e-04,  trPpos_mean=1.382e+00
opp std mean: 3.0267255306243896
opp mix usage: att1_full=0.14, att1_weak=0.17, att1_very_weak=0.08, att2_full=0.32, att2_weak=0.22, att2_very_weak=0.08
[update 00380] R_def_mean=+81.081  R_att_mean=+0.000  (batch=262144)
   [def] |mu|_mean=3.325e+00  std_mean=1.756e+00  prior_blend_def=0.000
   mean arena radius ≈ 20.000 m
   timing: rollout=8.677s  optim=0.324s  total=9.001s  steps/s=29123.7
   approx true <||p1-center||> ≈ 8.089
   approx true <||p2-center||> ≈ 13.533
   approx belief <||p2-center||> ≈ 13.714
   EKF RMS pos err: def->att=0.765, att->def=0.782
   meas_innov_mean=2.016e-04,  trPpos_mean=1.359e+00
[checkpoint] new best R_def_mean=+82.098 at update 390 -> Training_Policy_0.5u_1.5vmax_1.0_icVmax_KF_ON/def2_teacher__best.pt
opp std mean: 3.0267255306243896
opp mix usage: att1_full=0.15, att1_weak=0.16, att1_very_weak=0.08, att2_full=0.29, att2_weak=0.21, att2_very_weak=0.10
[update 00390] R_def_mean=+82.098  R_att_mean=+0.000  (batch=262144)
   [def] |mu|_mean=3.358e+00  std_mean=1.747e+00  prior_blend_def=0.000
   mean arena radius ≈ 20.000 m
   timing: rollout=8.662s  optim=0.324s  total=8.985s  steps/s=29175.1
   approx true <||p1-center||> ≈ 8.133
   approx true <||p2-center||> ≈ 13.717
   approx belief <||p2-center||> ≈ 13.909
   EKF RMS pos err: def->att=0.773, att->def=0.794
   meas_innov_mean=2.038e-04,  trPpos_mean=1.372e+00
opp std mean: 3.0267255306243896
opp mix usage: att1_full=0.15, att1_weak=0.15, att1_very_weak=0.08, att2_full=0.31, att2_weak=0.22, att2_very_weak=0.08
[update 00400] R_def_mean=+80.045  R_att_mean=+0.000  (batch=262144)
   [def] |mu|_mean=3.343e+00  std_mean=1.747e+00  prior_blend_def=0.000
   mean arena radius ≈ 20.000 m
   timing: rollout=8.702s  optim=0.319s  total=9.021s  steps/s=29058.1
   approx true <||p1-center||> ≈ 8.086
   approx true <||p2-center||> ≈ 13.587
   approx belief <||p2-center||> ≈ 13.768
   EKF RMS pos err: def->att=0.749, att->def=0.769
   meas_innov_mean=2.149e-04,  trPpos_mean=1.342e+00
opp std mean: 3.0267255306243896
opp mix usage: att1_full=0.16, att1_weak=0.15, att1_very_weak=0.09, att2_full=0.31, att2_weak=0.20, att2_very_weak=0.09
[update 00410] R_def_mean=+80.329  R_att_mean=+0.000  (batch=262144)
   [def] |mu|_mean=3.417e+00  std_mean=1.742e+00  prior_blend_def=0.000
   mean arena radius ≈ 20.000 m
   timing: rollout=8.692s  optim=0.353s  total=9.044s  steps/s=28983.8
   approx true <||p1-center||> ≈ 7.998
   approx true <||p2-center||> ≈ 13.546
   approx belief <||p2-center||> ≈ 13.724
   EKF RMS pos err: def->att=0.757, att->def=0.780
   meas_innov_mean=2.027e-04,  trPpos_mean=1.370e+00
opp std mean: 3.0267255306243896
opp mix usage: att1_full=0.15, att1_weak=0.15, att1_very_weak=0.08, att2_full=0.31, att2_weak=0.24, att2_very_weak=0.08
[update 00420] R_def_mean=+80.895  R_att_mean=+0.000  (batch=262144)
   [def] |mu|_mean=3.396e+00  std_mean=1.724e+00  prior_blend_def=0.000
   mean arena radius ≈ 20.000 m
   timing: rollout=8.678s  optim=0.311s  total=8.989s  steps/s=29162.4
   approx true <||p1-center||> ≈ 8.158
   approx true <||p2-center||> ≈ 13.706
   approx belief <||p2-center||> ≈ 13.886
   EKF RMS pos err: def->att=0.765, att->def=0.782
   meas_innov_mean=2.145e-04,  trPpos_mean=1.397e+00
opp std mean: 3.0267255306243896
opp mix usage: att1_full=0.13, att1_weak=0.16, att1_very_weak=0.08, att2_full=0.32, att2_weak=0.22, att2_very_weak=0.09
[update 00430] R_def_mean=+80.202  R_att_mean=+0.000  (batch=262144)
   [def] |mu|_mean=3.417e+00  std_mean=1.704e+00  prior_blend_def=0.000
   mean arena radius ≈ 20.000 m
   timing: rollout=8.674s  optim=0.317s  total=8.992s  steps/s=29153.7
   approx true <||p1-center||> ≈ 8.229
   approx true <||p2-center||> ≈ 13.677
   approx belief <||p2-center||> ≈ 13.855
   EKF RMS pos err: def->att=0.757, att->def=0.779
   meas_innov_mean=2.077e-04,  trPpos_mean=1.334e+00
opp std mean: 3.0267255306243896
opp mix usage: att1_full=0.16, att1_weak=0.16, att1_very_weak=0.08, att2_full=0.30, att2_weak=0.22, att2_very_weak=0.08
[update 00440] R_def_mean=+80.357  R_att_mean=+0.000  (batch=262144)
   [def] |mu|_mean=3.350e+00  std_mean=1.682e+00  prior_blend_def=0.000
   mean arena radius ≈ 20.000 m
   timing: rollout=8.692s  optim=0.318s  total=9.011s  steps/s=29092.8
   approx true <||p1-center||> ≈ 8.095
   approx true <||p2-center||> ≈ 13.615
   approx belief <||p2-center||> ≈ 13.795
   EKF RMS pos err: def->att=0.772, att->def=0.785
   meas_innov_mean=2.143e-04,  trPpos_mean=1.381e+00
opp std mean: 3.0267255306243896
opp mix usage: att1_full=0.15, att1_weak=0.17, att1_very_weak=0.09, att2_full=0.29, att2_weak=0.23, att2_very_weak=0.08
[update 00450] R_def_mean=+80.100  R_att_mean=+0.000  (batch=262144)
   [def] |mu|_mean=3.418e+00  std_mean=1.673e+00  prior_blend_def=0.000
   mean arena radius ≈ 20.000 m
   timing: rollout=8.702s  optim=0.322s  total=9.024s  steps/s=29050.6
   approx true <||p1-center||> ≈ 8.070
   approx true <||p2-center||> ≈ 13.554
   approx belief <||p2-center||> ≈ 13.743
   EKF RMS pos err: def->att=0.757, att->def=0.765
   meas_innov_mean=2.142e-04,  trPpos_mean=1.360e+00
opp std mean: 3.0267255306243896
opp mix usage: att1_full=0.14, att1_weak=0.16, att1_very_weak=0.08, att2_full=0.32, att2_weak=0.21, att2_very_weak=0.09
[update 00460] R_def_mean=+80.049  R_att_mean=+0.000  (batch=262144)
   [def] |mu|_mean=3.394e+00  std_mean=1.654e+00  prior_blend_def=0.000
   mean arena radius ≈ 20.000 m
   timing: rollout=8.682s  optim=0.320s  total=9.002s  steps/s=29122.1
   approx true <||p1-center||> ≈ 8.138
   approx true <||p2-center||> ≈ 13.570
   approx belief <||p2-center||> ≈ 13.738
   EKF RMS pos err: def->att=0.754, att->def=0.781
   meas_innov_mean=2.259e-04,  trPpos_mean=1.391e+00
opp std mean: 3.0267255306243896
opp mix usage: att1_full=0.16, att1_weak=0.15, att1_very_weak=0.08, att2_full=0.33, att2_weak=0.20, att2_very_weak=0.08
[update 00470] R_def_mean=+79.644  R_att_mean=+0.000  (batch=262144)
   [def] |mu|_mean=3.397e+00  std_mean=1.649e+00  prior_blend_def=0.000
   mean arena radius ≈ 20.000 m
   timing: rollout=8.671s  optim=0.319s  total=8.990s  steps/s=29159.6
   approx true <||p1-center||> ≈ 8.139
   approx true <||p2-center||> ≈ 13.574
   approx belief <||p2-center||> ≈ 13.760
   EKF RMS pos err: def->att=0.766, att->def=0.786
   meas_innov_mean=2.377e-04,  trPpos_mean=1.367e+00
opp std mean: 3.0267255306243896
opp mix usage: att1_full=0.14, att1_weak=0.15, att1_very_weak=0.09, att2_full=0.31, att2_weak=0.23, att2_very_weak=0.09
[update 00480] R_def_mean=+80.607  R_att_mean=+0.000  (batch=262144)
   [def] |mu|_mean=3.354e+00  std_mean=1.625e+00  prior_blend_def=0.000
   mean arena radius ≈ 20.000 m
   timing: rollout=8.707s  optim=0.320s  total=9.026s  steps/s=29042.0
   approx true <||p1-center||> ≈ 8.174
   approx true <||p2-center||> ≈ 13.591
   approx belief <||p2-center||> ≈ 13.760
   EKF RMS pos err: def->att=0.750, att->def=0.768
   meas_innov_mean=2.489e-04,  trPpos_mean=1.346e+00
[checkpoint] new best R_def_mean=+82.770 at update 490 -> Training_Policy_0.5u_1.5vmax_1.0_icVmax_KF_ON/def2_teacher__best.pt
opp std mean: 3.0267255306243896
opp mix usage: att1_full=0.14, att1_weak=0.17, att1_very_weak=0.09, att2_full=0.31, att2_weak=0.22, att2_very_weak=0.08
[update 00490] R_def_mean=+82.770  R_att_mean=+0.000  (batch=262144)
   [def] |mu|_mean=3.288e+00  std_mean=1.618e+00  prior_blend_def=0.000
   mean arena radius ≈ 20.000 m
   timing: rollout=8.704s  optim=0.319s  total=9.023s  steps/s=29052.0
   approx true <||p1-center||> ≈ 8.216
   approx true <||p2-center||> ≈ 13.690
   approx belief <||p2-center||> ≈ 13.870
   EKF RMS pos err: def->att=0.757, att->def=0.772
   meas_innov_mean=1.966e-04,  trPpos_mean=1.357e+00
opp std mean: 3.0267255306243896
opp mix usage: att1_full=0.15, att1_weak=0.16, att1_very_weak=0.09, att2_full=0.30, att2_weak=0.22, att2_very_weak=0.08
[update 00500] R_def_mean=+82.427  R_att_mean=+0.000  (batch=262144)
   [def] |mu|_mean=3.286e+00  std_mean=1.614e+00  prior_blend_def=0.000
   mean arena radius ≈ 20.000 m
   timing: rollout=8.713s  optim=0.321s  total=9.034s  steps/s=29018.2
   approx true <||p1-center||> ≈ 8.098
   approx true <||p2-center||> ≈ 13.600
   approx belief <||p2-center||> ≈ 13.789
   EKF RMS pos err: def->att=0.778, att->def=0.809
   meas_innov_mean=2.154e-04,  trPpos_mean=1.401e+00
opp std mean: 3.0267255306243896
opp mix usage: att1_full=0.15, att1_weak=0.14, att1_very_weak=0.09, att2_full=0.30, att2_weak=0.23, att2_very_weak=0.08
[update 00510] R_def_mean=+81.645  R_att_mean=+0.000  (batch=262144)
   [def] |mu|_mean=3.301e+00  std_mean=1.611e+00  prior_blend_def=0.000
   mean arena radius ≈ 20.000 m
   timing: rollout=8.698s  optim=0.320s  total=9.018s  steps/s=29069.1
   approx true <||p1-center||> ≈ 8.231
   approx true <||p2-center||> ≈ 13.759
   approx belief <||p2-center||> ≈ 13.933
   EKF RMS pos err: def->att=0.772, att->def=0.790
   meas_innov_mean=2.328e-04,  trPpos_mean=1.385e+00
opp std mean: 3.0267255306243896
opp mix usage: att1_full=0.15, att1_weak=0.14, att1_very_weak=0.08, att2_full=0.31, att2_weak=0.23, att2_very_weak=0.08
[update 00520] R_def_mean=+81.931  R_att_mean=+0.000  (batch=262144)
   [def] |mu|_mean=3.303e+00  std_mean=1.613e+00  prior_blend_def=0.000
   mean arena radius ≈ 20.000 m
   timing: rollout=8.708s  optim=0.317s  total=9.026s  steps/s=29044.0
   approx true <||p1-center||> ≈ 8.245
   approx true <||p2-center||> ≈ 13.639
   approx belief <||p2-center||> ≈ 13.816
   EKF RMS pos err: def->att=0.763, att->def=0.780
   meas_innov_mean=2.914e-04,  trPpos_mean=1.381e+00
[checkpoint] new best R_def_mean=+83.841 at update 530 -> Training_Policy_0.5u_1.5vmax_1.0_icVmax_KF_ON/def2_teacher__best.pt
opp std mean: 3.0267255306243896
opp mix usage: att1_full=0.15, att1_weak=0.17, att1_very_weak=0.08, att2_full=0.31, att2_weak=0.21, att2_very_weak=0.09
[update 00530] R_def_mean=+83.841  R_att_mean=+0.000  (batch=262144)
   [def] |mu|_mean=3.330e+00  std_mean=1.615e+00  prior_blend_def=0.000
   mean arena radius ≈ 20.000 m
   timing: rollout=8.712s  optim=0.318s  total=9.029s  steps/s=29032.6
   approx true <||p1-center||> ≈ 8.103
   approx true <||p2-center||> ≈ 13.555
   approx belief <||p2-center||> ≈ 13.723
   EKF RMS pos err: def->att=0.755, att->def=0.780
   meas_innov_mean=2.169e-04,  trPpos_mean=1.358e+00
opp std mean: 3.0267255306243896
opp mix usage: att1_full=0.15, att1_weak=0.15, att1_very_weak=0.08, att2_full=0.30, att2_weak=0.23, att2_very_weak=0.09
[update 00540] R_def_mean=+81.913  R_att_mean=+0.000  (batch=262144)
   [def] |mu|_mean=3.348e+00  std_mean=1.610e+00  prior_blend_def=0.000
   mean arena radius ≈ 20.000 m
   timing: rollout=8.696s  optim=0.321s  total=9.017s  steps/s=29073.3
   approx true <||p1-center||> ≈ 8.239
   approx true <||p2-center||> ≈ 13.736
   approx belief <||p2-center||> ≈ 13.923
   EKF RMS pos err: def->att=0.769, att->def=0.788
   meas_innov_mean=2.088e-04,  trPpos_mean=1.379e+00
opp std mean: 3.0267255306243896
opp mix usage: att1_full=0.14, att1_weak=0.16, att1_very_weak=0.09, att2_full=0.31, att2_weak=0.22, att2_very_weak=0.08
[update 00550] R_def_mean=+82.996  R_att_mean=+0.000  (batch=262144)
   [def] |mu|_mean=3.301e+00  std_mean=1.609e+00  prior_blend_def=0.000
   mean arena radius ≈ 20.000 m
   timing: rollout=8.716s  optim=0.318s  total=9.034s  steps/s=29017.5
   approx true <||p1-center||> ≈ 8.079
   approx true <||p2-center||> ≈ 13.550
   approx belief <||p2-center||> ≈ 13.741
   EKF RMS pos err: def->att=0.773, att->def=0.786
   meas_innov_mean=2.148e-04,  trPpos_mean=1.391e+00
opp std mean: 3.0267255306243896
opp mix usage: att1_full=0.14, att1_weak=0.17, att1_very_weak=0.08, att2_full=0.31, att2_weak=0.21, att2_very_weak=0.08
[update 00560] R_def_mean=+83.721  R_att_mean=+0.000  (batch=262144)
   [def] |mu|_mean=3.307e+00  std_mean=1.604e+00  prior_blend_def=0.000
   mean arena radius ≈ 20.000 m
   timing: rollout=8.694s  optim=0.326s  total=9.020s  steps/s=29063.7
   approx true <||p1-center||> ≈ 8.171
   approx true <||p2-center||> ≈ 13.672
   approx belief <||p2-center||> ≈ 13.852
   EKF RMS pos err: def->att=0.775, att->def=0.778
   meas_innov_mean=2.164e-04,  trPpos_mean=1.351e+00
opp std mean: 3.0267255306243896
opp mix usage: att1_full=0.15, att1_weak=0.16, att1_very_weak=0.09, att2_full=0.30, att2_weak=0.22, att2_very_weak=0.08
[update 00570] R_def_mean=+82.786  R_att_mean=+0.000  (batch=262144)
   [def] |mu|_mean=3.307e+00  std_mean=1.609e+00  prior_blend_def=0.000
   mean arena radius ≈ 20.000 m
   timing: rollout=8.710s  optim=0.317s  total=9.027s  steps/s=29041.2
   approx true <||p1-center||> ≈ 8.123
   approx true <||p2-center||> ≈ 13.643
   approx belief <||p2-center||> ≈ 13.816
   EKF RMS pos err: def->att=0.747, att->def=0.774
   meas_innov_mean=2.503e-04,  trPpos_mean=1.383e+00
[checkpoint] new best R_def_mean=+85.160 at update 580 -> Training_Policy_0.5u_1.5vmax_1.0_icVmax_KF_ON/def2_teacher__best.pt
opp std mean: 3.0267255306243896
opp mix usage: att1_full=0.14, att1_weak=0.16, att1_very_weak=0.08, att2_full=0.31, att2_weak=0.22, att2_very_weak=0.08
[update 00580] R_def_mean=+85.160  R_att_mean=+0.000  (batch=262144)
   [def] |mu|_mean=3.323e+00  std_mean=1.607e+00  prior_blend_def=0.000
   mean arena radius ≈ 20.000 m
   timing: rollout=8.719s  optim=0.317s  total=9.036s  steps/s=29010.2
   approx true <||p1-center||> ≈ 8.292
   approx true <||p2-center||> ≈ 13.669
   approx belief <||p2-center||> ≈ 13.844
   EKF RMS pos err: def->att=0.764, att->def=0.777
   meas_innov_mean=2.138e-04,  trPpos_mean=1.356e+00
opp std mean: 3.0267255306243896
opp mix usage: att1_full=0.15, att1_weak=0.17, att1_very_weak=0.08, att2_full=0.29, att2_weak=0.22, att2_very_weak=0.08
[update 00590] R_def_mean=+82.365  R_att_mean=+0.000  (batch=262144)
   [def] |mu|_mean=3.284e+00  std_mean=1.613e+00  prior_blend_def=0.000
   mean arena radius ≈ 20.000 m
   timing: rollout=8.689s  optim=0.319s  total=9.008s  steps/s=29101.9
   approx true <||p1-center||> ≈ 8.171
   approx true <||p2-center||> ≈ 13.725
   approx belief <||p2-center||> ≈ 13.900
   EKF RMS pos err: def->att=0.766, att->def=0.783
   meas_innov_mean=2.003e-04,  trPpos_mean=1.395e+00
opp std mean: 3.0267255306243896
opp mix usage: att1_full=0.15, att1_weak=0.17, att1_very_weak=0.08, att2_full=0.31, att2_weak=0.21, att2_very_weak=0.08
[update 00600] R_def_mean=+82.522  R_att_mean=+0.000  (batch=262144)
   [def] |mu|_mean=3.285e+00  std_mean=1.612e+00  prior_blend_def=0.000
   mean arena radius ≈ 20.000 m
   timing: rollout=8.723s  optim=0.329s  total=9.052s  steps/s=28958.7
   approx true <||p1-center||> ≈ 8.217
   approx true <||p2-center||> ≈ 13.624
   approx belief <||p2-center||> ≈ 13.802
   EKF RMS pos err: def->att=0.763, att->def=0.770
   meas_innov_mean=2.687e-04,  trPpos_mean=1.368e+00
opp std mean: 3.0267255306243896
opp mix usage: att1_full=0.16, att1_weak=0.16, att1_very_weak=0.08, att2_full=0.29, att2_weak=0.22, att2_very_weak=0.09
[update 00610] R_def_mean=+84.983  R_att_mean=+0.000  (batch=262144)
   [def] |mu|_mean=3.285e+00  std_mean=1.608e+00  prior_blend_def=0.000
   mean arena radius ≈ 20.000 m
   timing: rollout=8.682s  optim=0.335s  total=9.017s  steps/s=29072.4
   approx true <||p1-center||> ≈ 8.157
   approx true <||p2-center||> ≈ 13.567
   approx belief <||p2-center||> ≈ 13.755
   EKF RMS pos err: def->att=0.816, att->def=0.789
   meas_innov_mean=2.173e-04,  trPpos_mean=1.360e+00
opp std mean: 3.0267255306243896
opp mix usage: att1_full=0.14, att1_weak=0.16, att1_very_weak=0.08, att2_full=0.31, att2_weak=0.22, att2_very_weak=0.08
[update 00620] R_def_mean=+82.013  R_att_mean=+0.000  (batch=262144)
   [def] |mu|_mean=3.309e+00  std_mean=1.609e+00  prior_blend_def=0.000
   mean arena radius ≈ 20.000 m
   timing: rollout=8.672s  optim=0.328s  total=9.000s  steps/s=29127.2
   approx true <||p1-center||> ≈ 8.284
   approx true <||p2-center||> ≈ 13.757
   approx belief <||p2-center||> ≈ 13.937
   EKF RMS pos err: def->att=0.759, att->def=0.788
   meas_innov_mean=1.964e-04,  trPpos_mean=1.357e+00
opp std mean: 3.0267255306243896
opp mix usage: att1_full=0.15, att1_weak=0.17, att1_very_weak=0.08, att2_full=0.31, att2_weak=0.21, att2_very_weak=0.09
[update 00630] R_def_mean=+83.759  R_att_mean=+0.000  (batch=262144)
   [def] |mu|_mean=3.332e+00  std_mean=1.614e+00  prior_blend_def=0.000
   mean arena radius ≈ 20.000 m
   timing: rollout=8.660s  optim=0.315s  total=8.975s  steps/s=29209.6
   approx true <||p1-center||> ≈ 8.279
   approx true <||p2-center||> ≈ 13.629
   approx belief <||p2-center||> ≈ 13.806
   EKF RMS pos err: def->att=0.753, att->def=0.787
   meas_innov_mean=1.989e-04,  trPpos_mean=1.344e+00
opp std mean: 3.0267255306243896
opp mix usage: att1_full=0.14, att1_weak=0.18, att1_very_weak=0.08, att2_full=0.32, att2_weak=0.20, att2_very_weak=0.08
[update 00640] R_def_mean=+82.638  R_att_mean=+0.000  (batch=262144)
   [def] |mu|_mean=3.266e+00  std_mean=1.602e+00  prior_blend_def=0.000
   mean arena radius ≈ 20.000 m
   timing: rollout=8.659s  optim=0.329s  total=8.987s  steps/s=29168.0
   approx true <||p1-center||> ≈ 8.206
   approx true <||p2-center||> ≈ 13.655
   approx belief <||p2-center||> ≈ 13.839
   EKF RMS pos err: def->att=0.759, att->def=0.768
   meas_innov_mean=2.202e-04,  trPpos_mean=1.340e+00
opp std mean: 3.0267255306243896
opp mix usage: att1_full=0.15, att1_weak=0.16, att1_very_weak=0.09, att2_full=0.32, att2_weak=0.22, att2_very_weak=0.07
[update 00650] R_def_mean=+83.566  R_att_mean=+0.000  (batch=262144)
   [def] |mu|_mean=3.269e+00  std_mean=1.611e+00  prior_blend_def=0.000
   mean arena radius ≈ 20.000 m
   timing: rollout=8.676s  optim=0.340s  total=9.015s  steps/s=29078.4
   approx true <||p1-center||> ≈ 8.203
   approx true <||p2-center||> ≈ 13.666
   approx belief <||p2-center||> ≈ 13.848
   EKF RMS pos err: def->att=0.802, att->def=0.772
   meas_innov_mean=2.629e-04,  trPpos_mean=1.367e+00
opp std mean: 3.0267255306243896
opp mix usage: att1_full=0.15, att1_weak=0.15, att1_very_weak=0.09, att2_full=0.31, att2_weak=0.22, att2_very_weak=0.08
[update 00660] R_def_mean=+82.753  R_att_mean=+0.000  (batch=262144)
   [def] |mu|_mean=3.265e+00  std_mean=1.609e+00  prior_blend_def=0.000
   mean arena radius ≈ 20.000 m
   timing: rollout=8.687s  optim=0.341s  total=9.028s  steps/s=29036.3
   approx true <||p1-center||> ≈ 8.215
   approx true <||p2-center||> ≈ 13.658
   approx belief <||p2-center||> ≈ 13.841
   EKF RMS pos err: def->att=0.766, att->def=0.780
   meas_innov_mean=2.082e-04,  trPpos_mean=1.367e+00
opp std mean: 3.0267255306243896
opp mix usage: att1_full=0.16, att1_weak=0.16, att1_very_weak=0.08, att2_full=0.29, att2_weak=0.23, att2_very_weak=0.09
[update 00670] R_def_mean=+82.365  R_att_mean=+0.000  (batch=262144)
   [def] |mu|_mean=3.306e+00  std_mean=1.616e+00  prior_blend_def=0.000
   mean arena radius ≈ 20.000 m
   timing: rollout=8.685s  optim=0.318s  total=9.003s  steps/s=29118.0
   approx true <||p1-center||> ≈ 8.184
   approx true <||p2-center||> ≈ 13.642
   approx belief <||p2-center||> ≈ 13.830
   EKF RMS pos err: def->att=0.783, att->def=0.798
   meas_innov_mean=2.130e-04,  trPpos_mean=1.373e+00
opp std mean: 3.0267255306243896
opp mix usage: att1_full=0.14, att1_weak=0.17, att1_very_weak=0.08, att2_full=0.31, att2_weak=0.22, att2_very_weak=0.08
[update 00680] R_def_mean=+82.202  R_att_mean=+0.000  (batch=262144)
   [def] |mu|_mean=3.335e+00  std_mean=1.619e+00  prior_blend_def=0.000
   mean arena radius ≈ 20.000 m
   timing: rollout=8.702s  optim=0.316s  total=9.018s  steps/s=29069.9
   approx true <||p1-center||> ≈ 8.288
   approx true <||p2-center||> ≈ 13.665
   approx belief <||p2-center||> ≈ 13.862
   EKF RMS pos err: def->att=0.759, att->def=0.791
   meas_innov_mean=2.330e-04,  trPpos_mean=1.381e+00
opp std mean: 3.0267255306243896
opp mix usage: att1_full=0.15, att1_weak=0.17, att1_very_weak=0.08, att2_full=0.31, att2_weak=0.22, att2_very_weak=0.08
[update 00690] R_def_mean=+82.999  R_att_mean=+0.000  (batch=262144)
   [def] |mu|_mean=3.307e+00  std_mean=1.622e+00  prior_blend_def=0.000
   mean arena radius ≈ 20.000 m
   timing: rollout=8.680s  optim=0.314s  total=8.994s  steps/s=29147.1
   approx true <||p1-center||> ≈ 8.272
   approx true <||p2-center||> ≈ 13.682
   approx belief <||p2-center||> ≈ 13.858
   EKF RMS pos err: def->att=0.756, att->def=0.788
   meas_innov_mean=2.532e-04,  trPpos_mean=1.368e+00
opp std mean: 3.0267255306243896
opp mix usage: att1_full=0.15, att1_weak=0.17, att1_very_weak=0.08, att2_full=0.31, att2_weak=0.22, att2_very_weak=0.08
[update 00700] R_def_mean=+83.788  R_att_mean=+0.000  (batch=262144)
   [def] |mu|_mean=3.275e+00  std_mean=1.625e+00  prior_blend_def=0.000
   mean arena radius ≈ 20.000 m
   timing: rollout=8.710s  optim=0.319s  total=9.029s  steps/s=29034.5
   approx true <||p1-center||> ≈ 8.236
   approx true <||p2-center||> ≈ 13.660
   approx belief <||p2-center||> ≈ 13.838
   EKF RMS pos err: def->att=0.771, att->def=0.790
   meas_innov_mean=2.095e-04,  trPpos_mean=1.375e+00
opp std mean: 3.0267255306243896
opp mix usage: att1_full=0.15, att1_weak=0.16, att1_very_weak=0.09, att2_full=0.30, att2_weak=0.23, att2_very_weak=0.08
[update 00710] R_def_mean=+83.220  R_att_mean=+0.000  (batch=262144)
   [def] |mu|_mean=3.275e+00  std_mean=1.622e+00  prior_blend_def=0.000
   mean arena radius ≈ 20.000 m
   timing: rollout=8.713s  optim=0.318s  total=9.030s  steps/s=29029.0
   approx true <||p1-center||> ≈ 8.141
   approx true <||p2-center||> ≈ 13.598
   approx belief <||p2-center||> ≈ 13.775
   EKF RMS pos err: def->att=0.763, att->def=0.790
   meas_innov_mean=2.030e-04,  trPpos_mean=1.379e+00
opp std mean: 3.0267255306243896
opp mix usage: att1_full=0.14, att1_weak=0.15, att1_very_weak=0.08, att2_full=0.33, att2_weak=0.22, att2_very_weak=0.08
[update 00720] R_def_mean=+83.943  R_att_mean=+0.000  (batch=262144)
   [def] |mu|_mean=3.307e+00  std_mean=1.625e+00  prior_blend_def=0.000
   mean arena radius ≈ 20.000 m
   timing: rollout=8.692s  optim=0.318s  total=9.010s  steps/s=29095.5
   approx true <||p1-center||> ≈ 8.164
   approx true <||p2-center||> ≈ 13.599
   approx belief <||p2-center||> ≈ 13.779
   EKF RMS pos err: def->att=0.763, att->def=0.800
   meas_innov_mean=2.456e-04,  trPpos_mean=1.392e+00
opp std mean: 3.0267255306243896
opp mix usage: att1_full=0.13, att1_weak=0.16, att1_very_weak=0.09, att2_full=0.32, att2_weak=0.22, att2_very_weak=0.08
[update 00730] R_def_mean=+84.191  R_att_mean=+0.000  (batch=262144)
   [def] |mu|_mean=3.285e+00  std_mean=1.622e+00  prior_blend_def=0.000
   mean arena radius ≈ 20.000 m
   timing: rollout=8.687s  optim=0.317s  total=9.004s  steps/s=29113.7
   approx true <||p1-center||> ≈ 8.190
   approx true <||p2-center||> ≈ 13.592
   approx belief <||p2-center||> ≈ 13.752
   EKF RMS pos err: def->att=0.754, att->def=0.780
   meas_innov_mean=2.041e-04,  trPpos_mean=1.346e+00
opp std mean: 3.0267255306243896
opp mix usage: att1_full=0.15, att1_weak=0.16, att1_very_weak=0.08, att2_full=0.29, att2_weak=0.23, att2_very_weak=0.09
[update 00740] R_def_mean=+83.803  R_att_mean=+0.000  (batch=262144)
   [def] |mu|_mean=3.214e+00  std_mean=1.621e+00  prior_blend_def=0.000
   mean arena radius ≈ 20.000 m
   timing: rollout=8.738s  optim=0.319s  total=9.057s  steps/s=28942.5
   approx true <||p1-center||> ≈ 8.126
   approx true <||p2-center||> ≈ 13.735
   approx belief <||p2-center||> ≈ 13.931
   EKF RMS pos err: def->att=0.775, att->def=0.908
   meas_innov_mean=2.386e-04,  trPpos_mean=1.402e+00
opp std mean: 3.0267255306243896
opp mix usage: att1_full=0.14, att1_weak=0.16, att1_very_weak=0.08, att2_full=0.31, att2_weak=0.22, att2_very_weak=0.08
[update 00750] R_def_mean=+84.854  R_att_mean=+0.000  (batch=262144)
   [def] |mu|_mean=3.228e+00  std_mean=1.625e+00  prior_blend_def=0.000
   mean arena radius ≈ 20.000 m
   timing: rollout=8.708s  optim=0.318s  total=9.026s  steps/s=29042.5
   approx true <||p1-center||> ≈ 8.148
   approx true <||p2-center||> ≈ 13.611
   approx belief <||p2-center||> ≈ 13.801
   EKF RMS pos err: def->att=0.771, att->def=0.777
   meas_innov_mean=2.208e-04,  trPpos_mean=1.379e+00
[checkpoint] new best R_def_mean=+86.944 at update 760 -> Training_Policy_0.5u_1.5vmax_1.0_icVmax_KF_ON/def2_teacher__best.pt
opp std mean: 3.0267255306243896
opp mix usage: att1_full=0.15, att1_weak=0.17, att1_very_weak=0.08, att2_full=0.30, att2_weak=0.22, att2_very_weak=0.08
[update 00760] R_def_mean=+86.944  R_att_mean=+0.000  (batch=262144)
   [def] |mu|_mean=3.282e+00  std_mean=1.636e+00  prior_blend_def=0.000
   mean arena radius ≈ 20.000 m
   timing: rollout=8.742s  optim=0.320s  total=9.062s  steps/s=28929.1
   approx true <||p1-center||> ≈ 8.141
   approx true <||p2-center||> ≈ 13.620
   approx belief <||p2-center||> ≈ 13.786
   EKF RMS pos err: def->att=0.753, att->def=0.794
   meas_innov_mean=2.004e-04,  trPpos_mean=1.357e+00
opp std mean: 3.0267255306243896
opp mix usage: att1_full=0.15, att1_weak=0.16, att1_very_weak=0.08, att2_full=0.29, att2_weak=0.23, att2_very_weak=0.09
[update 00770] R_def_mean=+83.455  R_att_mean=+0.000  (batch=262144)
   [def] |mu|_mean=3.276e+00  std_mean=1.635e+00  prior_blend_def=0.000
   mean arena radius ≈ 20.000 m
   timing: rollout=8.679s  optim=0.318s  total=8.996s  steps/s=29138.9
   approx true <||p1-center||> ≈ 8.152
   approx true <||p2-center||> ≈ 13.589
   approx belief <||p2-center||> ≈ 13.773
   EKF RMS pos err: def->att=0.771, att->def=0.787
   meas_innov_mean=2.578e-04,  trPpos_mean=1.364e+00
opp std mean: 3.0267255306243896
opp mix usage: att1_full=0.16, att1_weak=0.15, att1_very_weak=0.08, att2_full=0.31, att2_weak=0.22, att2_very_weak=0.08
[update 00780] R_def_mean=+82.580  R_att_mean=+0.000  (batch=262144)
   [def] |mu|_mean=3.282e+00  std_mean=1.635e+00  prior_blend_def=0.000
   mean arena radius ≈ 20.000 m
   timing: rollout=8.729s  optim=0.316s  total=9.046s  steps/s=28979.4
   approx true <||p1-center||> ≈ 8.103
   approx true <||p2-center||> ≈ 13.640
   approx belief <||p2-center||> ≈ 13.816
   EKF RMS pos err: def->att=0.768, att->def=0.792
   meas_innov_mean=2.387e-04,  trPpos_mean=1.401e+00
opp std mean: 3.0267255306243896
opp mix usage: att1_full=0.15, att1_weak=0.15, att1_very_weak=0.08, att2_full=0.30, att2_weak=0.23, att2_very_weak=0.09
[update 00790] R_def_mean=+84.704  R_att_mean=+0.000  (batch=262144)
   [def] |mu|_mean=3.269e+00  std_mean=1.636e+00  prior_blend_def=0.000
   mean arena radius ≈ 20.000 m
   timing: rollout=8.682s  optim=0.325s  total=9.007s  steps/s=29106.0
   approx true <||p1-center||> ≈ 8.220
   approx true <||p2-center||> ≈ 13.720
   approx belief <||p2-center||> ≈ 13.887
   EKF RMS pos err: def->att=0.748, att->def=0.784
   meas_innov_mean=1.937e-04,  trPpos_mean=1.344e+00
opp std mean: 3.0267255306243896
opp mix usage: att1_full=0.15, att1_weak=0.17, att1_very_weak=0.08, att2_full=0.29, att2_weak=0.22, att2_very_weak=0.09
[update 00800] R_def_mean=+82.034  R_att_mean=+0.000  (batch=262144)
   [def] |mu|_mean=3.262e+00  std_mean=1.632e+00  prior_blend_def=0.000
   mean arena radius ≈ 20.000 m
   timing: rollout=8.688s  optim=0.317s  total=9.006s  steps/s=29109.1
   approx true <||p1-center||> ≈ 8.174
   approx true <||p2-center||> ≈ 13.643
   approx belief <||p2-center||> ≈ 13.828
   EKF RMS pos err: def->att=0.767, att->def=0.787
   meas_innov_mean=2.062e-04,  trPpos_mean=1.356e+00
opp std mean: 3.0267255306243896
opp mix usage: att1_full=0.15, att1_weak=0.15, att1_very_weak=0.08, att2_full=0.29, att2_weak=0.24, att2_very_weak=0.08
[update 00810] R_def_mean=+81.858  R_att_mean=+0.000  (batch=262144)
   [def] |mu|_mean=3.251e+00  std_mean=1.627e+00  prior_blend_def=0.000
   mean arena radius ≈ 20.000 m
   timing: rollout=8.710s  optim=0.321s  total=9.031s  steps/s=29025.9
   approx true <||p1-center||> ≈ 8.110
   approx true <||p2-center||> ≈ 13.519
   approx belief <||p2-center||> ≈ 13.695
   EKF RMS pos err: def->att=0.758, att->def=0.776
   meas_innov_mean=2.050e-04,  trPpos_mean=1.338e+00
opp std mean: 3.0267255306243896
opp mix usage: att1_full=0.13, att1_weak=0.14, att1_very_weak=0.09, att2_full=0.33, att2_weak=0.21, att2_very_weak=0.09
[update 00820] R_def_mean=+84.762  R_att_mean=+0.000  (batch=262144)
   [def] |mu|_mean=3.228e+00  std_mean=1.630e+00  prior_blend_def=0.000
   mean arena radius ≈ 20.000 m
   timing: rollout=8.719s  optim=0.320s  total=9.039s  steps/s=28999.9
   approx true <||p1-center||> ≈ 8.087
   approx true <||p2-center||> ≈ 13.613
   approx belief <||p2-center||> ≈ 13.784
   EKF RMS pos err: def->att=0.756, att->def=0.806
   meas_innov_mean=2.131e-04,  trPpos_mean=1.372e+00
opp std mean: 3.0267255306243896
opp mix usage: att1_full=0.14, att1_weak=0.16, att1_very_weak=0.09, att2_full=0.32, att2_weak=0.21, att2_very_weak=0.08
[update 00830] R_def_mean=+84.984  R_att_mean=+0.000  (batch=262144)
   [def] |mu|_mean=3.244e+00  std_mean=1.635e+00  prior_blend_def=0.000
   mean arena radius ≈ 20.000 m
   timing: rollout=8.648s  optim=0.342s  total=8.989s  steps/s=29161.1
   approx true <||p1-center||> ≈ 8.229
   approx true <||p2-center||> ≈ 13.668
   approx belief <||p2-center||> ≈ 13.843
   EKF RMS pos err: def->att=0.759, att->def=0.771
   meas_innov_mean=3.004e-04,  trPpos_mean=1.324e+00
opp std mean: 3.0267255306243896
opp mix usage: att1_full=0.15, att1_weak=0.15, att1_very_weak=0.09, att2_full=0.30, att2_weak=0.23, att2_very_weak=0.08
[update 00840] R_def_mean=+82.853  R_att_mean=+0.000  (batch=262144)
   [def] |mu|_mean=3.229e+00  std_mean=1.635e+00  prior_blend_def=0.000
   mean arena radius ≈ 20.000 m
   timing: rollout=8.706s  optim=0.318s  total=9.024s  steps/s=29048.6
   approx true <||p1-center||> ≈ 8.280
   approx true <||p2-center||> ≈ 13.713
   approx belief <||p2-center||> ≈ 13.891
   EKF RMS pos err: def->att=0.759, att->def=0.791
   meas_innov_mean=2.518e-04,  trPpos_mean=1.367e+00
opp std mean: 3.0267255306243896
opp mix usage: att1_full=0.14, att1_weak=0.16, att1_very_weak=0.08, att2_full=0.31, att2_weak=0.23, att2_very_weak=0.07
[update 00850] R_def_mean=+83.685  R_att_mean=+0.000  (batch=262144)
   [def] |mu|_mean=3.182e+00  std_mean=1.639e+00  prior_blend_def=0.000
   mean arena radius ≈ 20.000 m
   timing: rollout=8.683s  optim=0.322s  total=9.005s  steps/s=29111.4
   approx true <||p1-center||> ≈ 8.096
   approx true <||p2-center||> ≈ 13.603
   approx belief <||p2-center||> ≈ 13.776
   EKF RMS pos err: def->att=0.755, att->def=0.798
   meas_innov_mean=2.294e-04,  trPpos_mean=1.403e+00
opp std mean: 3.0267255306243896
opp mix usage: att1_full=0.15, att1_weak=0.15, att1_very_weak=0.08, att2_full=0.32, att2_weak=0.21, att2_very_weak=0.08
[update 00860] R_def_mean=+83.085  R_att_mean=+0.000  (batch=262144)
   [def] |mu|_mean=3.227e+00  std_mean=1.642e+00  prior_blend_def=0.000
   mean arena radius ≈ 20.000 m
   timing: rollout=8.760s  optim=0.344s  total=9.103s  steps/s=28796.5
   approx true <||p1-center||> ≈ 8.092
   approx true <||p2-center||> ≈ 13.575
   approx belief <||p2-center||> ≈ 13.761
   EKF RMS pos err: def->att=0.772, att->def=0.789
   meas_innov_mean=2.002e-04,  trPpos_mean=1.392e+00
opp std mean: 3.0267255306243896
opp mix usage: att1_full=0.15, att1_weak=0.15, att1_very_weak=0.09, att2_full=0.30, att2_weak=0.22, att2_very_weak=0.08
[update 00870] R_def_mean=+83.444  R_att_mean=+0.000  (batch=262144)
   [def] |mu|_mean=3.243e+00  std_mean=1.646e+00  prior_blend_def=0.000
   mean arena radius ≈ 20.000 m
   timing: rollout=8.707s  optim=0.336s  total=9.043s  steps/s=28990.1
   approx true <||p1-center||> ≈ 8.182
   approx true <||p2-center||> ≈ 13.628
   approx belief <||p2-center||> ≈ 13.809
   EKF RMS pos err: def->att=0.779, att->def=0.784
   meas_innov_mean=2.332e-04,  trPpos_mean=1.384e+00
opp std mean: 3.0267255306243896
opp mix usage: att1_full=0.13, att1_weak=0.16, att1_very_weak=0.09, att2_full=0.31, att2_weak=0.23, att2_very_weak=0.08
[update 00880] R_def_mean=+83.651  R_att_mean=+0.000  (batch=262144)
   [def] |mu|_mean=3.233e+00  std_mean=1.650e+00  prior_blend_def=0.000
   mean arena radius ≈ 20.000 m
   timing: rollout=8.722s  optim=0.320s  total=9.042s  steps/s=28992.9
   approx true <||p1-center||> ≈ 8.201
   approx true <||p2-center||> ≈ 13.633
   approx belief <||p2-center||> ≈ 13.817
   EKF RMS pos err: def->att=0.767, att->def=0.777
   meas_innov_mean=2.231e-04,  trPpos_mean=1.352e+00
opp std mean: 3.0267255306243896
opp mix usage: att1_full=0.15, att1_weak=0.16, att1_very_weak=0.08, att2_full=0.30, att2_weak=0.21, att2_very_weak=0.09
[update 00890] R_def_mean=+85.227  R_att_mean=+0.000  (batch=262144)
   [def] |mu|_mean=3.206e+00  std_mean=1.653e+00  prior_blend_def=0.000
   mean arena radius ≈ 20.000 m
   timing: rollout=8.680s  optim=0.324s  total=9.003s  steps/s=29116.3
   approx true <||p1-center||> ≈ 8.097
   approx true <||p2-center||> ≈ 13.587
   approx belief <||p2-center||> ≈ 13.771
   EKF RMS pos err: def->att=0.765, att->def=0.791
   meas_innov_mean=1.996e-04,  trPpos_mean=1.377e+00
opp std mean: 3.0267255306243896
opp mix usage: att1_full=0.14, att1_weak=0.16, att1_very_weak=0.09, att2_full=0.30, att2_weak=0.23, att2_very_weak=0.08
[update 00900] R_def_mean=+83.788  R_att_mean=+0.000  (batch=262144)
   [def] |mu|_mean=3.231e+00  std_mean=1.657e+00  prior_blend_def=0.000
   mean arena radius ≈ 20.000 m
   timing: rollout=8.723s  optim=0.325s  total=9.048s  steps/s=28973.2
   approx true <||p1-center||> ≈ 8.215
   approx true <||p2-center||> ≈ 13.634
   approx belief <||p2-center||> ≈ 13.814
   EKF RMS pos err: def->att=0.759, att->def=0.767
   meas_innov_mean=2.164e-04,  trPpos_mean=1.341e+00
opp std mean: 3.0267255306243896
opp mix usage: att1_full=0.14, att1_weak=0.16, att1_very_weak=0.08, att2_full=0.31, att2_weak=0.22, att2_very_weak=0.09
[update 00910] R_def_mean=+83.853  R_att_mean=+0.000  (batch=262144)
   [def] |mu|_mean=3.174e+00  std_mean=1.658e+00  prior_blend_def=0.000
   mean arena radius ≈ 20.000 m
   timing: rollout=8.680s  optim=0.313s  total=8.993s  steps/s=29149.1
   approx true <||p1-center||> ≈ 8.157
   approx true <||p2-center||> ≈ 13.619
   approx belief <||p2-center||> ≈ 13.805
   EKF RMS pos err: def->att=0.760, att->def=0.796
   meas_innov_mean=1.988e-04,  trPpos_mean=1.381e+00
opp std mean: 3.0267255306243896
opp mix usage: att1_full=0.14, att1_weak=0.16, att1_very_weak=0.09, att2_full=0.30, att2_weak=0.22, att2_very_weak=0.08
[update 00920] R_def_mean=+83.740  R_att_mean=+0.000  (batch=262144)
   [def] |mu|_mean=3.199e+00  std_mean=1.661e+00  prior_blend_def=0.000
   mean arena radius ≈ 20.000 m
   timing: rollout=8.699s  optim=0.310s  total=9.009s  steps/s=29098.4
   approx true <||p1-center||> ≈ 8.043
   approx true <||p2-center||> ≈ 13.585
   approx belief <||p2-center||> ≈ 13.768
   EKF RMS pos err: def->att=0.767, att->def=0.791
   meas_innov_mean=2.085e-04,  trPpos_mean=1.402e+00
opp std mean: 3.0267255306243896
opp mix usage: att1_full=0.15, att1_weak=0.17, att1_very_weak=0.08, att2_full=0.28, att2_weak=0.23, att2_very_weak=0.09
[update 00930] R_def_mean=+84.814  R_att_mean=+0.000  (batch=262144)
   [def] |mu|_mean=3.225e+00  std_mean=1.660e+00  prior_blend_def=0.000
   mean arena radius ≈ 20.000 m
   timing: rollout=8.718s  optim=0.320s  total=9.038s  steps/s=29003.1
   approx true <||p1-center||> ≈ 8.137
   approx true <||p2-center||> ≈ 13.637
   approx belief <||p2-center||> ≈ 13.813
   EKF RMS pos err: def->att=0.768, att->def=0.782
   meas_innov_mean=2.025e-04,  trPpos_mean=1.364e+00
opp std mean: 3.0267255306243896
opp mix usage: att1_full=0.14, att1_weak=0.16, att1_very_weak=0.09, att2_full=0.30, att2_weak=0.21, att2_very_weak=0.09
[update 00940] R_def_mean=+85.236  R_att_mean=+0.000  (batch=262144)
   [def] |mu|_mean=3.181e+00  std_mean=1.661e+00  prior_blend_def=0.000
   mean arena radius ≈ 20.000 m
   timing: rollout=8.666s  optim=0.346s  total=9.012s  steps/s=29087.1
   approx true <||p1-center||> ≈ 8.135
   approx true <||p2-center||> ≈ 13.601
   approx belief <||p2-center||> ≈ 13.783
   EKF RMS pos err: def->att=0.759, att->def=0.799
   meas_innov_mean=2.461e-04,  trPpos_mean=1.378e+00
opp std mean: 3.0267255306243896
opp mix usage: att1_full=0.14, att1_weak=0.15, att1_very_weak=0.08, att2_full=0.31, att2_weak=0.23, att2_very_weak=0.09
[update 00950] R_def_mean=+83.766  R_att_mean=+0.000  (batch=262144)
   [def] |mu|_mean=3.218e+00  std_mean=1.664e+00  prior_blend_def=0.000
   mean arena radius ≈ 20.000 m
   timing: rollout=8.678s  optim=0.337s  total=9.015s  steps/s=29077.3
   approx true <||p1-center||> ≈ 8.086
   approx true <||p2-center||> ≈ 13.623
   approx belief <||p2-center||> ≈ 13.799
   EKF RMS pos err: def->att=0.765, att->def=0.773
   meas_innov_mean=1.971e-04,  trPpos_mean=1.366e+00
opp std mean: 3.0267255306243896
opp mix usage: att1_full=0.14, att1_weak=0.14, att1_very_weak=0.08, att2_full=0.31, att2_weak=0.25, att2_very_weak=0.08
[update 00960] R_def_mean=+84.408  R_att_mean=+0.000  (batch=262144)
   [def] |mu|_mean=3.210e+00  std_mean=1.666e+00  prior_blend_def=0.000
   mean arena radius ≈ 20.000 m
   timing: rollout=8.672s  optim=0.322s  total=8.994s  steps/s=29146.1
   approx true <||p1-center||> ≈ 8.061
   approx true <||p2-center||> ≈ 13.654
   approx belief <||p2-center||> ≈ 13.842
   EKF RMS pos err: def->att=0.784, att->def=0.774
   meas_innov_mean=2.122e-04,  trPpos_mean=1.390e+00
opp std mean: 3.0267255306243896
opp mix usage: att1_full=0.13, att1_weak=0.17, att1_very_weak=0.09, att2_full=0.30, att2_weak=0.22, att2_very_weak=0.09
[update 00970] R_def_mean=+84.678  R_att_mean=+0.000  (batch=262144)
   [def] |mu|_mean=3.232e+00  std_mean=1.668e+00  prior_blend_def=0.000
   mean arena radius ≈ 20.000 m
   timing: rollout=8.692s  optim=0.318s  total=9.009s  steps/s=29096.9
   approx true <||p1-center||> ≈ 8.106
   approx true <||p2-center||> ≈ 13.636
   approx belief <||p2-center||> ≈ 13.822
   EKF RMS pos err: def->att=0.762, att->def=0.781
   meas_innov_mean=1.980e-04,  trPpos_mean=1.376e+00
opp std mean: 3.0267255306243896
opp mix usage: att1_full=0.14, att1_weak=0.16, att1_very_weak=0.08, att2_full=0.30, att2_weak=0.23, att2_very_weak=0.09
[update 00980] R_def_mean=+84.042  R_att_mean=+0.000  (batch=262144)
   [def] |mu|_mean=3.204e+00  std_mean=1.671e+00  prior_blend_def=0.000
   mean arena radius ≈ 20.000 m
   timing: rollout=8.704s  optim=0.310s  total=9.013s  steps/s=29084.1
   approx true <||p1-center||> ≈ 8.128
   approx true <||p2-center||> ≈ 13.633
   approx belief <||p2-center||> ≈ 13.805
   EKF RMS pos err: def->att=0.776, att->def=0.793
   meas_innov_mean=2.096e-04,  trPpos_mean=1.393e+00
opp std mean: 3.0267255306243896
opp mix usage: att1_full=0.14, att1_weak=0.17, att1_very_weak=0.09, att2_full=0.30, att2_weak=0.24, att2_very_weak=0.07
[update 00990] R_def_mean=+82.080  R_att_mean=+0.000  (batch=262144)
   [def] |mu|_mean=3.217e+00  std_mean=1.672e+00  prior_blend_def=0.000
   mean arena radius ≈ 20.000 m
   timing: rollout=8.705s  optim=0.341s  total=9.046s  steps/s=28978.9
   approx true <||p1-center||> ≈ 8.271
   approx true <||p2-center||> ≈ 13.781
   approx belief <||p2-center||> ≈ 13.946
   EKF RMS pos err: def->att=0.752, att->def=0.777
   meas_innov_mean=2.105e-04,  trPpos_mean=1.346e+00
opp std mean: 3.0267255306243896
opp mix usage: att1_full=0.15, att1_weak=0.16, att1_very_weak=0.08, att2_full=0.31, att2_weak=0.22, att2_very_weak=0.08
[update 01000] R_def_mean=+83.499  R_att_mean=+0.000  (batch=262144)
   [def] |mu|_mean=3.241e+00  std_mean=1.673e+00  prior_blend_def=0.000
   mean arena radius ≈ 20.000 m
   timing: rollout=8.692s  optim=0.319s  total=9.011s  steps/s=29091.4
   approx true <||p1-center||> ≈ 8.145
   approx true <||p2-center||> ≈ 13.601
   approx belief <||p2-center||> ≈ 13.779
   EKF RMS pos err: def->att=0.779, att->def=0.788
   meas_innov_mean=2.118e-04,  trPpos_mean=1.393e+00
[ic] saved actual training IC samples -> Training_Policy_0.5u_1.5vmax_1.0_icVmax_KF_ON/ic_samples_def2_teacher.npz
[checkpoint] saved last checkpoint -> Training_Policy_0.5u_1.5vmax_1.0_icVmax_KF_ON/def2_teacher.pt
Training finished.
[DEF2 TEACHER] Using defender checkpoint: Training_Policy_0.5u_1.5vmax_1.0_icVmax_KF_ON/def2_teacher.pt
[DEF2 TEACHER] best R_def_mean=+86.944 at update 760
[DEF2 TEACHER] Saved metrics to Training_Policy_0.5u_1.5vmax_1.0_icVmax_KF_ON/train_metrics_def2_teacher.npz
Saved plots under: Training_Policy_0.5u_1.5vmax_1.0_icVmax_KF_ON/Plots
 - Training_Policy_0.5u_1.5vmax_1.0_icVmax_KF_ON/Plots/def0
 - Training_Policy_0.5u_1.5vmax_1.0_icVmax_KF_ON/Plots/att1
 - Training_Policy_0.5u_1.5vmax_1.0_icVmax_KF_ON/Plots/def1
 - Training_Policy_0.5u_1.5vmax_1.0_icVmax_KF_ON/Plots/att2
 - Training_Policy_0.5u_1.5vmax_1.0_icVmax_KF_ON/Plots/def2
 - Training_Policy_0.5u_1.5vmax_1.0_icVmax_KF_ON/Plots/comparisons

===== ALL PHASES COMPLETE =====
Defender_0 teacher:  Training_Policy_0.5u_1.5vmax_1.0_icVmax_KF_ON/def0_teacher.pt
Defender_0 student:  (skipped)
Attacker_1 teacher:  Training_Policy_0.5u_1.5vmax_1.0_icVmax_KF_ON/att1_teacher.pt
Attacker_1 student:  (skipped)
Defender_1 teacher:  Training_Policy_0.5u_1.5vmax_1.0_icVmax_KF_ON/def1_teacher.pt
Defender_1 student:  (skipped)
Attacker_2 teacher:  Training_Policy_0.5u_1.5vmax_1.0_icVmax_KF_ON/att2_teacher.pt
Attacker_2 student:  (skipped)
Defender_2 teacher:  Training_Policy_0.5u_1.5vmax_1.0_icVmax_KF_ON/def2_teacher.pt
Defender_2 student:  (skipped)
[run_train_selected_training_policies_zero_sum_kf] Completed Training_Policy_0.5u_1.5vmax_1.0_icVmax -> Training_Policy_0.5u_1.5vmax_1.0_icVmax_KF_ON
[run_train_selected_training_policies_zero_sum_kf] Done. skipped=0 total=1
