trial,seed,def_x,def_y,def_z,def_vx,def_vy,def_vz,att1_x,att1_y,att1_z,att1_vx,att1_vy,att1_vz
0,0,-0.5411500498314584,-1.4876638147752894,0.03094256316263637,0.0,0.0,0.0,0.8186069020786646,-0.43355650362262965,-1.2840778568588131,0.0,0.0,0.0
1,1,-0.6596356588947919,-1.3948129154523552,0.35541830684584247,0.0,0.0,0.0,-1.439328096366417,0.5720710522416099,0.3286545095336952,0.0,0.0,0.0
2,2,-0.23128564043145952,-1.5617082767758996,0.12049338247094647,0.0,0.0,0.0,1.3254888739380095,-0.3497204377786182,0.792287387824588,0.0,0.0,0.0
3,3,-0.8103447688338534,-1.3597217214856685,-0.0379821034579399,0.0,0.0,0.0,-0.47954796334343147,0.044339269656829154,-1.5083143652630564,0.0,0.0,0.0
4,4,-0.4040626836164836,-1.4222878708048696,0.5663700245505818,0.0,0.0,0.0,-0.5675554322907966,0.4250074366340637,1.4156955726858722,0.0,0.0,0.0
5,5,-0.3131124891367917,-1.533884221058267,-0.23686327274287589,0.0,0.0,0.0,1.3807326677162797,-0.48986838471825217,-0.6004587499521066,0.0,0.0,0.0
6,6,-0.9415537906927042,-1.2320204066453289,0.3202290138027905,0.0,0.0,0.0,-1.3892139770442244,0.518685342298851,-0.5549725093270139,0.0,0.0,0.0
7,7,-0.030968141179906775,-1.5380269307232364,0.37477803969997103,0.0,0.0,0.0,0.761670624355177,-0.013663385337875323,1.3880257981517974,0.0,0.0,0.0
8,8,-0.7281021353344599,-1.359773559815372,-0.35752984628959594,0.0,0.0,0.0,0.373052359635257,-0.19640880701736224,-1.526171668566814,0.0,0.0,0.0
9,9,-0.6517039273820409,-1.2499308815338575,0.7210403781080833,0.0,0.0,0.0,-1.1885303668010063,0.6450012077544802,0.8235978713101182,0.0,0.0,0.0
10,10,0.021420643440549794,-1.5766706788942293,-0.14351017660512047,0.0,0.0,0.0,1.515642280841029,-0.37238813043884966,0.266645834909701,0.0,0.0,0.0
11,11,-1.0877466098895705,-1.1505440393196662,-0.000413157553084994,0.0,0.0,0.0,-0.8957347717665746,0.3268799149187312,-1.2640226201735614,0.0,0.0,0.0
12,12,-0.1008255195798066,-1.4075468285402952,0.7180463665440057,0.0,0.0,0.0,-0.0282052213529901,0.35258619229730054,1.5433184658161614,0.0,0.0,0.0
13,13,-0.39762452888165545,-1.433155681396712,-0.5430506158282098,0.0,0.0,0.0,1.115575337860394,-0.3433214483866685,-1.069844144291484,0.0,0.0,0.0
14,14,-0.9909220929406212,-1.0757885261542637,0.6063801589402864,0.0,0.0,0.0,-1.4215826378343992,0.6966577327069899,-0.026744190149965093,0.0,0.0,0.0
15,15,0.24575292992471534,-1.5514435524678873,0.1989292471676041,0.0,0.0,0.0,1.18931609886478,-0.10077297551094559,1.040344399142496,0.0,0.0,0.0
16,16,-0.9882189860821377,-1.167130966617288,-0.41008899857130643,0.0,0.0,0.0,-0.11060178295064355,0.07626416876024342,-1.5776233601880005,0.0,0.0,0.0
17,17,-0.4119722053488391,-1.2046022340152391,0.9413590198563665,0.0,0.0,0.0,-0.7868582339056056,0.651493659016508,1.2096919345170754,0.0,0.0,0.0
18,18,0.0333390629408257,-1.5124344730473727,-0.4673060197125363,0.0,0.0,0.0,1.520911528829098,-0.3323731588557481,-0.2886185184398568,0.0,0.0,0.0
19,19,-1.2320835437088435,-0.9661244568778178,0.23562283332442702,0.0,0.0,0.0,-1.1894507560721868,0.5831688292327045,-0.867217077743566,0.0,0.0,0.0
20,20,0.22633061777562516,-1.426838361520198,0.6479592471684392,0.0,0.0,0.0,0.5148652341630611,0.25633996560511424,1.475177296843744,0.0,0.0,0.0
21,21,-0.633922154582736,-1.2627018241318526,-0.7146126571106222,0.0,0.0,0.0,0.7225949711601414,-0.1353512610812346,-1.402312728394499,0.0,0.0,0.0
22,22,-0.8463571815737461,-0.987695741165224,0.9028184139250008,0.0,0.0,0.0,-1.2688092515530214,0.8076723309934046,0.49470489522600397,0.0,0.0,0.0
23,23,0.3845060905232006,-1.5315398549027537,-0.11612572339687303,0.0,0.0,0.0,1.4710732501105546,-0.15029553947044674,0.5659498105520377,0.0,0.0,0.0
24,24,-1.2304869700139316,-0.9588490984393632,-0.27102521559327997,0.0,0.0,0.0,-0.5635929412883683,0.36026616117492916,-1.4351012974984154,0.0,0.0,0.0
25,25,-0.06764007511373304,-1.2135490961059845,1.014725507720382,0.0,0.0,0.0,-0.2848251634385824,0.6037210111218263,1.4357367486561228,0.0,0.0,0.0
26,26,-0.12462172724970441,-1.383815642576166,-0.7592549880628008,0.0,0.0,0.0,1.3473066620350294,-0.22350328263230765,-0.8010964271097708,0.0,0.0,0.0
27,27,-1.2277772287773279,-0.8239744084871764,0.5661922774936999,0.0,0.0,0.0,-1.319111875424829,0.7919125464152019,-0.37384866374351594,0.0,0.0,0.0
28,28,0.4990348142951297,-1.4461883125478157,0.4079804691538032,0.0,0.0,0.0,0.9941384760363637,0.16159954507635174,1.2216868346407939,0.0,0.0,0.0
29,29,-0.9343566661992573,-1.051080768462594,-0.7274278541109916,0.0,0.0,0.0,0.260116669432584,0.1178473578645184,-1.5573682168861294,0.0,0.0,0.0
30,30,-0.5538248158071529,-0.9604038604301927,1.1304189235440048,0.0,0.0,0.0,-0.9497132589886073,0.8503771462015806,0.9390675584635666,0.0,0.0,0.0
31,31,0.36697942205749995,-1.4619341049686774,-0.4847878102378455,0.0,0.0,0.0,1.576511286029376,-0.14405220041407765,0.028382618224825858,0.0,0.0,0.0
32,32,-1.3864506828412226,-0.7645047362667144,0.015213701531818268,0.0,0.0,0.0,-0.9221084897057303,0.6300580452422759,-1.1223578917963422,0.0,0.0,0.0
33,33,0.302625855057905,-1.2508036812951535,0.9224164933197987,0.0,0.0,0.0,0.2535775956609282,0.5213004622686981,1.4733935914943757,0.0,0.0,0.0
34,34,-0.406431649452185,-1.1993475557492153,-0.9504331640264817,0.0,0.0,0.0,1.025739661781665,-0.0492849051015674,-1.2051446339824092,0.0,0.0,0.0
35,35,-1.06493694206539,-0.7368576843756548,0.9109854591816459,0.0,0.0,0.0,-1.2665250618476354,0.9387032580219569,0.14729190585445365,0.0,0.0,0.0
36,36,0.6586905341631422,-1.4390552375388057,0.04681076751599497,0.0,0.0,0.0,1.351829750462098,0.09317837693191482,0.819035139830609,0.0,0.0,0.0
37,37,-1.2240536382139182,-0.8241832032412146,-0.5738982337573023,0.0,0.0,0.0,-0.20455756860620802,0.3939613434388959,-1.5198339071889293,0.0,0.0,0.0
38,38,-0.16472051987437716,-0.9822436907282401,1.2308569887668959,0.0,0.0,0.0,-0.5061347999661103,0.8329953792593745,1.2477542654045415,0.0,0.0,0.0
39,39,0.19481272678291864,-1.3343334002298215,-0.8297872154678911,0.0,0.0,0.0,1.5003066687361488,-0.07192327570881231,-0.5008506629690971,0.0,0.0,0.0
40,40,-1.4082810452023282,-0.6075725215553205,0.39312157561520084,0.0,0.0,0.0,-1.1364920078788165,0.8624594351282829,-0.6866542676086774,0.0,0.0,0.0
41,41,0.6274224976702154,-1.2902295405483795,0.6697709956044798,0.0,0.0,0.0,0.7602159640570822,0.4284143929833295,1.3211651071372257,0.0,0.0,0.0
42,42,-0.7546029434015349,-0.9742187133960832,-0.9941915010288763,0.0,0.0,0.0,0.6074092454832194,0.1776583465786649,-1.4513565946492515,0.0,0.0,0.0
43,43,-0.757601017829758,-0.7082115952744582,1.196420276717823,0.0,0.0,0.0,-1.039391448204897,1.0180677521645518,0.6246182144643031,0.0,0.0,0.0
44,44,0.6693071109648023,-1.385445761800014,-0.37351369019322245,0.0,0.0,0.0,1.5482109918688371,0.07177656596643736,0.3237827877976339,0.0,0.0,0.0
45,45,-1.4363016629067096,-0.6079929508127861,-0.2726289590869111,0.0,0.0,0.0,-0.604972254215827,0.6678352504489188,-1.301902106276152,0.0,0.0,0.0
46,46,0.2583581972995677,-1.0347312224689407,1.170267825574761,0.0,0.0,0.0,0.003286371779328358,0.7720713181811943,1.3823311918067651,0.0,0.0,0.0
47,47,-0.1057513173564215,-1.1502760995682013,-1.0828785703295534,0.0,0.0,0.0,1.2628571234235773,0.0667318423450348,-0.9527240898995865,0.0,0.0,0.0
48,48,-1.2727274383850713,-0.5040705198638894,0.7956269370913437,0.0,0.0,0.0,-1.1783764093106348,1.0400061979563622,-0.19173051565141602,0.0,0.0,0.0
49,49,0.8464719878421524,-1.3066787954363768,0.28813216376330564,0.0,0.0,0.0,1.172763142866816,0.35025830175482503,1.0044352528781557,0.0,0.0,0.0
50,50,-1.1032147355883002,-0.7296692995364468,-0.8703128201596584,0.0,0.0,0.0,0.1562007844644892,0.4374872933350425,-1.5136547253394634,0.0,0.0,0.0
51,51,-0.34333062329039676,-0.7316136745898079,1.3615468991935813,0.0,0.0,0.0,-0.6700052157690493,1.0342047452868275,0.9942122510349126,0.0,0.0,0.0
52,52,0.5209444283816737,-1.2737638031712744,-0.782998799940442,0.0,0.0,0.0,1.5672877433731813,0.11098616921090265,-0.19553936727810162,0.0,0.0,0.0
53,53,-1.5190884187608684,-0.42603464892738996,0.13345148309161134,0.0,0.0,0.0,-0.8852283171009624,0.9151689622445266,-0.9411594134822775,0.0,0.0,0.0
54,54,0.6483626086072509,-1.0945997965092193,0.9425612222457526,0.0,0.0,0.0,0.5118121776346531,0.6899900331062332,1.3300024411550393,0.0,0.0,0.0
55,55,-0.4872434060573451,-0.9207873874045832,-1.1923459627514614,0.0,0.0,0.0,0.9071096020468029,0.2630484324544235,-1.2707879982503734,0.0,0.0,0.0
56,56,-0.9833160788952913,-0.46083798559983835,1.1522422854823993,0.0,0.0,0.0,-1.0446923481804804,1.1534711629063232,0.2916618220407293,0.0,0.0,0.0
57,57,0.9177210787732176,-1.2790449859735942,-0.16963605121129285,0.0,0.0,0.0,1.443810697785391,0.3093335403934568,0.5715486630091454,0.0,0.0,0.0
58,58,-1.3864701281152814,-0.4901446934612188,-0.5868587630386322,0.0,0.0,0.0,-0.2607975768381147,0.7061158678485259,-1.3929570881858928,0.0,0.0,0.0
59,59,0.12232214172789012,-0.791890022478577,1.3656104607029822,0.0,0.0,0.0,-0.21032371207749104,1.0002975988112925,1.2091786858813451,0.0,0.0,0.0
60,60,0.23029830495078307,-1.1021142337767198,-1.1132166684356553,0.0,0.0,0.0,1.4189877283449266,0.21533842183947158,-0.6686162092902185,0.0,0.0,0.0
61,61,-1.4417342855548374,-0.2962556088550347,0.583591731021821,0.0,0.0,0.0,-1.0081582423242867,1.1160978801056152,-0.4948605105449282,0.0,0.0,0.0
62,62,0.943154029680859,-1.1371381070817594,0.5694926216894302,0.0,0.0,0.0,0.954524861025677,0.6116287061165837,1.1053221521246628,0.0,0.0,0.0
63,63,-0.8881742272837844,-0.664582925750996,-1.1297878213313015,0.0,0.0,0.0,0.4920504006856917,0.5000334840868377,-1.419435578818728,0.0,0.0,0.0
64,64,-0.5691568682601258,-0.4748051735334826,1.399130069342231,0.0,0.0,0.0,-0.7579524065379907,1.2031757991453715,0.6962905932249803,0.0,0.0,0.0
65,65,0.8229067872384925,-1.1931830039643387,-0.6372465637466314,0.0,0.0,0.0,1.5478046601742814,0.32212632687565296,0.08648588275439482,0.0,0.0,0.0
66,66,-1.548196803469197,-0.2796891972975538,-0.1783397181848205,0.0,0.0,0.0,-0.5832840538536157,0.958817299850912,-1.1168677372303888,0.0,0.0,0.0
67,67,0.574303200810651,-0.867519285077418,1.1935369990062465,0.0,0.0,0.0,0.27588609495044986,0.9364967747011322,1.246517187216766,0.0,0.0,0.0
68,68,-0.1623029766692157,-0.878378619510426,-1.3073076106986834,0.0,0.0,0.0,1.1375263222502343,0.3796827291185846,-1.03383719019793,0.0,0.0,0.0
69,69,-1.1990041893314223,-0.22848625438309542,1.0085273570722377,0.0,0.0,0.0,-0.9607655181031184,1.2581320191357919,-0.031271170249472,0.0,0.0,0.0
70,70,1.0946316867166244,-1.1398814154623749,0.09693437759041079,0.0,0.0,0.0,1.2780193442687338,0.5606250786735621,0.7478706581198435,0.0,0.0,0.0
71,71,-1.2424289052062887,-0.40515254491335173,-0.8939610032308835,0.0,0.0,0.0,0.0837943180842193,0.7551507072834731,-1.3891257560010546,0.0,0.0,0.0
72,72,-0.08019973608087796,-0.5336034138259041,1.4885495771136843,0.0,0.0,0.0,-0.36275474007594827,1.1988965768798512,0.9685042286627543,0.0,0.0,0.0
73,73,0.5699670798638173,-1.0439352197665326,-1.0451225905327777,0.0,0.0,0.0,1.4847861532745648,0.3966591293491135,-0.3808097406679015,0.0,0.0,0.0
74,74,-1.5501792738016402,-0.1183328347435781,0.2998099460271433,0.0,0.0,0.0,-0.7667823110193016,1.1739441106083943,-0.7354213466545523,0.0,0.0,0.0
75,75,0.9479755811390058,-0.933950134107901,0.8579183463497142,0.0,0.0,0.0,0.7226896709812064,0.8668616552654386,1.1105021182001276,0.0,0.0,0.0
76,76,-0.5992292980409342,-0.6189264490981946,-1.3284572794845528,0.0,0.0,0.0,0.776175048864396,0.5899921746925647,-1.2475600072787363,0.0,0.0,0.0
77,77,-0.8116763793178841,-0.2230235474612834,1.3410392973267509,0.0,0.0,0.0,-0.7561279662930173,1.3380239108133032,0.3806664644027488,0.0,0.0,0.0
78,78,1.075914927862254,-1.0859987718795707,-0.4122598451446072,0.0,0.0,0.0,1.44845694395625,0.5558055987956508,0.31622312105815314,0.0,0.0,0.0
79,79,-1.4893257500979982,-0.16716607625777424,-0.5107922840872262,0.0,0.0,0.0,-0.25443462045836884,1.0037396124547437,-1.1977955830361189,0.0,0.0,0.0
80,80,0.4204609015121897,-0.6174932924418716,1.3960154399319098,0.0,0.0,0.0,0.08099084454386761,1.158377429031388,1.0763580535538038,0.0,0.0,0.0
81,81,0.19171881775594643,-0.835874675225954,-1.3309777859429504,0.0,0.0,0.0,1.2803890100833044,0.5312716083517628,-0.7650483026951028,0.0,0.0,0.0
82,82,-1.3779006583714335,-0.019063037167372794,0.7797248365371954,0.0,0.0,0.0,-0.7894151964691224,1.3362207882243113,-0.3134997562044458,0.0,0.0,0.0
83,83,1.188936402978659,-0.9673383350341161,0.3970279835037087,0.0,0.0,0.0,1.0720123980983933,0.8157069223848324,0.8320793709353856,0.0,0.0,0.0
84,84,-1.014331227989923,-0.3461143467580061,-1.165453329538409,0.0,0.0,0.0,0.3991982850013636,0.825476666952621,-1.290803411061573,0.0,0.0,0.0
85,85,-0.3233637770184187,-0.27059461399080614,1.5261582051120974,0.0,0.0,0.0,-0.4314958085327804,1.3622959863156316,0.6818397592736818,0.0,0.0,0.0
86,86,0.8854197924943827,-0.9668466572276753,-0.8877971485121506,0.0,0.0,0.0,1.4568143767413717,0.6082922557979036,-0.1209001558947568,0.0,0.0,0.0
87,87,-1.5828243580017765,0.027268235316877026,-0.02946081292832859,0.0,0.0,0.0,-0.47196829730734485,1.2227675346686464,-0.8882735653708244,0.0,0.0,0.0
88,88,0.8661348435537988,-0.7023479787844613,1.124038341836633,0.0,0.0,0.0,0.5071094195738083,1.1046729002792741,1.0146340544292425,0.0,0.0,0.0
89,89,-0.25906718730869294,-0.5826304750134663,-1.4492654575628907,0.0,0.0,0.0,0.9821220470618046,0.7147997236606993,-1.0155993718830023,0.0,0.0,0.0
90,90,-1.0427981025123023,0.0141584580691778,1.1913505361149066,0.0,0.0,0.0,-0.6554456899049789,1.439132820649547,0.07894375563459993,0.0,0.0,0.0
91,91,1.261274963197075,-0.9481548698051087,-0.1308902384309256,0.0,0.0,0.0,1.2825838246169772,0.803893571686419,0.46441178136603095,0.0,0.0,0.0
92,92,-1.3429046620460072,-0.08492917768303841,-0.8344690215176426,0.0,0.0,0.0,0.07217490889903162,1.0616775038560862,-1.1724231764899382,0.0,0.0,0.0
93,93,0.2059783625732103,-0.35371844611009223,1.5295099278764264,0.0,0.0,0.0,-0.042921911113110466,1.3463706464290437,0.8320986939180158,0.0,0.0,0.0
94,94,0.5472089072190452,-0.783308192840573,-1.262511438098049,0.0,0.0,0.0,1.3206058494059496,0.7197017539408177,-0.49494850270379825,0.0,0.0,0.0
95,95,-1.4985299949614588,0.16194580799656239,0.4848977767659708,0.0,0.0,0.0,-0.5385843613409099,1.3943530933301074,-0.522159727745443,0.0,0.0,0.0
96,96,1.1965508322061047,-0.7632604350020724,0.7018860724838162,0.0,0.0,0.0,0.8530812207508554,1.0627449090561256,0.8060832050830409,0.0,0.0,0.0
97,97,-0.7174870600656397,-0.3048892159815831,-1.3781144107279086,0.0,0.0,0.0,0.6525948039683206,0.9280875060040776,-1.104408460431244,0.0,0.0,0.0
98,98,-0.5806955729571228,-0.012957789072331149,1.4729457531388541,0.0,0.0,0.0,-0.39515366710353256,1.4860805891985005,0.377309562854558,0.0,0.0,0.0
99,99,1.1530675901857577,-0.8641395934634333,-0.6562334492476688,0.0,0.0,0.0,1.336476262353733,0.8456311229564311,0.07538997607024119,0.0,0.0,0.0
100,100,-1.5313881556784117,0.14073684447539112,-0.37681282050165626,0.0,0.0,0.0,-0.1477381422651902,1.274026525296644,-0.9284257097905142,0.0,0.0,0.0
101,101,0.7089131476573381,-0.44926715487739843,1.3425891467855544,0.0,0.0,0.0,0.3425762340265828,1.3125035444287252,0.8166519541283348,0.0,0.0,0.0
102,102,0.1075675962715732,-0.5457244630617741,-1.4824164283654324,0.0,0.0,0.0,1.0819877471562465,0.8816667147135503,-0.7476033464407422,0.0,0.0,0.0
103,103,-1.2374797831315456,0.22902321298787898,0.9607999785037685,0.0,0.0,0.0,-0.4494420282352662,1.5085016996884646,-0.17137365530388174,0.0,0.0,0.0
104,104,1.3668811312112783,-0.7782490654179417,0.1814078547199818,0.0,0.0,0.0,1.069123881794051,1.0559295782955058,0.49893015092067305,0.0,0.0,0.0
105,105,-1.1160771318765348,-0.027366136087671064,-1.1227499163826773,0.0,0.0,0.0,0.3610751372156482,1.1464742004327886,-1.0306144271579596,0.0,0.0,0.0
106,106,-0.04665264799771696,-0.08580895259910512,1.5803179422281062,0.0,0.0,0.0,-0.06136755807639983,1.490192271396663,0.5315124283822763,0.0,0.0,0.0
107,107,0.8783195794674855,-0.7121733119137125,-1.108290726552083,0.0,0.0,0.0,1.2422338560830954,0.9463416952922082,-0.26122191139302053,0.0,0.0,0.0
108,108,-1.5453846418202326,0.3116364821860126,0.1470151564849986,0.0,0.0,0.0,-0.219681168248765,1.441124442687209,-0.6179360561140358,0.0,0.0,0.0
109,109,1.1204546460690261,-0.5318501448655661,0.9842059001795507,0.0,0.0,0.0,0.655417585490882,1.287081565970556,0.6486858065408202,0.0,0.0,0.0
110,110,-0.37168164455846303,-0.272433318661493,-1.5147862180587834,0.0,0.0,0.0,0.8030974331406577,1.0766307548075023,-0.8383586196401541,0.0,0.0,0.0
111,111,-0.8261729751923075,0.23023728644078015,1.330929544128354,0.0,0.0,0.0,-0.2262335137754719,1.5644852454802043,0.09027047335080185,0.0,0.0,0.0
112,112,1.3544676168993897,-0.7315225190260742,-0.37045475211969586,0.0,0.0,0.0,1.1241078171607637,1.1032415607353279,0.16181507502013318,0.0,0.0,0.0
113,113,-1.3947398278706702,0.22480916907540602,-0.7149168444583947,0.0,0.0,0.0,0.1761486095229594,1.3423726288491082,-0.8209456968151377,0.0,0.0,0.0
114,114,0.4930061380443785,-0.18298710005415805,1.4934540881807405,0.0,0.0,0.0,0.27568966956016633,1.4730513035800596,0.5109398277276131,0.0,0.0,0.0
115,115,0.47508674449646143,-0.4988004620086796,-1.4256349914136899,0.0,0.0,0.0,1.0338398929704968,1.1022757260880693,-0.4723428244603711,0.0,0.0,0.0
116,116,-1.3748471152732078,0.4160272209549917,0.666078978416851,0.0,0.0,0.0,-0.1217230322599247,1.5462679869580056,-0.3180931630288781,0.0,0.0,0.0
117,117,1.387621780054899,-0.5775250175856232,0.4979107289659757,0.0,0.0,0.0,0.8277718523012951,1.2988250885554846,0.36713974766558694,0.0,0.0,0.0
118,118,-0.82213894036458,0.012865652146801312,-1.353095148971599,0.0,0.0,0.0,0.5618366129667008,1.2793343879839172,-0.7447063773671818,0.0,0.0,0.0
119,119,-0.31285672486741417,0.17671351794950965,1.5420238152241923,0.0,0.0,0.0,0.08656321302657255,1.5696773937372686,0.18858455445800196,0.0,0.0,0.0
120,120,1.1622791082711768,-0.6158298708132588,-0.8813655819975692,0.0,0.0,0.0,1.001641954391035,1.2204341116505686,-0.11915711796961884,0.0,0.0,0.0
121,121,-1.5095744488246299,0.4297634316732443,-0.20840542385380104,0.0,0.0,0.0,0.16950273047663408,1.484626245336819,-0.5235438667938871,0.0,0.0,0.0
122,122,0.9703084111099262,-0.2793640328226713,1.2195908202892536,0.0,0.0,0.0,0.5279702484342061,1.463585341510704,0.29344472958761403,0.0,0.0,0.0
123,123,6.550523826946166e-05,-0.23933154502663886,-1.5651405213921386,0.0,0.0,0.0,0.7618364281688377,1.3052285965398365,-0.4721525303638921,0.0,0.0,0.0
124,124,-1.0356832434379135,0.4514261913651414,1.1092876351293728,0.0,0.0,0.0,0.17202127748382878,1.5685735049983114,-0.13011642459572365,0.0,0.0,0.0
125,125,1.4772218594411013,-0.5672928685909555,-0.05421091840811069,0.0,0.0,0.0,0.7607267003391565,1.3884815177345142,0.01893163332069802,0.0,0.0,0.0
126,126,-1.1787460582078746,0.2845313820425528,-1.0181080823428241,0.0,0.0,0.0,0.47318167659708116,1.4558184201433275,-0.40451980537866394,0.0,0.0,0.0
127,127,0.2393775084697384,0.08739670523532224,1.5626914822805749,0.0,0.0,0.0,0.4625106406016526,1.5133936854358374,-0.05165176330593973,0.0,0.0,0.0
128,128,0.8186069020786646,-0.43355650362262965,-1.2840778568588131,0.0,0.0,0.0,-0.5411500498314584,-1.4876638147752894,0.03094256316263637,0.0,0.0,0.0
129,129,-1.439328096366417,0.5720710522416099,0.3286545095336952,0.0,0.0,0.0,-0.6596356588947919,-1.3948129154523552,0.35541830684584247,0.0,0.0,0.0
130,130,1.3254888739380095,-0.3497204377786182,0.792287387824588,0.0,0.0,0.0,-0.23128564043145952,-1.5617082767758996,0.12049338247094647,0.0,0.0,0.0
131,131,-0.47954796334343147,0.044339269656829154,-1.5083143652630564,0.0,0.0,0.0,-0.8103447688338534,-1.3597217214856685,-0.0379821034579399,0.0,0.0,0.0
132,132,-0.5675554322907966,0.4250074366340637,1.4156955726858722,0.0,0.0,0.0,-0.4040626836164836,-1.4222878708048696,0.5663700245505818,0.0,0.0,0.0
133,133,1.3807326677162797,-0.48986838471825217,-0.6004587499521066,0.0,0.0,0.0,-0.3131124891367917,-1.533884221058267,-0.23686327274287589,0.0,0.0,0.0
134,134,-1.3892139770442244,0.518685342298851,-0.5549725093270139,0.0,0.0,0.0,-0.9415537906927042,-1.2320204066453289,0.3202290138027905,0.0,0.0,0.0
135,135,0.761670624355177,-0.013663385337875323,1.3880257981517974,0.0,0.0,0.0,-0.030968141179906775,-1.5380269307232364,0.37477803969997103,0.0,0.0,0.0
136,136,0.373052359635257,-0.19640880701736224,-1.526171668566814,0.0,0.0,0.0,-0.7281021353344599,-1.359773559815372,-0.35752984628959594,0.0,0.0,0.0
137,137,-1.1885303668010063,0.6450012077544802,0.8235978713101182,0.0,0.0,0.0,-0.6517039273820409,-1.2499308815338575,0.7210403781080833,0.0,0.0,0.0
138,138,1.515642280841029,-0.37238813043884966,0.266645834909701,0.0,0.0,0.0,0.021420643440549794,-1.5766706788942293,-0.14351017660512047,0.0,0.0,0.0
139,139,-0.8957347717665746,0.3268799149187312,-1.2640226201735614,0.0,0.0,0.0,-1.0877466098895705,-1.1505440393196662,-0.000413157553084994,0.0,0.0,0.0
140,140,-0.0282052213529901,0.35258619229730054,1.5433184658161614,0.0,0.0,0.0,-0.1008255195798066,-1.4075468285402952,0.7180463665440057,0.0,0.0,0.0
141,141,1.115575337860394,-0.3433214483866685,-1.069844144291484,0.0,0.0,0.0,-0.39762452888165545,-1.433155681396712,-0.5430506158282098,0.0,0.0,0.0
142,142,-1.4215826378343992,0.6966577327069899,-0.026744190149965093,0.0,0.0,0.0,-0.9909220929406212,-1.0757885261542637,0.6063801589402864,0.0,0.0,0.0
143,143,1.18931609886478,-0.10077297551094559,1.040344399142496,0.0,0.0,0.0,0.24575292992471534,-1.5514435524678873,0.1989292471676041,0.0,0.0,0.0
144,144,-0.11060178295064355,0.07626416876024342,-1.5776233601880005,0.0,0.0,0.0,-0.9882189860821377,-1.167130966617288,-0.41008899857130643,0.0,0.0,0.0
145,145,-0.7868582339056056,0.651493659016508,1.2096919345170754,0.0,0.0,0.0,-0.4119722053488391,-1.2046022340152391,0.9413590198563665,0.0,0.0,0.0
146,146,1.520911528829098,-0.3323731588557481,-0.2886185184398568,0.0,0.0,0.0,0.0333390629408257,-1.5124344730473727,-0.4673060197125363,0.0,0.0,0.0
147,147,-1.1894507560721868,0.5831688292327045,-0.867217077743566,0.0,0.0,0.0,-1.2320835437088435,-0.9661244568778178,0.23562283332442702,0.0,0.0,0.0
148,148,0.5148652341630611,0.25633996560511424,1.475177296843744,0.0,0.0,0.0,0.22633061777562516,-1.426838361520198,0.6479592471684392,0.0,0.0,0.0
149,149,0.7225949711601414,-0.1353512610812346,-1.402312728394499,0.0,0.0,0.0,-0.633922154582736,-1.2627018241318526,-0.7146126571106222,0.0,0.0,0.0
150,150,-1.2688092515530214,0.8076723309934046,0.49470489522600397,0.0,0.0,0.0,-0.8463571815737461,-0.987695741165224,0.9028184139250008,0.0,0.0,0.0
151,151,1.4710732501105546,-0.15029553947044674,0.5659498105520377,0.0,0.0,0.0,0.3845060905232006,-1.5315398549027537,-0.11612572339687303,0.0,0.0,0.0
152,152,-0.5635929412883683,0.36026616117492916,-1.4351012974984154,0.0,0.0,0.0,-1.2304869700139316,-0.9588490984393632,-0.27102521559327997,0.0,0.0,0.0
153,153,-0.2848251634385824,0.6037210111218263,1.4357367486561228,0.0,0.0,0.0,-0.06764007511373304,-1.2135490961059845,1.014725507720382,0.0,0.0,0.0
154,154,1.3473066620350294,-0.22350328263230765,-0.8010964271097708,0.0,0.0,0.0,-0.12462172724970441,-1.383815642576166,-0.7592549880628008,0.0,0.0,0.0
155,155,-1.319111875424829,0.7919125464152019,-0.37384866374351594,0.0,0.0,0.0,-1.2277772287773279,-0.8239744084871764,0.5661922774936999,0.0,0.0,0.0
156,156,0.9941384760363637,0.16159954507635174,1.2216868346407939,0.0,0.0,0.0,0.4990348142951297,-1.4461883125478157,0.4079804691538032,0.0,0.0,0.0
157,157,0.260116669432584,0.1178473578645184,-1.5573682168861294,0.0,0.0,0.0,-0.9343566661992573,-1.051080768462594,-0.7274278541109916,0.0,0.0,0.0
158,158,-0.9497132589886073,0.8503771462015806,0.9390675584635666,0.0,0.0,0.0,-0.5538248158071529,-0.9604038604301927,1.1304189235440048,0.0,0.0,0.0
159,159,1.576511286029376,-0.14405220041407765,0.028382618224825858,0.0,0.0,0.0,0.36697942205749995,-1.4619341049686774,-0.4847878102378455,0.0,0.0,0.0
160,160,-0.9221084897057303,0.6300580452422759,-1.1223578917963422,0.0,0.0,0.0,-1.3864506828412226,-0.7645047362667144,0.015213701531818268,0.0,0.0,0.0
161,161,0.2535775956609282,0.5213004622686981,1.4733935914943757,0.0,0.0,0.0,0.302625855057905,-1.2508036812951535,0.9224164933197987,0.0,0.0,0.0
162,162,1.025739661781665,-0.0492849051015674,-1.2051446339824092,0.0,0.0,0.0,-0.406431649452185,-1.1993475557492153,-0.9504331640264817,0.0,0.0,0.0
163,163,-1.2665250618476354,0.9387032580219569,0.14729190585445365,0.0,0.0,0.0,-1.06493694206539,-0.7368576843756548,0.9109854591816459,0.0,0.0,0.0
164,164,1.351829750462098,0.09317837693191482,0.819035139830609,0.0,0.0,0.0,0.6586905341631422,-1.4390552375388057,0.04681076751599497,0.0,0.0,0.0
165,165,-0.20455756860620802,0.3939613434388959,-1.5198339071889293,0.0,0.0,0.0,-1.2240536382139182,-0.8241832032412146,-0.5738982337573023,0.0,0.0,0.0
166,166,-0.5061347999661103,0.8329953792593745,1.2477542654045415,0.0,0.0,0.0,-0.16472051987437716,-0.9822436907282401,1.2308569887668959,0.0,0.0,0.0
167,167,1.5003066687361488,-0.07192327570881231,-0.5008506629690971,0.0,0.0,0.0,0.19481272678291864,-1.3343334002298215,-0.8297872154678911,0.0,0.0,0.0
168,168,-1.1364920078788165,0.8624594351282829,-0.6866542676086774,0.0,0.0,0.0,-1.4082810452023282,-0.6075725215553205,0.39312157561520084,0.0,0.0,0.0
169,169,0.7602159640570822,0.4284143929833295,1.3211651071372257,0.0,0.0,0.0,0.6274224976702154,-1.2902295405483795,0.6697709956044798,0.0,0.0,0.0
170,170,0.6074092454832194,0.1776583465786649,-1.4513565946492515,0.0,0.0,0.0,-0.7546029434015349,-0.9742187133960832,-0.9941915010288763,0.0,0.0,0.0
171,171,-1.039391448204897,1.0180677521645518,0.6246182144643031,0.0,0.0,0.0,-0.757601017829758,-0.7082115952744582,1.196420276717823,0.0,0.0,0.0
172,172,1.5482109918688371,0.07177656596643736,0.3237827877976339,0.0,0.0,0.0,0.6693071109648023,-1.385445761800014,-0.37351369019322245,0.0,0.0,0.0
173,173,-0.604972254215827,0.6678352504489188,-1.301902106276152,0.0,0.0,0.0,-1.4363016629067096,-0.6079929508127861,-0.2726289590869111,0.0,0.0,0.0
174,174,0.003286371779328358,0.7720713181811943,1.3823311918067651,0.0,0.0,0.0,0.2583581972995677,-1.0347312224689407,1.170267825574761,0.0,0.0,0.0
175,175,1.2628571234235773,0.0667318423450348,-0.9527240898995865,0.0,0.0,0.0,-0.1057513173564215,-1.1502760995682013,-1.0828785703295534,0.0,0.0,0.0
176,176,-1.1783764093106348,1.0400061979563622,-0.19173051565141602,0.0,0.0,0.0,-1.2727274383850713,-0.5040705198638894,0.7956269370913437,0.0,0.0,0.0
177,177,1.172763142866816,0.35025830175482503,1.0044352528781557,0.0,0.0,0.0,0.8464719878421524,-1.3066787954363768,0.28813216376330564,0.0,0.0,0.0
178,178,0.1562007844644892,0.4374872933350425,-1.5136547253394634,0.0,0.0,0.0,-1.1032147355883002,-0.7296692995364468,-0.8703128201596584,0.0,0.0,0.0
179,179,-0.6700052157690493,1.0342047452868275,0.9942122510349126,0.0,0.0,0.0,-0.34333062329039676,-0.7316136745898079,1.3615468991935813,0.0,0.0,0.0
180,180,1.5672877433731813,0.11098616921090265,-0.19553936727810162,0.0,0.0,0.0,0.5209444283816737,-1.2737638031712744,-0.782998799940442,0.0,0.0,0.0
181,181,-0.8852283171009624,0.9151689622445266,-0.9411594134822775,0.0,0.0,0.0,-1.5190884187608684,-0.42603464892738996,0.13345148309161134,0.0,0.0,0.0
182,182,0.5118121776346531,0.6899900331062332,1.3300024411550393,0.0,0.0,0.0,0.6483626086072509,-1.0945997965092193,0.9425612222457526,0.0,0.0,0.0
183,183,0.9071096020468029,0.2630484324544235,-1.2707879982503734,0.0,0.0,0.0,-0.4872434060573451,-0.9207873874045832,-1.1923459627514614,0.0,0.0,0.0
184,184,-1.0446923481804804,1.1534711629063232,0.2916618220407293,0.0,0.0,0.0,-0.9833160788952913,-0.46083798559983835,1.1522422854823993,0.0,0.0,0.0
185,185,1.443810697785391,0.3093335403934568,0.5715486630091454,0.0,0.0,0.0,0.9177210787732176,-1.2790449859735942,-0.16963605121129285,0.0,0.0,0.0
186,186,-0.2607975768381147,0.7061158678485259,-1.3929570881858928,0.0,0.0,0.0,-1.3864701281152814,-0.4901446934612188,-0.5868587630386322,0.0,0.0,0.0
187,187,-0.21032371207749104,1.0002975988112925,1.2091786858813451,0.0,0.0,0.0,0.12232214172789012,-0.791890022478577,1.3656104607029822,0.0,0.0,0.0
188,188,1.4189877283449266,0.21533842183947158,-0.6686162092902185,0.0,0.0,0.0,0.23029830495078307,-1.1021142337767198,-1.1132166684356553,0.0,0.0,0.0
189,189,-1.0081582423242867,1.1160978801056152,-0.4948605105449282,0.0,0.0,0.0,-1.4417342855548374,-0.2962556088550347,0.583591731021821,0.0,0.0,0.0
190,190,0.954524861025677,0.6116287061165837,1.1053221521246628,0.0,0.0,0.0,0.943154029680859,-1.1371381070817594,0.5694926216894302,0.0,0.0,0.0
191,191,0.4920504006856917,0.5000334840868377,-1.419435578818728,0.0,0.0,0.0,-0.8881742272837844,-0.664582925750996,-1.1297878213313015,0.0,0.0,0.0
192,192,-0.7579524065379907,1.2031757991453715,0.6962905932249803,0.0,0.0,0.0,-0.5691568682601258,-0.4748051735334826,1.399130069342231,0.0,0.0,0.0
193,193,1.5478046601742814,0.32212632687565296,0.08648588275439482,0.0,0.0,0.0,0.8229067872384925,-1.1931830039643387,-0.6372465637466314,0.0,0.0,0.0
194,194,-0.5832840538536157,0.958817299850912,-1.1168677372303888,0.0,0.0,0.0,-1.548196803469197,-0.2796891972975538,-0.1783397181848205,0.0,0.0,0.0
195,195,0.27588609495044986,0.9364967747011322,1.246517187216766,0.0,0.0,0.0,0.574303200810651,-0.867519285077418,1.1935369990062465,0.0,0.0,0.0
196,196,1.1375263222502343,0.3796827291185846,-1.03383719019793,0.0,0.0,0.0,-0.1623029766692157,-0.878378619510426,-1.3073076106986834,0.0,0.0,0.0
197,197,-0.9607655181031184,1.2581320191357919,-0.031271170249472,0.0,0.0,0.0,-1.1990041893314223,-0.22848625438309542,1.0085273570722377,0.0,0.0,0.0
198,198,1.2780193442687338,0.5606250786735621,0.7478706581198435,0.0,0.0,0.0,1.0946316867166244,-1.1398814154623749,0.09693437759041079,0.0,0.0,0.0
199,199,0.0837943180842193,0.7551507072834731,-1.3891257560010546,0.0,0.0,0.0,-1.2424289052062887,-0.40515254491335173,-0.8939610032308835,0.0,0.0,0.0
200,200,-0.36275474007594827,1.1988965768798512,0.9685042286627543,0.0,0.0,0.0,-0.08019973608087796,-0.5336034138259041,1.4885495771136843,0.0,0.0,0.0
201,201,1.4847861532745648,0.3966591293491135,-0.3808097406679015,0.0,0.0,0.0,0.5699670798638173,-1.0439352197665326,-1.0451225905327777,0.0,0.0,0.0
202,202,-0.7667823110193016,1.1739441106083943,-0.7354213466545523,0.0,0.0,0.0,-1.5501792738016402,-0.1183328347435781,0.2998099460271433,0.0,0.0,0.0
203,203,0.7226896709812064,0.8668616552654386,1.1105021182001276,0.0,0.0,0.0,0.9479755811390058,-0.933950134107901,0.8579183463497142,0.0,0.0,0.0
204,204,0.776175048864396,0.5899921746925647,-1.2475600072787363,0.0,0.0,0.0,-0.5992292980409342,-0.6189264490981946,-1.3284572794845528,0.0,0.0,0.0
205,205,-0.7561279662930173,1.3380239108133032,0.3806664644027488,0.0,0.0,0.0,-0.8116763793178841,-0.2230235474612834,1.3410392973267509,0.0,0.0,0.0
206,206,1.44845694395625,0.5558055987956508,0.31622312105815314,0.0,0.0,0.0,1.075914927862254,-1.0859987718795707,-0.4122598451446072,0.0,0.0,0.0
207,207,-0.25443462045836884,1.0037396124547437,-1.1977955830361189,0.0,0.0,0.0,-1.4893257500979982,-0.16716607625777424,-0.5107922840872262,0.0,0.0,0.0
208,208,0.08099084454386761,1.158377429031388,1.0763580535538038,0.0,0.0,0.0,0.4204609015121897,-0.6174932924418716,1.3960154399319098,0.0,0.0,0.0
209,209,1.2803890100833044,0.5312716083517628,-0.7650483026951028,0.0,0.0,0.0,0.19171881775594643,-0.835874675225954,-1.3309777859429504,0.0,0.0,0.0
210,210,-0.7894151964691224,1.3362207882243113,-0.3134997562044458,0.0,0.0,0.0,-1.3779006583714335,-0.019063037167372794,0.7797248365371954,0.0,0.0,0.0
211,211,1.0720123980983933,0.8157069223848324,0.8320793709353856,0.0,0.0,0.0,1.188936402978659,-0.9673383350341161,0.3970279835037087,0.0,0.0,0.0
212,212,0.3991982850013636,0.825476666952621,-1.290803411061573,0.0,0.0,0.0,-1.014331227989923,-0.3461143467580061,-1.165453329538409,0.0,0.0,0.0
213,213,-0.4314958085327804,1.3622959863156316,0.6818397592736818,0.0,0.0,0.0,-0.3233637770184187,-0.27059461399080614,1.5261582051120974,0.0,0.0,0.0
214,214,1.4568143767413717,0.6082922557979036,-0.1209001558947568,0.0,0.0,0.0,0.8854197924943827,-0.9668466572276753,-0.8877971485121506,0.0,0.0,0.0
215,215,-0.47196829730734485,1.2227675346686464,-0.8882735653708244,0.0,0.0,0.0,-1.5828243580017765,0.027268235316877026,-0.02946081292832859,0.0,0.0,0.0
216,216,0.5071094195738083,1.1046729002792741,1.0146340544292425,0.0,0.0,0.0,0.8661348435537988,-0.7023479787844613,1.124038341836633,0.0,0.0,0.0
217,217,0.9821220470618046,0.7147997236606993,-1.0155993718830023,0.0,0.0,0.0,-0.25906718730869294,-0.5826304750134663,-1.4492654575628907,0.0,0.0,0.0
218,218,-0.6554456899049789,1.439132820649547,0.07894375563459993,0.0,0.0,0.0,-1.0427981025123023,0.0141584580691778,1.1913505361149066,0.0,0.0,0.0
219,219,1.2825838246169772,0.803893571686419,0.46441178136603095,0.0,0.0,0.0,1.261274963197075,-0.9481548698051087,-0.1308902384309256,0.0,0.0,0.0
220,220,0.07217490889903162,1.0616775038560862,-1.1724231764899382,0.0,0.0,0.0,-1.3429046620460072,-0.08492917768303841,-0.8344690215176426,0.0,0.0,0.0
221,221,-0.042921911113110466,1.3463706464290437,0.8320986939180158,0.0,0.0,0.0,0.2059783625732103,-0.35371844611009223,1.5295099278764264,0.0,0.0,0.0
222,222,1.3206058494059496,0.7197017539408177,-0.49494850270379825,0.0,0.0,0.0,0.5472089072190452,-0.783308192840573,-1.262511438098049,0.0,0.0,0.0
223,223,-0.5385843613409099,1.3943530933301074,-0.522159727745443,0.0,0.0,0.0,-1.4985299949614588,0.16194580799656239,0.4848977767659708,0.0,0.0,0.0
224,224,0.8530812207508554,1.0627449090561256,0.8060832050830409,0.0,0.0,0.0,1.1965508322061047,-0.7632604350020724,0.7018860724838162,0.0,0.0,0.0
225,225,0.6525948039683206,0.9280875060040776,-1.104408460431244,0.0,0.0,0.0,-0.7174870600656397,-0.3048892159815831,-1.3781144107279086,0.0,0.0,0.0
226,226,-0.39515366710353256,1.4860805891985005,0.377309562854558,0.0,0.0,0.0,-0.5806955729571228,-0.012957789072331149,1.4729457531388541,0.0,0.0,0.0
227,227,1.336476262353733,0.8456311229564311,0.07538997607024119,0.0,0.0,0.0,1.1530675901857577,-0.8641395934634333,-0.6562334492476688,0.0,0.0,0.0
228,228,-0.1477381422651902,1.274026525296644,-0.9284257097905142,0.0,0.0,0.0,-1.5313881556784117,0.14073684447539112,-0.37681282050165626,0.0,0.0,0.0
229,229,0.3425762340265828,1.3125035444287252,0.8166519541283348,0.0,0.0,0.0,0.7089131476573381,-0.44926715487739843,1.3425891467855544,0.0,0.0,0.0
230,230,1.0819877471562465,0.8816667147135503,-0.7476033464407422,0.0,0.0,0.0,0.1075675962715732,-0.5457244630617741,-1.4824164283654324,0.0,0.0,0.0
231,231,-0.4494420282352662,1.5085016996884646,-0.17137365530388174,0.0,0.0,0.0,-1.2374797831315456,0.22902321298787898,0.9607999785037685,0.0,0.0,0.0
232,232,1.069123881794051,1.0559295782955058,0.49893015092067305,0.0,0.0,0.0,1.3668811312112783,-0.7782490654179417,0.1814078547199818,0.0,0.0,0.0
233,233,0.3610751372156482,1.1464742004327886,-1.0306144271579596,0.0,0.0,0.0,-1.1160771318765348,-0.027366136087671064,-1.1227499163826773,0.0,0.0,0.0
234,234,-0.06136755807639983,1.490192271396663,0.5315124283822763,0.0,0.0,0.0,-0.04665264799771696,-0.08580895259910512,1.5803179422281062,0.0,0.0,0.0
235,235,1.2422338560830954,0.9463416952922082,-0.26122191139302053,0.0,0.0,0.0,0.8783195794674855,-0.7121733119137125,-1.108290726552083,0.0,0.0,0.0
236,236,-0.219681168248765,1.441124442687209,-0.6179360561140358,0.0,0.0,0.0,-1.5453846418202326,0.3116364821860126,0.1470151564849986,0.0,0.0,0.0
237,237,0.655417585490882,1.287081565970556,0.6486858065408202,0.0,0.0,0.0,1.1204546460690261,-0.5318501448655661,0.9842059001795507,0.0,0.0,0.0
238,238,0.8030974331406577,1.0766307548075023,-0.8383586196401541,0.0,0.0,0.0,-0.37168164455846303,-0.272433318661493,-1.5147862180587834,0.0,0.0,0.0
239,239,-0.2262335137754719,1.5644852454802043,0.09027047335080185,0.0,0.0,0.0,-0.8261729751923075,0.23023728644078015,1.330929544128354,0.0,0.0,0.0
240,240,1.1241078171607637,1.1032415607353279,0.16181507502013318,0.0,0.0,0.0,1.3544676168993897,-0.7315225190260742,-0.37045475211969586,0.0,0.0,0.0
241,241,0.1761486095229594,1.3423726288491082,-0.8209456968151377,0.0,0.0,0.0,-1.3947398278706702,0.22480916907540602,-0.7149168444583947,0.0,0.0,0.0
242,242,0.27568966956016633,1.4730513035800596,0.5109398277276131,0.0,0.0,0.0,0.4930061380443785,-0.18298710005415805,1.4934540881807405,0.0,0.0,0.0
243,243,1.0338398929704968,1.1022757260880693,-0.4723428244603711,0.0,0.0,0.0,0.47508674449646143,-0.4988004620086796,-1.4256349914136899,0.0,0.0,0.0
244,244,-0.1217230322599247,1.5462679869580056,-0.3180931630288781,0.0,0.0,0.0,-1.3748471152732078,0.4160272209549917,0.666078978416851,0.0,0.0,0.0
245,245,0.8277718523012951,1.2988250885554846,0.36713974766558694,0.0,0.0,0.0,1.387621780054899,-0.5775250175856232,0.4979107289659757,0.0,0.0,0.0
246,246,0.5618366129667008,1.2793343879839172,-0.7447063773671818,0.0,0.0,0.0,-0.82213894036458,0.012865652146801312,-1.353095148971599,0.0,0.0,0.0
247,247,0.08656321302657255,1.5696773937372686,0.18858455445800196,0.0,0.0,0.0,-0.31285672486741417,0.17671351794950965,1.5420238152241923,0.0,0.0,0.0
248,248,1.001641954391035,1.2204341116505686,-0.11915711796961884,0.0,0.0,0.0,1.1622791082711768,-0.6158298708132588,-0.8813655819975692,0.0,0.0,0.0
249,249,0.16950273047663408,1.484626245336819,-0.5235438667938871,0.0,0.0,0.0,-1.5095744488246299,0.4297634316732443,-0.20840542385380104,0.0,0.0,0.0
250,250,0.5279702484342061,1.463585341510704,0.29344472958761403,0.0,0.0,0.0,0.9703084111099262,-0.2793640328226713,1.2195908202892536,0.0,0.0,0.0
251,251,0.7618364281688377,1.3052285965398365,-0.4721525303638921,0.0,0.0,0.0,6.550523826946166e-05,-0.23933154502663886,-1.5651405213921386,0.0,0.0,0.0
252,252,0.17202127748382878,1.5685735049983114,-0.13011642459572365,0.0,0.0,0.0,-1.0356832434379135,0.4514261913651414,1.1092876351293728,0.0,0.0,0.0
253,253,0.7607267003391565,1.3884815177345142,0.01893163332069802,0.0,0.0,0.0,1.4772218594411013,-0.5672928685909555,-0.05421091840811069,0.0,0.0,0.0
254,254,0.47318167659708116,1.4558184201433275,-0.40451980537866394,0.0,0.0,0.0,-1.1787460582078746,0.2845313820425528,-1.0181080823428241,0.0,0.0,0.0
255,255,0.4625106406016526,1.5133936854358374,-0.05165176330593973,0.0,0.0,0.0,0.2393775084697384,0.08739670523532224,1.5626914822805749,0.0,0.0,0.0
256,256,1.674159460028291,-1.8543394656354621,1.945865623917102,0.0,0.0,0.0,0.2124208102109286,-2.361218210190758,-2.0993579354199237,0.0,0.0,0.0
257,257,1.7313787662615596,-1.2566122236927155,2.334744325351787,0.0,0.0,0.0,-1.9318179016250696,0.8622554081828747,2.3563473818132206,0.0,0.0,0.0
258,258,2.170866872765401,-1.726890776774371,1.5274040210694413,0.0,0.0,0.0,2.56249513998771,1.1554632707033483,-1.4581841671588036,0.0,0.0,0.0
259,259,1.1581133462831485,-1.875077392440351,2.273903258117562,0.0,0.0,0.0,-1.9699135404635895,-2.4554873926203844,-0.34322017064601035,0.0,0.0,0.0
260,260,2.2224568643514635,-0.8937800367476056,2.071139905889082,0.0,0.0,0.0,0.17105089277167695,2.6196135057724157,1.770916274196635,0.0,0.0,0.0
261,261,1.7099439490303265,-2.2804396899779196,1.3796609327315548,0.0,0.0,0.0,1.4955930325907174,-1.2095931192226401,-2.5155245466011795,0.0,0.0,0.0
262,262,1.1840594325491256,-1.1852398618004347,2.6871895184278416,0.0,0.0,0.0,-2.64590089355522,-0.5922829384227842,1.6359056085528547,0.0,0.0,0.0
263,263,2.574353119253475,-1.2473643092004372,1.358148031431237,0.0,0.0,0.0,2.0866659794398297,2.3681634421303968,-0.25574358127478297,0.0,0.0,0.0
264,264,0.9344867087205098,-2.3628779657702554,1.8897936627737568,0.0,0.0,0.0,-0.8006699095098198,-2.5684769442267674,-1.6702190457358543,0.0,0.0,0.0
265,265,1.8754361457547681,-0.5014508690014312,2.5018121566040747,0.0,0.0,0.0,-1.3218192785134788,1.794577945413856,2.2494580615210436,0.0,0.0,0.0
266,266,2.188727357857433,-2.1038005705736462,0.9007072165682602,0.0,0.0,0.0,2.281340040925732,0.33914837332862585,-2.1698487911131616,0.0,0.0,0.0
267,267,0.6166805313579313,-1.6317881074201113,2.6428678499849583,0.0,0.0,0.0,-2.5576026981300766,-1.8294767569155217,0.3734447913431663,0.0,0.0,0.0
268,268,2.642053792472984,-0.5633553287458613,1.6522591531023485,0.0,0.0,0.0,0.926209019980373,2.8639662157033356,0.9836727831828201,0.0,0.0,0.0
269,269,1.188549627633962,-2.666415909996327,1.2269285860747372,0.0,0.0,0.0,0.57509531985134,-1.8429043359974424,-2.510128833188575,0.0,0.0,0.0
270,270,1.1798022802756023,-0.5563121888597816,2.8855434680039482,0.0,0.0,0.0,-2.4348557763388143,0.45091812851470536,1.9738105196710318,0.0,0.0,0.0
271,271,2.6973731406578505,-1.4767784812863856,0.7556991696599942,0.0,0.0,0.0,2.3015176953439185,1.8139066616329085,-1.2002236036090526,0.0,0.0,0.0
272,272,0.3483405452927461,-2.2782869041388962,2.171599738601034,0.0,0.0,0.0,-1.7214896781858684,-2.4397612118228085,-1.0544269983939794,0.0,0.0,0.0
273,273,2.253522424994836,-0.04065344216229196,2.2243564811970846,0.0,0.0,0.0,-0.5706860466370658,2.510687669179346,1.843513667365193,0.0,0.0,0.0
274,274,1.7982756894011507,-2.538355004396678,0.5922298492316015,0.0,0.0,0.0,1.699439763833377,-0.4933385382545261,-2.6260806068231357,0.0,0.0,0.0
275,275,0.430580682846986,-1.0713537892683067,2.948657170906307,0.0,0.0,0.0,-2.8418878497944453,-0.9635708969766722,1.0114259011158453,0.0,0.0,0.0
276,276,2.9236952004280194,-0.6198986313128534,1.046666059279816,0.0,0.0,0.0,1.5334753565051373,2.7700037127217354,0.05753729448771797,0.0,0.0,0.0
277,277,0.544860961236174,-2.7915542158407707,1.392167148980373,0.0,0.0,0.0,-0.42993111824064933,-2.215951026510276,-2.220922794568538,0.0,0.0,0.0
278,278,1.4747145466718434,0.05373246563990231,2.8018043482242727,0.0,0.0,0.0,-1.9512170246458531,1.4474639411859183,2.031102665907471,0.0,0.0,0.0
279,279,2.504160145930331,-1.920211090253892,0.26410056826495143,0.0,0.0,0.0,2.1980417327806103,1.0686724818298392,-2.0135365517646284,0.0,0.0,0.0
280,280,-0.06078397959879782,-1.8665956749544708,2.5573235367905878,0.0,0.0,0.0,-2.4442101025582335,-1.9823110450442816,-0.3522182178784106,0.0,0.0,0.0
281,281,2.6734114210191824,0.14695817618962337,1.6908732791587133,0.0,0.0,0.0,0.20561829628967415,2.9318250904786,1.1789404280237419,0.0,0.0,0.0
282,282,1.1777934033824438,-2.8859051621351965,0.5586876335376937,0.0,0.0,0.0,0.88258347763769,-1.2182562288664662,-2.7865168120050416,0.0,0.0,0.0
283,283,0.5417153785354556,-0.3759591720895609,3.0972531261325162,0.0,0.0,0.0,-2.8042137355609205,0.0378847098073969,1.4706215868849484,0.0,0.0,0.0
284,284,2.990408725793121,-0.9591521219524876,0.4065226161139463,0.0,0.0,0.0,1.8996674858317386,2.368437790934487,-0.8997464373393285,0.0,0.0,0.0
285,285,-0.07064557709156498,-2.6308072025831075,1.7611474790692478,0.0,0.0,0.0,-1.4001885988702132,-2.2699083487330642,-1.707268506622063,0.0,0.0,0.0
286,286,1.9377663873010516,0.5171167857424547,2.4505977711381663,0.0,0.0,0.0,-1.27835343927461,2.2796574890449466,1.7879463064347845,0.0,0.0,0.0
287,287,2.0343353109580242,-2.4265807072626275,-0.031043380741294598,0.0,0.0,0.0,1.7803746545627244,0.24778915033578805,-2.60703747654771,0.0,0.0,0.0
288,288,-0.22497792648612233,-1.217386212934446,2.9146412333096605,0.0,0.0,0.0,-2.891666435942337,-1.2491405430049427,0.32510137622529417,0.0,0.0,0.0
289,289,3.0023413803367274,0.043949992562630276,1.0058789250348295,0.0,0.0,0.0,0.888822214104603,3.021202218463782,0.33182827580155944,0.0,0.0,0.0
290,290,0.45040950800204416,-3.0362783043078774,0.7784106317672959,0.0,0.0,0.0,-0.0713648967493765,-1.7282347169609753,-2.652525135104377,0.0,0.0,0.0
291,291,0.9019695300978522,0.31402659881450257,3.019207849713196,0.0,0.0,0.0,-2.4712024420450813,1.052818576306286,1.677053759893389,0.0,0.0,0.0
292,292,2.7924183722069373,-1.4860611364893748,-0.14764725170077697,0.0,0.0,0.0,1.9664181925582054,1.7325905833624533,-1.7773877292750728,0.0,0.0,0.0
293,293,-0.5396226369844098,-2.1852114330781305,2.227428153758576,0.0,0.0,0.0,-2.2227547930238463,-1.9913126241404884,-1.0591567120997558,0.0,0.0,0.0
294,294,2.4460845900879407,0.7429605915357411,1.868811792374207,0.0,0.0,0.0,-0.5250026986043569,2.8543573371417845,1.266804695334182,0.0,0.0,0.0
295,295,1.350938430263368,-2.8629383237196566,-0.07954426423415996,0.0,0.0,0.0,1.0965855692562942,-0.5244186030957675,-2.9240832744269887,0.0,0.0,0.0
296,296,-0.11596321105787308,-0.43541635493716674,3.134444593431523,0.0,0.0,0.0,-3.0263736567676545,-0.3311333023851582,0.8713156738128832,0.0,0.0,0.0
297,297,3.1373180303157313,-0.3269859875002544,0.2794521755006084,0.0,0.0,0.0,1.3754787810476188,2.7891037699328094,-0.5972738577839084,0.0,0.0,0.0
298,298,-0.26101153756174283,-2.919880470456886,1.1974760094723622,0.0,0.0,0.0,-1.0468192644105936,-1.9477368118501952,-2.2667749154206343,0.0,0.0,0.0
299,299,1.4325835592078584,0.8743557253300982,2.6853275757768444,0.0,0.0,0.0,-1.9105364706814467,1.9592278689196767,1.593441034240761,0.0,0.0,0.0
300,300,2.3243355822526013,-2.0868419555649593,-0.5199351222277661,0.0,0.0,0.0,1.7184360944427064,0.9675084639723883,-2.477636482459849,0.0,0.0,0.0
301,301,-0.7765188742823202,-1.4994515476476602,2.678888066324922,0.0,0.0,0.0,-2.807434922275489,-1.4137406187200607,-0.3839588492622071,0.0,0.0,0.0
302,302,2.879157350295186,0.6846824977826881,1.1266945492141993,0.0,0.0,0.0,0.1906821431609221,3.116354963941088,0.5289138273452678,0.0,0.0,0.0
303,303,0.5468645585829602,-3.1165445911518717,0.1259632632381328,0.0,0.0,0.0,0.2314078928441189,-1.1327614471314953,-2.9480637151831925,0.0,0.0,0.0
304,304,0.24857760678461227,0.35925229370264833,3.136387211527356,0.0,0.0,0.0,-2.85572247285688,0.6564280935694576,1.2007202395856726,0.0,0.0,0.0
305,305,3.012433520172436,-0.9004122933366653,-0.37719990231631606,0.0,0.0,0.0,1.5919326661662028,2.291076994468645,-1.4981636658146567,0.0,0.0,0.0
306,306,-0.8416688918963665,-2.514294405540833,1.7313852536156513,0.0,0.0,0.0,-1.9274397159215726,-1.843854063508367,-1.7067384426822911,0.0,0.0,0.0
307,307,2.029392324823211,1.207008150512706,2.110089072599131,0.0,0.0,0.0,-1.2208019339526288,2.652978974221379,1.2243867763719603,0.0,0.0,0.0
308,308,1.6261140175744906,-2.6389063018686647,-0.647846053907349,0.0,0.0,0.0,1.185439787205323,0.19439955984275123,-2.9299691294962935,0.0,0.0,0.0
309,309,-0.7369162065533643,-0.6573840305678188,3.008750325073706,0.0,0.0,0.0,-3.0997887197966016,-0.6125702615694376,0.20939280078412872,0.0,0.0,0.0
310,310,3.1315661859170496,0.34444146277673615,0.3200485583452759,0.0,0.0,0.0,0.758491748453669,3.0561861084408344,-0.334954498191457,0.0,0.0,0.0
311,311,-0.2660877549487356,-3.1071753123141783,0.5499424178669551,0.0,0.0,0.0,-0.7064369358817432,-1.4879973640903705,-2.704549588718951,0.0,0.0,0.0
312,312,0.8080903396731772,1.0457236505195608,2.8777126033411773,0.0,0.0,0.0,-2.430573772372433,1.5909466348729473,1.2605465956478588,0.0,0.0,0.0
313,313,2.6060081440606124,-1.5772186028987696,-0.8653789976175417,0.0,0.0,0.0,1.5049226546066183,1.619449568806236,-2.267238116189561,0.0,0.0,0.0
314,314,-1.1991179782764607,-1.8458487992758976,2.276562334341764,0.0,0.0,0.0,-2.6132429830961015,-1.4308392697593135,-1.0730507318721456,0.0,0.0,0.0
315,315,2.5770578502286416,1.2521894088834835,1.3485445111722072,0.0,0.0,0.0,-0.5167549179317722,3.0630087825180246,0.61540176370279,0.0,0.0,0.0
316,316,0.7764614654418659,-3.02739713381563,-0.5096586746112574,0.0,0.0,0.0,0.43745732729468095,-0.4673462559137471,-3.101289464341779,0.0,0.0,0.0
317,317,-0.4223909820032599,0.23042614625997374,3.1298989484007023,0.0,0.0,0.0,-3.0889125004109457,0.30643858179306244,0.6264924086941366,0.0,0.0,0.0
318,318,3.1270934355296047,-0.22850848696961915,-0.44367588914457967,0.0,0.0,0.0,1.0923912004439407,2.7112103279016697,-1.2181123925277548,0.0,0.0,0.0
319,319,-0.973353247025988,-2.7974616194865076,1.1200757660808565,0.0,0.0,0.0,-1.6004920208104212,-1.5398587170510807,-2.2572191299476665,0.0,0.0,0.0
320,320,1.4688317342508181,1.5194015143785211,2.358332069984996,0.0,0.0,0.0,-1.837429183295507,2.3607259313901907,1.0385590262443678,0.0,0.0,0.0
321,321,1.9425962333230422,-2.239637960381911,-1.1127081640992873,0.0,0.0,0.0,1.1262506123983211,0.8893875075025978,-2.822822558597767,0.0,0.0,0.0
322,322,-1.2760966676248313,-0.9846679822559179,2.725763019294704,0.0,0.0,0.0,-3.0353539159535683,-0.7676860141815114,-0.47440759510484765,0.0,0.0,0.0
323,323,2.9661126089877703,0.9961884893327005,0.4874035928083794,0.0,0.0,0.0,0.08785491733968988,3.1616934799486343,-0.1541221272473733,0.0,0.0,0.0
324,324,-0.11950995275223059,-3.161870783757251,-0.12676078168421923,0.0,0.0,0.0,-0.42585037040322576,-0.9179376116598766,-3.0006365626122267,0.0,0.0,0.0
325,325,0.12061266426376958,1.0435376395366358,2.9873499222299396,0.0,0.0,0.0,-2.8088171214051303,1.2231010993037554,0.8014660673672138,0.0,0.0,0.0
326,326,2.829500413548456,-0.9459725964336795,-1.0615276888915157,0.0,0.0,0.0,1.1432469107003629,2.1597729367118585,-2.0139873735400715,0.0,0.0,0.0
327,327,-1.4747152272406912,-2.1977453184216316,1.7386512852374865,0.0,0.0,0.0,-2.3440353326228154,-1.2843767693584895,-1.6981320477235626,0.0,0.0,0.0
328,328,2.1183961830997524,1.7073857403465593,1.6201880516925669,0.0,0.0,0.0,-1.1852950280455639,2.881661358767229,0.5646957478465696,0.0,0.0,0.0
329,329,1.0886602676725217,-2.7691780504428967,-1.0836279455118334,0.0,0.0,0.0,0.5108128011959056,0.22150660779742132,-3.1173358629756587,0.0,0.0,0.0
330,330,-1.0587011111392925,-0.033570435114589056,2.9842591645023675,0.0,0.0,0.0,-3.1662375078940195,0.05091712482807602,-0.011192308163808253,0.0,0.0,0.0
331,331,3.109404737457344,0.4729277503434476,-0.3684010035146968,0.0,0.0,0.0,0.49740722581990926,2.9688562479820084,-0.9829834221786534,0.0,0.0,0.0
332,332,-0.9464323468584647,-2.989720994765321,0.44001359528673717,0.0,0.0,0.0,-1.2903048928670422,-1.0921697145396425,-2.677696094750764,0.0,0.0,0.0
333,333,0.8082066948015733,1.6699491043959656,2.5662910405803063,0.0,0.0,0.0,-2.333182720984046,2.020990125281652,0.7068486979356035,0.0,0.0,0.0
334,334,2.2477141038882937,-1.6944777144686667,-1.4506220597069426,0.0,0.0,0.0,0.906187190896003,1.5092824407286998,-2.6322365142444464,0.0,0.0,0.0
335,335,-1.699413325892538,-1.3641991205895958,2.2975493215422302,0.0,0.0,0.0,-2.856226492997495,-0.7644253580950455,-1.1337556484349773,0.0,0.0,0.0
336,336,2.6428793168512996,1.579364424569729,0.740658294168682,0.0,0.0,0.0,-0.5891433848397218,3.109975362570549,-0.09349381830635899,0.0,0.0,0.0
337,337,0.14229172975109583,-3.0646179202142,-0.7846322989172416,0.0,0.0,0.0,-0.2517266737277651,-0.27643576474592596,-3.144518202755553,0.0,0.0,0.0
338,338,-0.5783461165264574,0.8876624008640597,2.9841831393781346,0.0,0.0,0.0,-3.02392133163272,0.9089441321700664,0.23978766116697578,0.0,0.0,0.0
339,339,2.9552783383136925,-0.2413128442986551,-1.1116995241647247,0.0,0.0,0.0,0.6489899086833224,2.5488333712682048,-1.7635300739410418,0.0,0.0,0.0
340,340,-1.596221452066696,-2.5041033163599278,1.099691517979029,0.0,0.0,0.0,-2.044560841948501,-0.9694439530042837,-2.2153390628325926,0.0,0.0,0.0
341,341,1.5318305604854867,2.0230972310134554,1.8942941972107006,0.0,0.0,0.0,-1.7642673590095554,2.605195291362565,0.35790495603370787,0.0,0.0,0.0
342,342,1.4344654700120365,-2.352498317031048,-1.5607172266195306,0.0,0.0,0.0,0.4215432789281544,0.8799571908081942,-3.012599273732431,0.0,0.0,0.0
343,343,-1.6168940643537415,-0.3903315471611733,2.694637757789742,0.0,0.0,0.0,-3.0945867599851544,-0.06343468940013654,-0.6687948884845135,0.0,0.0,0.0
344,344,2.944143794125219,1.1522618327567589,-0.17913058377541194,0.0,0.0,0.0,-0.15239732419277496,3.0491660690707936,-0.8409156417643616,0.0,0.0,0.0
345,345,-0.7815895509150963,-3.0573739274688476,-0.2633632838718735,0.0,0.0,0.0,-1.0503609538071736,-0.5260948832163893,-2.9407046465649254,0.0,0.0,0.0
346,346,0.09287891792070813,1.6603753036854343,2.6948664410829535,0.0,0.0,0.0,-2.6696466748257444,1.6865593758930355,0.2372380259082944,0.0,0.0,0.0
347,347,2.495491764327045,-1.039304865399277,-1.649285914779789,0.0,0.0,0.0,0.5223326001556656,2.001102795767449,-2.3980271127207975,0.0,0.0,0.0
348,348,-1.9844324224795142,-1.7451292786473231,1.7448007161786936,0.0,0.0,0.0,-2.597123489083194,-0.577417398016917,-1.7173574201887714,0.0,0.0,0.0
349,349,2.1745392885816006,2.055023195960457,1.0373217072042882,0.0,0.0,0.0,-1.2176865006031272,2.9170598113682797,-0.18915448952295214,0.0,0.0,0.0
350,350,0.47853105415998554,-2.8087446607232254,-1.381933152804805,0.0,0.0,0.0,-0.2306523367939692,0.38671141636112155,-3.1344906376866377,0.0,0.0,0.0
351,351,-1.2416049558618587,0.6069182543229923,2.849183241545992,0.0,0.0,0.0,-3.062044207028567,0.7066530242742965,-0.39026216219934634,0.0,0.0,0.0
352,352,2.954664630981234,0.48793504454556585,-1.0293950109120265,0.0,0.0,0.0,0.04893395172963769,2.7502763533982555,-1.5688732345426255,0.0,0.0,0.0
353,353,-1.5684125800226625,-2.721984260009103,0.3983232918711553,0.0,0.0,0.0,-1.7691153603008256,-0.4909120103281397,-2.5801189929576864,0.0,0.0,0.0
354,354,0.8527959918588767,2.184855203280405,2.127657048193081,0.0,0.0,0.0,-2.1995104418911695,2.278073337328804,-0.017704901045757164,0.0,0.0,0.0
355,355,1.7667145295085633,-1.7987601613107989,-1.915974799172005,0.0,0.0,0.0,0.14375008003760278,1.4461336072148174,-2.813505159464039,0.0,0.0,0.0
356,356,-2.063051783650205,-0.7941540434807292,2.2673584787057033,0.0,0.0,0.0,-2.8904255920304758,0.011019659104211417,-1.293482215496689,0.0,0.0,0.0
357,357,2.628438332722026,1.7637941935722923,0.09010966405356886,0.0,0.0,0.0,-0.805633275679807,2.9437309147444397,-0.8445005058926913,0.0,0.0,0.0
358,358,-0.5082878754081547,-2.9788534927754653,-0.9464951569079462,0.0,0.0,0.0,-0.9413997056171982,0.12215953287127782,-3.021029860916679,0.0,0.0,0.0
359,359,-0.6311447732555499,1.504466437315199,2.7140403077224255,0.0,0.0,0.0,-2.8077164233767054,1.4208918439557505,-0.3543622883977302,0.0,0.0,0.0
360,360,2.6478019278334783,-0.3157316484537027,-1.7079918778740564,0.0,0.0,0.0,-0.022068244597030853,2.305875274985252,-2.1703064268784305,0.0,0.0,0.0
361,361,-2.121007193787206,-2.080200800123897,1.0962987242647613,0.0,0.0,0.0,-2.3033398881289737,-0.18248318457546864,-2.1654336805496777,0.0,0.0,0.0
362,362,1.58411134157171,2.395286036074125,1.3345313187220087,0.0,0.0,0.0,-1.7320771013385405,2.607086128850703,-0.4804046310462222,0.0,0.0,0.0
363,363,0.8454056578016967,-2.400376300270737,-1.8844788851598129,0.0,0.0,0.0,-0.4161024453475776,1.0095251052588228,-2.97245615519988,0.0,0.0,0.0
364,364,-1.8278788183812908,0.23798867578657043,2.5748782870784575,0.0,0.0,0.0,-2.90948762809055,0.6861844788375783,-1.044897306316822,0.0,0.0,0.0
365,365,2.8107270021415127,1.19412233593242,-0.8376534749033213,0.0,0.0,0.0,-0.6222148406167952,2.721089796850268,-1.495425286449078,0.0,0.0,0.0
366,366,-1.407535718509436,-2.8180611729013925,-0.32427180676629425,0.0,0.0,0.0,-1.5856710606193254,0.14442331137029318,-2.7372553721574726,0.0,0.0,0.0
367,367,0.1219347124517216,2.191224458827731,2.2828589695143586,0.0,0.0,0.0,-2.4220338316559005,1.9560791606470038,-0.579037316029352,0.0,0.0,0.0
368,368,2.042025764740776,-1.139012574722314,-2.1355465128432627,0.0,0.0,0.0,-0.35831827040427355,1.8402177597005513,-2.5520549350934627,0.0,0.0,0.0
369,369,-2.374051109727965,-1.1981197742988194,1.7193510731061543,0.0,0.0,0.0,-2.5710384979687784,0.3401437297559409,-1.8170968776672007,0.0,0.0,0.0
370,370,2.171578269723329,2.269678876487777,0.4007285787766305,0.0,0.0,0.0,-1.3967549705174866,2.6340652368497173,-1.0670302985914994,0.0,0.0,0.0
371,371,-0.16315306311834044,-2.7454035817616105,-1.5696872392305883,0.0,0.0,0.0,-1.048919732139258,0.8108944098799162,-2.875759974217621,0.0,0.0,0.0
372,372,-1.3194451204088866,1.2270661510479917,2.6040643258067124,0.0,0.0,0.0,-2.681865524002362,1.3109023714488723,-1.0568396574007712,0.0,0.0,0.0
373,373,2.676020738787874,0.43111984377492035,-1.6373229564256437,0.0,0.0,0.0,-0.7387202332837707,2.329100776119186,-2.014288899184002,0.0,0.0,0.0
374,374,-2.111424462064727,-2.3280308556315115,0.3872168048781127,0.0,0.0,0.0,-2.028885742662368,0.47760807186046744,-2.3839653836985186,0.0,0.0,0.0
375,375,0.9034547312307835,2.5844475150386192,1.5912819889589467,0.0,0.0,0.0,-2.0299226819565916,2.1926705607517247,-1.0485168072322926,0.0,0.0,0.0
376,376,1.1985029706139563,-1.857718198686152,-2.2672122753411346,0.0,0.0,0.0,-0.916915080350816,1.5048948581993267,-2.631033253105747,0.0,0.0,0.0
377,377,-2.3038176817008695,-0.17679784297377849,2.1653970513418495,0.0,0.0,0.0,-2.5023465623358594,0.9804061363135258,-1.6747666307884257,0.0,0.0,0.0
378,378,2.5188398922848645,1.8333504427524259,-0.567494078252435,0.0,0.0,0.0,-1.3430715575367809,2.3374438410690943,-1.661412910429435,0.0,0.0,0.0
379,379,-1.1400472528149943,-2.770174889499971,-1.0267429671979897,0.0,0.0,0.0,-1.6115535871938924,0.9887013868427007,-2.5403036001658426,0.0,0.0,0.0
380,380,-0.6173632621769342,2.053479715858473,2.3302063077825923,0.0,0.0,0.0,-2.2480589297420517,1.7057230769855667,-1.4368429318487232,0.0,0.0,0.0
381,381,2.223169537805447,-0.41187296876205765,-2.2171277909797547,0.0,0.0,0.0,-1.2668394434634733,1.8673573732405127,-2.2216822551497266,0.0,0.0,0.0
382,382,-2.538577439632073,-1.5568595740424902,1.076842898226582,0.0,0.0,0.0,-2.0497513426709024,1.2071439102689638,-2.090239409942582,0.0,0.0,0.0
383,383,1.59410119825652,2.6419132308789504,0.7119786710159194,0.0,0.0,0.0,-1.808437264209625,1.833475556507325,-1.842742473289712,0.0,0.0,0.0
384,384,0.2124208102109286,-2.361218210190758,-2.0993579354199237,0.0,0.0,0.0,1.674159460028291,-1.8543394656354621,1.945865623917102,0.0,0.0,0.0
385,385,-1.9318179016250696,0.8622554081828747,2.3563473818132206,0.0,0.0,0.0,1.7313787662615596,-1.2566122236927155,2.334744325351787,0.0,0.0,0.0
386,386,2.56249513998771,1.1554632707033483,-1.4581841671588036,0.0,0.0,0.0,2.170866872765401,-1.726890776774371,1.5274040210694413,0.0,0.0,0.0
387,387,-1.9699135404635895,-2.4554873926203844,-0.34322017064601035,0.0,0.0,0.0,1.1581133462831485,-1.875077392440351,2.273903258117562,0.0,0.0,0.0
388,388,0.17105089277167695,2.6196135057724157,1.770916274196635,0.0,0.0,0.0,2.2224568643514635,-0.8937800367476056,2.071139905889082,0.0,0.0,0.0
389,389,1.4955930325907174,-1.2095931192226401,-2.5155245466011795,0.0,0.0,0.0,1.7099439490303265,-2.2804396899779196,1.3796609327315548,0.0,0.0,0.0
390,390,-2.64590089355522,-0.5922829384227842,1.6359056085528547,0.0,0.0,0.0,1.1840594325491256,-1.1852398618004347,2.6871895184278416,0.0,0.0,0.0
391,391,2.0866659794398297,2.3681634421303968,-0.25574358127478297,0.0,0.0,0.0,2.574353119253475,-1.2473643092004372,1.358148031431237,0.0,0.0,0.0
392,392,-0.8006699095098198,-2.5684769442267674,-1.6702190457358543,0.0,0.0,0.0,0.9344867087205098,-2.3628779657702554,1.8897936627737568,0.0,0.0,0.0
393,393,-1.3218192785134788,1.794577945413856,2.2494580615210436,0.0,0.0,0.0,1.8754361457547681,-0.5014508690014312,2.5018121566040747,0.0,0.0,0.0
394,394,2.281340040925732,0.33914837332862585,-2.1698487911131616,0.0,0.0,0.0,2.188727357857433,-2.1038005705736462,0.9007072165682602,0.0,0.0,0.0
395,395,-2.5576026981300766,-1.8294767569155217,0.3734447913431663,0.0,0.0,0.0,0.6166805313579313,-1.6317881074201113,2.6428678499849583,0.0,0.0,0.0
396,396,0.926209019980373,2.8639662157033356,0.9836727831828201,0.0,0.0,0.0,2.642053792472984,-0.5633553287458613,1.6522591531023485,0.0,0.0,0.0
397,397,0.57509531985134,-1.8429043359974424,-2.510128833188575,0.0,0.0,0.0,1.188549627633962,-2.666415909996327,1.2269285860747372,0.0,0.0,0.0
398,398,-2.4348557763388143,0.45091812851470536,1.9738105196710318,0.0,0.0,0.0,1.1798022802756023,-0.5563121888597816,2.8855434680039482,0.0,0.0,0.0
399,399,2.3015176953439185,1.8139066616329085,-1.2002236036090526,0.0,0.0,0.0,2.6973731406578505,-1.4767784812863856,0.7556991696599942,0.0,0.0,0.0
400,400,-1.7214896781858684,-2.4397612118228085,-1.0544269983939794,0.0,0.0,0.0,0.3483405452927461,-2.2782869041388962,2.171599738601034,0.0,0.0,0.0
401,401,-0.5706860466370658,2.510687669179346,1.843513667365193,0.0,0.0,0.0,2.253522424994836,-0.04065344216229196,2.2243564811970846,0.0,0.0,0.0
402,402,1.699439763833377,-0.4933385382545261,-2.6260806068231357,0.0,0.0,0.0,1.7982756894011507,-2.538355004396678,0.5922298492316015,0.0,0.0,0.0
403,403,-2.8418878497944453,-0.9635708969766722,1.0114259011158453,0.0,0.0,0.0,0.430580682846986,-1.0713537892683067,2.948657170906307,0.0,0.0,0.0
404,404,1.5334753565051373,2.7700037127217354,0.05753729448771797,0.0,0.0,0.0,2.9236952004280194,-0.6198986313128534,1.046666059279816,0.0,0.0,0.0
405,405,-0.42993111824064933,-2.215951026510276,-2.220922794568538,0.0,0.0,0.0,0.544860961236174,-2.7915542158407707,1.392167148980373,0.0,0.0,0.0
406,406,-1.9512170246458531,1.4474639411859183,2.031102665907471,0.0,0.0,0.0,1.4747145466718434,0.05373246563990231,2.8018043482242727,0.0,0.0,0.0
407,407,2.1980417327806103,1.0686724818298392,-2.0135365517646284,0.0,0.0,0.0,2.504160145930331,-1.920211090253892,0.26410056826495143,0.0,0.0,0.0
408,408,-2.4442101025582335,-1.9823110450442816,-0.3522182178784106,0.0,0.0,0.0,-0.06078397959879782,-1.8665956749544708,2.5573235367905878,0.0,0.0,0.0
409,409,0.20561829628967415,2.9318250904786,1.1789404280237419,0.0,0.0,0.0,2.6734114210191824,0.14695817618962337,1.6908732791587133,0.0,0.0,0.0
410,410,0.88258347763769,-1.2182562288664662,-2.7865168120050416,0.0,0.0,0.0,1.1777934033824438,-2.8859051621351965,0.5586876335376937,0.0,0.0,0.0
411,411,-2.8042137355609205,0.0378847098073969,1.4706215868849484,0.0,0.0,0.0,0.5417153785354556,-0.3759591720895609,3.0972531261325162,0.0,0.0,0.0
412,412,1.8996674858317386,2.368437790934487,-0.8997464373393285,0.0,0.0,0.0,2.990408725793121,-0.9591521219524876,0.4065226161139463,0.0,0.0,0.0
413,413,-1.4001885988702132,-2.2699083487330642,-1.707268506622063,0.0,0.0,0.0,-0.07064557709156498,-2.6308072025831075,1.7611474790692478,0.0,0.0,0.0
414,414,-1.27835343927461,2.2796574890449466,1.7879463064347845,0.0,0.0,0.0,1.9377663873010516,0.5171167857424547,2.4505977711381663,0.0,0.0,0.0
415,415,1.7803746545627244,0.24778915033578805,-2.60703747654771,0.0,0.0,0.0,2.0343353109580242,-2.4265807072626275,-0.031043380741294598,0.0,0.0,0.0
416,416,-2.891666435942337,-1.2491405430049427,0.32510137622529417,0.0,0.0,0.0,-0.22497792648612233,-1.217386212934446,2.9146412333096605,0.0,0.0,0.0
417,417,0.888822214104603,3.021202218463782,0.33182827580155944,0.0,0.0,0.0,3.0023413803367274,0.043949992562630276,1.0058789250348295,0.0,0.0,0.0
418,418,-0.0713648967493765,-1.7282347169609753,-2.652525135104377,0.0,0.0,0.0,0.45040950800204416,-3.0362783043078774,0.7784106317672959,0.0,0.0,0.0
419,419,-2.4712024420450813,1.052818576306286,1.677053759893389,0.0,0.0,0.0,0.9019695300978522,0.31402659881450257,3.019207849713196,0.0,0.0,0.0
420,420,1.9664181925582054,1.7325905833624533,-1.7773877292750728,0.0,0.0,0.0,2.7924183722069373,-1.4860611364893748,-0.14764725170077697,0.0,0.0,0.0
421,421,-2.2227547930238463,-1.9913126241404884,-1.0591567120997558,0.0,0.0,0.0,-0.5396226369844098,-2.1852114330781305,2.227428153758576,0.0,0.0,0.0
422,422,-0.5250026986043569,2.8543573371417845,1.266804695334182,0.0,0.0,0.0,2.4460845900879407,0.7429605915357411,1.868811792374207,0.0,0.0,0.0
423,423,1.0965855692562942,-0.5244186030957675,-2.9240832744269887,0.0,0.0,0.0,1.350938430263368,-2.8629383237196566,-0.07954426423415996,0.0,0.0,0.0
424,424,-3.0263736567676545,-0.3311333023851582,0.8713156738128832,0.0,0.0,0.0,-0.11596321105787308,-0.43541635493716674,3.134444593431523,0.0,0.0,0.0
425,425,1.3754787810476188,2.7891037699328094,-0.5972738577839084,0.0,0.0,0.0,3.1373180303157313,-0.3269859875002544,0.2794521755006084,0.0,0.0,0.0
426,426,-1.0468192644105936,-1.9477368118501952,-2.2667749154206343,0.0,0.0,0.0,-0.26101153756174283,-2.919880470456886,1.1974760094723622,0.0,0.0,0.0
427,427,-1.9105364706814467,1.9592278689196767,1.593441034240761,0.0,0.0,0.0,1.4325835592078584,0.8743557253300982,2.6853275757768444,0.0,0.0,0.0
428,428,1.7184360944427064,0.9675084639723883,-2.477636482459849,0.0,0.0,0.0,2.3243355822526013,-2.0868419555649593,-0.5199351222277661,0.0,0.0,0.0
429,429,-2.807434922275489,-1.4137406187200607,-0.3839588492622071,0.0,0.0,0.0,-0.7765188742823202,-1.4994515476476602,2.678888066324922,0.0,0.0,0.0
430,430,0.1906821431609221,3.116354963941088,0.5289138273452678,0.0,0.0,0.0,2.879157350295186,0.6846824977826881,1.1266945492141993,0.0,0.0,0.0
431,431,0.2314078928441189,-1.1327614471314953,-2.9480637151831925,0.0,0.0,0.0,0.5468645585829602,-3.1165445911518717,0.1259632632381328,0.0,0.0,0.0
432,432,-2.85572247285688,0.6564280935694576,1.2007202395856726,0.0,0.0,0.0,0.24857760678461227,0.35925229370264833,3.136387211527356,0.0,0.0,0.0
433,433,1.5919326661662028,2.291076994468645,-1.4981636658146567,0.0,0.0,0.0,3.012433520172436,-0.9004122933366653,-0.37719990231631606,0.0,0.0,0.0
434,434,-1.9274397159215726,-1.843854063508367,-1.7067384426822911,0.0,0.0,0.0,-0.8416688918963665,-2.514294405540833,1.7313852536156513,0.0,0.0,0.0
435,435,-1.2208019339526288,2.652978974221379,1.2243867763719603,0.0,0.0,0.0,2.029392324823211,1.207008150512706,2.110089072599131,0.0,0.0,0.0
436,436,1.185439787205323,0.19439955984275123,-2.9299691294962935,0.0,0.0,0.0,1.6261140175744906,-2.6389063018686647,-0.647846053907349,0.0,0.0,0.0
437,437,-3.0997887197966016,-0.6125702615694376,0.20939280078412872,0.0,0.0,0.0,-0.7369162065533643,-0.6573840305678188,3.008750325073706,0.0,0.0,0.0
438,438,0.758491748453669,3.0561861084408344,-0.334954498191457,0.0,0.0,0.0,3.1315661859170496,0.34444146277673615,0.3200485583452759,0.0,0.0,0.0
439,439,-0.7064369358817432,-1.4879973640903705,-2.704549588718951,0.0,0.0,0.0,-0.2660877549487356,-3.1071753123141783,0.5499424178669551,0.0,0.0,0.0
440,440,-2.430573772372433,1.5909466348729473,1.2605465956478588,0.0,0.0,0.0,0.8080903396731772,1.0457236505195608,2.8777126033411773,0.0,0.0,0.0
441,441,1.5049226546066183,1.619449568806236,-2.267238116189561,0.0,0.0,0.0,2.6060081440606124,-1.5772186028987696,-0.8653789976175417,0.0,0.0,0.0
442,442,-2.6132429830961015,-1.4308392697593135,-1.0730507318721456,0.0,0.0,0.0,-1.1991179782764607,-1.8458487992758976,2.276562334341764,0.0,0.0,0.0
443,443,-0.5167549179317722,3.0630087825180246,0.61540176370279,0.0,0.0,0.0,2.5770578502286416,1.2521894088834835,1.3485445111722072,0.0,0.0,0.0
444,444,0.43745732729468095,-0.4673462559137471,-3.101289464341779,0.0,0.0,0.0,0.7764614654418659,-3.02739713381563,-0.5096586746112574,0.0,0.0,0.0
445,445,-3.0889125004109457,0.30643858179306244,0.6264924086941366,0.0,0.0,0.0,-0.4223909820032599,0.23042614625997374,3.1298989484007023,0.0,0.0,0.0
446,446,1.0923912004439407,2.7112103279016697,-1.2181123925277548,0.0,0.0,0.0,3.1270934355296047,-0.22850848696961915,-0.44367588914457967,0.0,0.0,0.0
447,447,-1.6004920208104212,-1.5398587170510807,-2.2572191299476665,0.0,0.0,0.0,-0.973353247025988,-2.7974616194865076,1.1200757660808565,0.0,0.0,0.0
448,448,-1.837429183295507,2.3607259313901907,1.0385590262443678,0.0,0.0,0.0,1.4688317342508181,1.5194015143785211,2.358332069984996,0.0,0.0,0.0
449,449,1.1262506123983211,0.8893875075025978,-2.822822558597767,0.0,0.0,0.0,1.9425962333230422,-2.239637960381911,-1.1127081640992873,0.0,0.0,0.0
450,450,-3.0353539159535683,-0.7676860141815114,-0.47440759510484765,0.0,0.0,0.0,-1.2760966676248313,-0.9846679822559179,2.725763019294704,0.0,0.0,0.0
451,451,0.08785491733968988,3.1616934799486343,-0.1541221272473733,0.0,0.0,0.0,2.9661126089877703,0.9961884893327005,0.4874035928083794,0.0,0.0,0.0
452,452,-0.42585037040322576,-0.9179376116598766,-3.0006365626122267,0.0,0.0,0.0,-0.11950995275223059,-3.161870783757251,-0.12676078168421923,0.0,0.0,0.0
453,453,-2.8088171214051303,1.2231010993037554,0.8014660673672138,0.0,0.0,0.0,0.12061266426376958,1.0435376395366358,2.9873499222299396,0.0,0.0,0.0
454,454,1.1432469107003629,2.1597729367118585,-2.0139873735400715,0.0,0.0,0.0,2.829500413548456,-0.9459725964336795,-1.0615276888915157,0.0,0.0,0.0
455,455,-2.3440353326228154,-1.2843767693584895,-1.6981320477235626,0.0,0.0,0.0,-1.4747152272406912,-2.1977453184216316,1.7386512852374865,0.0,0.0,0.0
456,456,-1.1852950280455639,2.881661358767229,0.5646957478465696,0.0,0.0,0.0,2.1183961830997524,1.7073857403465593,1.6201880516925669,0.0,0.0,0.0
457,457,0.5108128011959056,0.22150660779742132,-3.1173358629756587,0.0,0.0,0.0,1.0886602676725217,-2.7691780504428967,-1.0836279455118334,0.0,0.0,0.0
458,458,-3.1662375078940195,0.05091712482807602,-0.011192308163808253,0.0,0.0,0.0,-1.0587011111392925,-0.033570435114589056,2.9842591645023675,0.0,0.0,0.0
459,459,0.49740722581990926,2.9688562479820084,-0.9829834221786534,0.0,0.0,0.0,3.109404737457344,0.4729277503434476,-0.3684010035146968,0.0,0.0,0.0
460,460,-1.2903048928670422,-1.0921697145396425,-2.677696094750764,0.0,0.0,0.0,-0.9464323468584647,-2.989720994765321,0.44001359528673717,0.0,0.0,0.0
461,461,-2.333182720984046,2.020990125281652,0.7068486979356035,0.0,0.0,0.0,0.8082066948015733,1.6699491043959656,2.5662910405803063,0.0,0.0,0.0
462,462,0.906187190896003,1.5092824407286998,-2.6322365142444464,0.0,0.0,0.0,2.2477141038882937,-1.6944777144686667,-1.4506220597069426,0.0,0.0,0.0
463,463,-2.856226492997495,-0.7644253580950455,-1.1337556484349773,0.0,0.0,0.0,-1.699413325892538,-1.3641991205895958,2.2975493215422302,0.0,0.0,0.0
464,464,-0.5891433848397218,3.109975362570549,-0.09349381830635899,0.0,0.0,0.0,2.6428793168512996,1.579364424569729,0.740658294168682,0.0,0.0,0.0
465,465,-0.2517266737277651,-0.27643576474592596,-3.144518202755553,0.0,0.0,0.0,0.14229172975109583,-3.0646179202142,-0.7846322989172416,0.0,0.0,0.0
466,466,-3.02392133163272,0.9089441321700664,0.23978766116697578,0.0,0.0,0.0,-0.5783461165264574,0.8876624008640597,2.9841831393781346,0.0,0.0,0.0
467,467,0.6489899086833224,2.5488333712682048,-1.7635300739410418,0.0,0.0,0.0,2.9552783383136925,-0.2413128442986551,-1.1116995241647247,0.0,0.0,0.0
468,468,-2.044560841948501,-0.9694439530042837,-2.2153390628325926,0.0,0.0,0.0,-1.596221452066696,-2.5041033163599278,1.099691517979029,0.0,0.0,0.0
469,469,-1.7642673590095554,2.605195291362565,0.35790495603370787,0.0,0.0,0.0,1.5318305604854867,2.0230972310134554,1.8942941972107006,0.0,0.0,0.0
470,470,0.4215432789281544,0.8799571908081942,-3.012599273732431,0.0,0.0,0.0,1.4344654700120365,-2.352498317031048,-1.5607172266195306,0.0,0.0,0.0
471,471,-3.0945867599851544,-0.06343468940013654,-0.6687948884845135,0.0,0.0,0.0,-1.6168940643537415,-0.3903315471611733,2.694637757789742,0.0,0.0,0.0
472,472,-0.15239732419277496,3.0491660690707936,-0.8409156417643616,0.0,0.0,0.0,2.944143794125219,1.1522618327567589,-0.17913058377541194,0.0,0.0,0.0
473,473,-1.0503609538071736,-0.5260948832163893,-2.9407046465649254,0.0,0.0,0.0,-0.7815895509150963,-3.0573739274688476,-0.2633632838718735,0.0,0.0,0.0
474,474,-2.6696466748257444,1.6865593758930355,0.2372380259082944,0.0,0.0,0.0,0.09287891792070813,1.6603753036854343,2.6948664410829535,0.0,0.0,0.0
475,475,0.5223326001556656,2.001102795767449,-2.3980271127207975,0.0,0.0,0.0,2.495491764327045,-1.039304865399277,-1.649285914779789,0.0,0.0,0.0
476,476,-2.597123489083194,-0.577417398016917,-1.7173574201887714,0.0,0.0,0.0,-1.9844324224795142,-1.7451292786473231,1.7448007161786936,0.0,0.0,0.0
477,477,-1.2176865006031272,2.9170598113682797,-0.18915448952295214,0.0,0.0,0.0,2.1745392885816006,2.055023195960457,1.0373217072042882,0.0,0.0,0.0
478,478,-0.2306523367939692,0.38671141636112155,-3.1344906376866377,0.0,0.0,0.0,0.47853105415998554,-2.8087446607232254,-1.381933152804805,0.0,0.0,0.0
479,479,-3.062044207028567,0.7066530242742965,-0.39026216219934634,0.0,0.0,0.0,-1.2416049558618587,0.6069182543229923,2.849183241545992,0.0,0.0,0.0
480,480,0.04893395172963769,2.7502763533982555,-1.5688732345426255,0.0,0.0,0.0,2.954664630981234,0.48793504454556585,-1.0293950109120265,0.0,0.0,0.0
481,481,-1.7691153603008256,-0.4909120103281397,-2.5801189929576864,0.0,0.0,0.0,-1.5684125800226625,-2.721984260009103,0.3983232918711553,0.0,0.0,0.0
482,482,-2.1995104418911695,2.278073337328804,-0.017704901045757164,0.0,0.0,0.0,0.8527959918588767,2.184855203280405,2.127657048193081,0.0,0.0,0.0
483,483,0.14375008003760278,1.4461336072148174,-2.813505159464039,0.0,0.0,0.0,1.7667145295085633,-1.7987601613107989,-1.915974799172005,0.0,0.0,0.0
484,484,-2.8904255920304758,0.011019659104211417,-1.293482215496689,0.0,0.0,0.0,-2.063051783650205,-0.7941540434807292,2.2673584787057033,0.0,0.0,0.0
485,485,-0.805633275679807,2.9437309147444397,-0.8445005058926913,0.0,0.0,0.0,2.628438332722026,1.7637941935722923,0.09010966405356886,0.0,0.0,0.0
486,486,-0.9413997056171982,0.12215953287127782,-3.021029860916679,0.0,0.0,0.0,-0.5082878754081547,-2.9788534927754653,-0.9464951569079462,0.0,0.0,0.0
487,487,-2.8077164233767054,1.4208918439557505,-0.3543622883977302,0.0,0.0,0.0,-0.6311447732555499,1.504466437315199,2.7140403077224255,0.0,0.0,0.0
488,488,-0.022068244597030853,2.305875274985252,-2.1703064268784305,0.0,0.0,0.0,2.6478019278334783,-0.3157316484537027,-1.7079918778740564,0.0,0.0,0.0
489,489,-2.3033398881289737,-0.18248318457546864,-2.1654336805496777,0.0,0.0,0.0,-2.121007193787206,-2.080200800123897,1.0962987242647613,0.0,0.0,0.0
490,490,-1.7320771013385405,2.607086128850703,-0.4804046310462222,0.0,0.0,0.0,1.58411134157171,2.395286036074125,1.3345313187220087,0.0,0.0,0.0
491,491,-0.4161024453475776,1.0095251052588228,-2.97245615519988,0.0,0.0,0.0,0.8454056578016967,-2.400376300270737,-1.8844788851598129,0.0,0.0,0.0
492,492,-2.90948762809055,0.6861844788375783,-1.044897306316822,0.0,0.0,0.0,-1.8278788183812908,0.23798867578657043,2.5748782870784575,0.0,0.0,0.0
493,493,-0.6222148406167952,2.721089796850268,-1.495425286449078,0.0,0.0,0.0,2.8107270021415127,1.19412233593242,-0.8376534749033213,0.0,0.0,0.0
494,494,-1.5856710606193254,0.14442331137029318,-2.7372553721574726,0.0,0.0,0.0,-1.407535718509436,-2.8180611729013925,-0.32427180676629425,0.0,0.0,0.0
495,495,-2.4220338316559005,1.9560791606470038,-0.579037316029352,0.0,0.0,0.0,0.1219347124517216,2.191224458827731,2.2828589695143586,0.0,0.0,0.0
496,496,-0.35831827040427355,1.8402177597005513,-2.5520549350934627,0.0,0.0,0.0,2.042025764740776,-1.139012574722314,-2.1355465128432627,0.0,0.0,0.0
497,497,-2.5710384979687784,0.3401437297559409,-1.8170968776672007,0.0,0.0,0.0,-2.374051109727965,-1.1981197742988194,1.7193510731061543,0.0,0.0,0.0
498,498,-1.3967549705174866,2.6340652368497173,-1.0670302985914994,0.0,0.0,0.0,2.171578269723329,2.269678876487777,0.4007285787766305,0.0,0.0,0.0
499,499,-1.048919732139258,0.8108944098799162,-2.875759974217621,0.0,0.0,0.0,-0.16315306311834044,-2.7454035817616105,-1.5696872392305883,0.0,0.0,0.0
500,500,-2.681865524002362,1.3109023714488723,-1.0568396574007712,0.0,0.0,0.0,-1.3194451204088866,1.2270661510479917,2.6040643258067124,0.0,0.0,0.0
501,501,-0.7387202332837707,2.329100776119186,-2.014288899184002,0.0,0.0,0.0,2.676020738787874,0.43111984377492035,-1.6373229564256437,0.0,0.0,0.0
502,502,-2.028885742662368,0.47760807186046744,-2.3839653836985186,0.0,0.0,0.0,-2.111424462064727,-2.3280308556315115,0.3872168048781127,0.0,0.0,0.0
503,503,-2.0299226819565916,2.1926705607517247,-1.0485168072322926,0.0,0.0,0.0,0.9034547312307835,2.5844475150386192,1.5912819889589467,0.0,0.0,0.0
504,504,-0.916915080350816,1.5048948581993267,-2.631033253105747,0.0,0.0,0.0,1.1985029706139563,-1.857718198686152,-2.2672122753411346,0.0,0.0,0.0
505,505,-2.5023465623358594,0.9804061363135258,-1.6747666307884257,0.0,0.0,0.0,-2.3038176817008695,-0.17679784297377849,2.1653970513418495,0.0,0.0,0.0
506,506,-1.3430715575367809,2.3374438410690943,-1.661412910429435,0.0,0.0,0.0,2.5188398922848645,1.8333504427524259,-0.567494078252435,0.0,0.0,0.0
507,507,-1.6115535871938924,0.9887013868427007,-2.5403036001658426,0.0,0.0,0.0,-1.1400472528149943,-2.770174889499971,-1.0267429671979897,0.0,0.0,0.0
508,508,-2.2480589297420517,1.7057230769855667,-1.4368429318487232,0.0,0.0,0.0,-0.6173632621769342,2.053479715858473,2.3302063077825923,0.0,0.0,0.0
509,509,-1.2668394434634733,1.8673573732405127,-2.2216822551497266,0.0,0.0,0.0,2.223169537805447,-0.41187296876205765,-2.2171277909797547,0.0,0.0,0.0
510,510,-2.0497513426709024,1.2071439102689638,-2.090239409942582,0.0,0.0,0.0,-2.538577439632073,-1.5568595740424902,1.076842898226582,0.0,0.0,0.0
511,511,-1.808437264209625,1.833475556507325,-1.842742473289712,0.0,0.0,0.0,1.59410119825652,2.6419132308789504,0.7119786710159194,0.0,0.0,0.0
512,512,4.16890664554973,-2.188612759662717,0.6266510742731636,0.0,0.0,0.0,0.14376685915587864,-1.6663492940224804,-4.44579701746201,0.0,0.0,0.0
513,513,4.19425886292746,-1.6172777199833277,1.5346352554124554,0.0,0.0,0.0,-1.5447292225909979,-1.4724806074359258,4.243596645482863,0.0,0.0,0.0
514,514,4.514198698567442,-1.4777856217988805,0.02568590686314169,0.0,0.0,0.0,1.959463507953735,3.912893998038175,-1.8472312581453743,0.0,0.0,0.0
515,515,3.6966232250285396,-2.7331567164202837,1.19470962816124,0.0,0.0,0.0,-1.6358705492506864,-4.171424925576094,-1.57659177859445,0.0,0.0,0.0
516,516,4.513823851966774,-0.7012643809833204,1.3023526793210798,0.0,0.0,0.0,0.045941749467436524,2.415393733429399,4.0897753566816775,0.0,0.0,0.0
517,517,4.0825313676765065,-2.3924338740986184,-0.41436432032420634,0.0,0.0,0.0,1.0435707727828225,0.83488250478308,-4.55811707236173,0.0,0.0,0.0
518,518,3.652959660409239,-2.081992856255687,2.2099075695327115,0.0,0.0,0.0,-2.2243398827735574,-3.3674467473760843,2.505017862100792,0.0,0.0,0.0
519,519,4.720694002857544,-0.52620955751334,0.025527101702113645,0.0,0.0,0.0,1.4798538770542842,4.45722068880576,0.7111372819675428,0.0,0.0,0.0
520,520,3.4064692204557074,-3.283034963339123,0.424439488661972,0.0,0.0,0.0,-0.8316502656547312,-2.8278336166818034,-3.7248107162586925,0.0,0.0,0.0
521,521,4.131212461440805,-0.6766707730084212,2.244482181561543,0.0,0.0,0.0,-1.241432164852439,0.14360594183353512,4.582654636070098,0.0,0.0,0.0
522,522,4.3465977621155005,-1.601103486584363,-1.0516917417070408,0.0,0.0,0.0,1.5551611021279883,3.0914023602022738,-3.2537986098894853,0.0,0.0,0.0
523,523,3.093378439021464,-2.9904746073738435,2.0126031540282003,0.0,0.0,0.0,-2.273514846924837,-4.1704930612969955,-0.024856919375090894,0.0,0.0,0.0
524,524,4.6648139352591835,0.2084985498254284,0.8709416192187054,0.0,0.0,0.0,0.45971371285935125,3.6379940572043217,3.0192983525829273,0.0,0.0,0.0
525,525,3.491908674281234,-3.1382610754020748,-0.7213814754001983,0.0,0.0,0.0,0.13868524860887768,-0.5672068780274994,-4.713973139432539,0.0,0.0,0.0
526,526,3.4729582909273207,-1.4131548622562622,2.916171127474439,0.0,0.0,0.0,-2.2334259161797156,-2.1163519610133315,3.6187515877725973,0.0,0.0,0.0
527,527,4.6363029961533275,-0.40970811204304347,-0.9483321099386448,0.0,0.0,0.0,1.4658952032806745,4.414496044153332,-0.9622244691900961,0.0,0.0,0.0
528,528,2.767371780537937,-3.7203233789106136,1.031187366373483,0.0,0.0,0.0,-1.7330397337127916,-3.6110350942895155,-2.5533309282459014,0.0,0.0,0.0
529,529,4.250284041106943,0.29168628986733125,2.100596267294109,0.0,0.0,0.0,-0.828496490244979,1.7449846396092803,4.33948409066496,0.0,0.0,0.0
530,530,3.85844403725912,-2.2370378051633186,-1.6341883213279003,0.0,0.0,0.0,0.9148826060861633,1.9137010412570812,-4.250086839316042,0.0,0.0,0.0
531,531,2.770407543504802,-2.584729761945491,2.8647013981495117,0.0,0.0,0.0,-2.6719969701757647,-3.6285115944476343,1.502276872046394,0.0,0.0,0.0
532,532,4.705691743952708,0.6464255862714628,-0.033153766962233835,0.0,0.0,0.0,0.7558189943724675,4.416961250104959,1.5753383645337622,0.0,0.0,0.0
533,533,2.806644692773959,-3.8116246190168193,-0.3959334946471803,0.0,0.0,0.0,-0.8312220347713926,-1.8542183663479772,-4.293418705270104,0.0,0.0,0.0
534,534,3.5275245802867428,-0.41839189569720203,3.153413794135273,0.0,0.0,0.0,-2.0289262514522566,-0.5922167620144472,4.253849735582099,0.0,0.0,0.0
535,535,4.302814376683057,-0.8278620746819086,-1.8338300971103725,0.0,0.0,0.0,1.201309265861369,3.853450677424041,-2.504051501940544,0.0,0.0,0.0
536,536,2.2687345313255425,-3.689863330059671,1.949423563981644,0.0,0.0,0.0,-2.477428178640998,-3.901116161985613,-1.0982451048491206,0.0,0.0,0.0
537,537,4.400800668829113,1.0857264416546513,1.4200885771951108,0.0,0.0,0.0,-0.3972683327777066,3.1353697084913104,3.54600263152779,0.0,0.0,0.0
538,538,3.1902884054181406,-3.0646705088926876,-1.7298423518150106,0.0,0.0,0.0,0.09084002259355993,0.5553947614090232,-4.716543729178125,0.0,0.0,0.0
539,539,2.6812434499556543,-1.7302475268953121,3.518476525102509,0.0,0.0,0.0,-2.817275976363484,-2.609109613365189,2.7960692227492157,0.0,0.0,0.0
540,540,4.576595079615326,0.6094367205533744,-1.1161829423695766,0.0,0.0,0.0,0.8613188616453438,4.67095747744241,-0.052783164491002885,0.0,0.0,0.0
541,541,2.1448923910103774,-4.220517612998088,0.3862223573455809,0.0,0.0,0.0,-1.7722877623286777,-2.8422625296903417,-3.367942962666253,0.0,0.0,0.0
542,542,3.7132536167671595,0.6489897474268874,2.8901660653421413,0.0,0.0,0.0,-1.676812154374322,1.0142123916077692,4.326912782066062,0.0,0.0,0.0
543,543,3.752049163737465,-1.6126994196477646,-2.4256602512964647,0.0,0.0,0.0,0.6899080135135145,2.872523875094004,-3.7195609310588837,0.0,0.0,0.0
544,544,1.9633827585201864,-3.1869874381963017,2.924164703343419,0.0,0.0,0.0,-3.004550415696102,-3.653134540522765,0.4356430056075568,0.0,0.0,0.0
545,545,4.478541785512929,1.5398373980671036,0.3661478702429819,0.0,0.0,0.0,-0.04069771856086992,4.1499503453710815,2.3105747827355105,0.0,0.0,0.0
546,546,2.4392519692259396,-3.8540142075531802,-1.3263198402197256,0.0,0.0,0.0,-0.8396765972585022,-0.7846272516871072,-4.608883084640052,0.0,0.0,0.0
547,547,2.7874554369757663,-0.5959838943933539,3.7996572719724147,0.0,0.0,0.0,-2.7308340344914095,-1.2418560505847414,3.6827759944971286,0.0,0.0,0.0
548,548,4.238948578000743,0.11799665129150493,-2.1400681632378777,0.0,0.0,0.0,0.7307923165935387,4.392986444648388,-1.6523052645011558,0.0,0.0,0.0
549,549,1.5994751899788053,-4.230780600892344,1.4507496764466823,0.0,0.0,0.0,-2.595872424229218,-3.3915848619031923,-2.078725205887085,0.0,0.0,0.0
550,550,3.9333198440504287,1.5749724187094694,2.147313876604543,0.0,0.0,0.0,-1.262832767727387,2.503205020354767,3.8342819440906473,0.0,0.0,0.0
551,551,3.034108119929836,-2.5842690819888787,-2.584229329685558,0.0,0.0,0.0,-0.029992825572985667,1.627580809362171,-4.462351525750185,0.0,0.0,0.0
552,552,1.872981701613254,-2.2645688210353008,3.73177807488221,0.0,0.0,0.0,-3.2854512761122865,-2.8981859682429896,1.8354367343295879,0.0,0.0,0.0
553,553,4.402833047254308,1.554971473465229,-0.8715646130205092,0.0,0.0,0.0,0.16012492375398535,4.679079824907822,0.8019177020668911,0.0,0.0,0.0
554,554,1.7020487053491373,-4.408359318325057,-0.4815582260857291,0.0,0.0,0.0,-1.7856329957722854,-1.9131283092331894,-3.964083106693744,0.0,0.0,0.0
555,555,3.0266553650017065,0.6272490873735721,3.6067181597472073,0.0,0.0,0.0,-2.4663596753015065,0.2968973000268023,4.048632107914761,0.0,0.0,0.0
556,556,3.689085338297773,-0.7415760291164375,-2.898829825938593,0.0,0.0,0.0,0.35276196351910627,3.6509700058843255,-3.018025349989961,0.0,0.0,0.0
557,557,1.237277474291219,-3.7811356299209478,2.595121923861908,0.0,0.0,0.0,-3.231394805888975,-3.4265837996623243,-0.615719962580664,0.0,0.0,0.0
558,558,4.092967851803386,2.184231258206982,1.019435125317153,0.0,0.0,0.0,-0.8799358003381227,3.6951161752656674,2.8520745850219633,0.0,0.0,0.0
559,559,2.222410263349654,-3.544986570840341,-2.2486580073178386,0.0,0.0,0.0,-0.8913639538088752,0.30888674320509757,-4.655379606613969,0.0,0.0,0.0
560,560,1.9830710063516777,-1.04034555240433,4.18898681250189,0.0,0.0,0.0,-3.3264949489353297,-1.738384708217838,2.9111767313059147,0.0,0.0,0.0
561,561,4.122299994415042,1.1091231704403766,-2.0830238953965234,0.0,0.0,0.0,0.1476995633929836,4.683877692060653,-0.775870224164427,0.0,0.0,0.0
562,562,1.0688356245542658,-4.578532414100333,0.67611488718349,0.0,0.0,0.0,-2.655613348350341,-2.6706537422416785,-2.8944475004858674,0.0,0.0,0.0
563,563,3.3166566685735397,1.7409723734406313,2.920839560413758,0.0,0.0,0.0,-2.1016934969939634,1.8100673980722959,3.8560394784135643,0.0,0.0,0.0
564,564,2.958947005352197,-1.8240847583087338,-3.2372592441721304,0.0,0.0,0.0,-0.24886545618734138,2.5773077569759257,-3.982216808575753,0.0,0.0,0.0
565,565,1.0927270903627775,-2.88905919249496,3.6085709759131164,0.0,0.0,0.0,-3.6365242166029055,-2.9464132445221054,0.8104570405149281,0.0,0.0,0.0
566,566,4.10952080163495,2.3582672020351056,-0.33602765465065476,0.0,0.0,0.0,-0.6146130890770445,4.456536223634961,1.52447880868167,0.0,0.0,0.0
567,567,1.4050420582901673,-4.30212688704536,-1.4422416795225423,0.0,0.0,0.0,-1.8084881488659643,-0.8870151999476569,-4.301752509202272,0.0,0.0,0.0
568,568,2.245558846814899,0.3183614144127945,4.173561006533785,0.0,0.0,0.0,-3.1681784609272396,-0.33137656808111615,3.523540096238209,0.0,0.0,0.0
569,569,3.620425198388102,0.25810313459893297,-3.0640502859355214,0.0,0.0,0.0,-0.10360882262046563,4.201431408599976,-2.213535482132529,0.0,0.0,0.0
570,570,0.6119942792303908,-4.280475436925043,1.9660857143129622,0.0,0.0,0.0,-3.371263547734474,-2.9547325372652917,-1.5705533180689704,0.0,0.0,0.0
571,571,3.566697151113787,2.5650255130955624,1.8060497084411937,0.0,0.0,0.0,-1.7271967108438013,3.1090001939780216,3.148556703610378,0.0,0.0,0.0
572,572,2.1108348988901704,-2.9464078928322497,-3.0701069295120686,0.0,0.0,0.0,-1.018574474727849,1.348903723578737,-4.439083777526978,0.0,0.0,0.0
573,573,1.1640436860192616,-1.6461992346166971,4.300875536090409,0.0,0.0,0.0,-3.8032283636896578,-2.02458002085857,1.9997574234695736,0.0,0.0,0.0
574,574,3.923437880272115,2.050162741220595,-1.722198575690847,0.0,0.0,0.0,-0.5341643546829253,4.719682917262776,0.04197145028447423,0.0,0.0,0.0
575,575,0.6720492863428346,-4.694635021458582,-0.26693027549443493,0.0,0.0,0.0,-2.6897724291848633,-1.786430093017347,-3.483718100236279,0.0,0.0,0.0
576,576,2.5864009593257116,1.6196174924118214,3.6400369855026953,0.0,0.0,0.0,-2.878900865274154,1.133394656650515,3.6041429439125547,0.0,0.0,0.0
577,577,2.9170477603826317,-0.8743764861350627,-3.645380381262791,0.0,0.0,0.0,-0.5839766232746271,3.3387924285200046,-3.3277524581436535,0.0,0.0,0.0
578,578,0.3760945981539059,-3.505854022799512,3.1827724430148643,0.0,0.0,0.0,-3.878849963901447,-2.734737748970665,-0.1955310764340997,0.0,0.0,0.0
579,579,3.6908459415126242,2.963393987827434,0.3980606849249042,0.0,0.0,0.0,-1.4322274216762487,4.04149030017977,2.043913101407765,0.0,0.0,0.0
580,580,1.227641099801036,-3.91514303724677,-2.3931260576769273,0.0,0.0,0.0,-1.8777028083824714,0.1605383112645641,-4.360155916244713,0.0,0.0,0.0
581,581,1.4142052228117508,-0.20341147637670537,4.530027302236167,0.0,0.0,0.0,-3.7587756905454253,-0.7975484266596493,2.7924938344161756,0.0,0.0,0.0
582,582,3.506728284492253,1.2902502747465496,-2.9326798269182652,0.0,0.0,0.0,-0.676743272615885,4.492175042374071,-1.3874011429992148,0.0,0.0,0.0
583,583,0.1019883844532045,-4.616595452674789,1.113168808282889,0.0,0.0,0.0,-3.451487344259954,-2.2643922590667516,-2.349949533382965,0.0,0.0,0.0
584,584,2.917070748677269,2.675957029956748,2.625348019023644,0.0,0.0,0.0,-2.544577566884601,2.463235731391052,3.1654533226160373,0.0,0.0,0.0
585,585,2.0648819890601713,-2.1162084028819597,-3.7175831351540167,0.0,0.0,0.0,-1.2497513182114037,2.2565997947504113,-3.9885309336792334,0.0,0.0,0.0
586,586,0.3715365923843224,-2.3223623401035445,4.126874570633703,0.0,0.0,0.0,-4.1572406737049885,-2.0562074378897166,1.025602726797651,0.0,0.0,0.0
587,587,3.620910306856286,2.8642282071058025,-1.1170073085151544,0.0,0.0,0.0,-1.2916901738289128,4.51457032770889,0.7160246161684319,0.0,0.0,0.0
588,588,0.40011590673736086,-4.5559370596872615,-1.2829048169286754,0.0,0.0,0.0,-2.7363711763256724,-0.804554112314826,-3.798350361102334,0.0,0.0,0.0
589,589,1.7768611784187012,1.252593856339132,4.22330119499484,0.0,0.0,0.0,-3.5615316863965183,0.5560191117198285,3.0933533251393612,0.0,0.0,0.0
590,590,2.8669523163201367,0.1809261136749808,-3.782902345725031,0.0,0.0,0.0,-1.0456426871238391,3.8557400292465185,-2.5695136111111325,0.0,0.0,0.0
591,591,-0.24991442422520085,-4.032938357805832,2.4970885011664,0.0,0.0,0.0,-4.030434758080829,-2.2635261278259495,-1.0929524827082253,0.0,0.0,0.0
592,592,3.148075536531023,3.3328137031891063,1.2427683758789072,0.0,0.0,0.0,-2.255604968665008,3.4914196134629027,2.2988552168449314,0.0,0.0,0.0
593,593,1.1413661797413106,-3.273240762978738,-3.2474109920476604,0.0,0.0,0.0,-2.0300726683963286,1.144703802788293,-4.138956168512431,0.0,0.0,0.0
594,594,0.5730900752232272,-0.8631755113790609,4.635622482708337,0.0,0.0,0.0,-4.221146797858313,-1.0339937516142463,1.9171011012745462,0.0,0.0,0.0
595,595,3.3167479793841683,2.270591304577623,-2.5310270580897383,0.0,0.0,0.0,-1.3546150557301668,4.5087572388063295,-0.6313685233328844,0.0,0.0,0.0
596,596,-0.2869285818267724,-4.739933420283454,0.11490500496386223,0.0,0.0,0.0,-3.5071418722877974,-1.4026197379550982,-2.880123913705675,0.0,0.0,0.0
597,597,2.166433705566098,2.52763400214526,3.3882342526072713,0.0,0.0,0.0,-3.29217175523722,1.842346069253129,2.8861507401867814,0.0,0.0,0.0
598,598,2.0460685689421765,-1.1189014269699076,-4.13813520898804,0.0,0.0,0.0,-1.6086364510403028,2.9540792486794714,-3.353834307305694,0.0,0.0,0.0
599,599,-0.36015380210984366,-2.9847995857746277,3.6774666105269147,0.0,0.0,0.0,-4.393705894422374,-1.8031740347515925,0.0800744258213712,0.0,0.0,0.0
600,600,3.2025222534706415,3.491993141615432,-0.3351643102882142,0.0,0.0,0.0,-2.0930881733794213,4.102811719716986,1.1612139729468542,0.0,0.0,0.0
601,601,0.23697778238025624,-4.158647650541461,-2.2829785915025558,0.0,0.0,0.0,-2.837484436353766,0.1933990133942753,-3.8044419952238915,0.0,0.0,0.0
602,602,0.9236263310438885,0.6930480215471457,4.607504621851926,0.0,0.0,0.0,-4.119193888794632,0.164660330797061,2.3595823109045435,0.0,0.0,0.0
603,603,2.772421922679803,1.2602201753961952,-3.6452738980937607,0.0,0.0,0.0,-1.636412238578046,4.081768095606413,-1.795501099714634,0.0,0.0,0.0
604,604,-0.7674533924699365,-4.403400074264416,1.6073528163752344,0.0,0.0,0.0,-4.1183849143208295,-1.5517635221906338,-1.787018653693352,0.0,0.0,0.0
605,605,2.490958346181339,3.4493335119887067,2.111806061317197,0.0,0.0,0.0,-3.04167015155594,2.8818799834443025,2.237299812298658,0.0,0.0,0.0
606,606,1.114258477470788,-2.417523957840607,-3.934019059258107,0.0,0.0,0.0,-2.3023839029018065,1.9718719374119504,-3.656945368208385,0.0,0.0,0.0
607,607,-0.24063725829666271,-1.5836894699061155,4.471747015740362,0.0,0.0,0.0,-4.544148137966285,-0.9776450767973457,0.9784823984039349,0.0,0.0,0.0
608,608,3.02775039038127,3.1267355662360763,-1.9023018352341738,0.0,0.0,0.0,-2.1163956844407767,4.252186029857751,-0.047783619765628615,0.0,0.0,0.0
609,609,-0.5582915010216031,-4.621043695134082,-0.9469771736971655,0.0,0.0,0.0,-3.580839317741793,-0.4353101547126167,-3.0904036709908054,0.0,0.0,0.0
610,610,1.3425091262995184,2.1487201813189296,4.017856496709423,0.0,0.0,0.0,-3.927277730006344,1.3442468771345488,2.3091102105930545,0.0,0.0,0.0
611,611,2.0172963069408922,-0.02567882300643523,-4.300273968947387,0.0,0.0,0.0,-2.115848479431864,3.3615190989499033,-2.604971124491742,0.0,0.0,0.0
612,612,-1.0041982438665233,-3.557679479332534,2.982784371909316,0.0,0.0,0.0,-4.525304657678069,-1.2455507872340725,-0.7298773811899042,0.0,0.0,0.0
613,613,2.6657959739422488,3.8930436726337874,0.5479441470024117,0.0,0.0,0.0,-2.898091415506721,3.536194613586599,1.2879805131143292,0.0,0.0,0.0
614,614,0.15963100042263775,-3.5188498066762506,-3.1866461965071458,0.0,0.0,0.0,-3.040932773104001,1.1087194772720323,-3.476488025311538,0.0,0.0,0.0
615,615,0.06285076765031399,0.004664483011459673,4.749581878814058,0.0,0.0,0.0,-4.520902673257308,0.055494724597657495,1.456317051480078,0.0,0.0,0.0
616,616,2.6033458430925287,2.2861970802838196,-3.2493681433948756,0.0,0.0,0.0,-2.3540301618608845,3.972653991991701,-1.113131733855655,0.0,0.0,0.0
617,617,-1.1683309781595905,-4.56726093529488,0.5810596134278062,0.0,0.0,0.0,-4.1781096712601515,-0.6314702286232834,-2.1695955672059513,0.0,0.0,0.0
618,618,1.7374125747265317,3.3165560966715546,2.9230725620086364,0.0,0.0,0.0,-3.7387729802764467,2.307430628662106,1.805502837389531,0.0,0.0,0.0
619,619,1.11193045000993,-1.4029367564852289,-4.399758985626178,0.0,0.0,0.0,-2.7368858445103075,2.5306757224453973,-2.944084961732498,0.0,0.0,0.0
620,620,-0.9944134334660927,-2.288047927749327,4.042088396314344,0.0,0.0,0.0,-4.7166911288582405,-0.5560268397651378,0.07847896766420824,0.0,0.0,0.0
621,621,2.626219878888741,3.8006465958057953,-1.1047871294843625,0.0,0.0,0.0,-2.9350741908202402,3.727098124660283,0.23786353963899376,0.0,0.0,0.0
622,622,-0.7246802262433621,-4.251376854312191,-1.9907620179884202,0.0,0.0,0.0,-3.725928679388337,0.5544764052062167,-2.893529227800534,0.0,0.0,0.0
623,623,0.47716864115224894,1.584410888783142,4.452465858753013,0.0,0.0,0.0,-4.395506798695983,1.0929694592465806,1.430887047857554,0.0,0.0,0.0
624,624,1.9443850231928943,1.0887411077105718,-4.194819386090324,0.0,0.0,0.0,-2.7998225635373877,3.3732731783349874,-1.8288033456300243,0.0,0.0,0.0
625,625,-1.5422287342715881,-3.976497178969911,2.0908134103229483,0.0,0.0,0.0,-4.565270456594106,-0.349531043982715,-1.2643708741489872,0.0,0.0,0.0
626,626,2.0178320551044884,4.047221819997475,1.4528762291000554,0.0,0.0,0.0,-3.655378562497338,2.8744664596229006,0.9685815078209802,0.0,0.0,0.0
627,627,0.13939037468872525,-2.6712078538789297,-3.92526673294625,0.0,0.0,0.0,-3.4139841383422413,1.8099904164522274,-2.762453075701658,0.0,0.0,0.0
628,628,-0.7705020103159785,-0.7416975937771662,4.628035364108519,0.0,0.0,0.0,-4.714833274030283,0.3739006323614928,0.4393694517959001,0.0,0.0,0.0
629,629,2.3370503141757086,3.1895367552500153,-2.632024148041827,0.0,0.0,0.0,-3.208142334969173,3.4382516932850726,-0.6698865964890981,0.0,0.0,0.0
630,630,-1.4541373278330805,-4.493500141852837,-0.506400145068973,0.0,0.0,0.0,-4.251691542841344,0.482251278786535,-2.0622930753399262,0.0,0.0,0.0
631,631,0.9123505161110208,2.9580612188090973,3.6027753692791435,0.0,0.0,0.0,-4.266537428181663,1.8951257595289495,0.8761602190522525,0.0,0.0,0.0
632,632,1.0994564979764534,-0.2949361434283306,-4.611584118316812,0.0,0.0,0.0,-3.4193767206391557,2.6261711847935127,-1.9933860013720681,0.0,0.0,0.0
633,633,-1.6618713498120212,-2.903809752055614,3.3717313861717337,0.0,0.0,0.0,-4.687996738509208,0.41173290003898166,-0.6447190075586369,0.0,0.0,0.0
634,634,2.108312326814552,4.251374054834768,-0.20817727646040546,0.0,0.0,0.0,-3.794485979424512,2.857258456473369,-0.02121944431640711,0.0,0.0,0.0
635,635,-0.806737435420157,-3.6431048908325057,-2.939296083187071,0.0,0.0,0.0,-4.034180587078676,1.4752742745054654,-2.0276717697336504,0.0,0.0,0.0
636,636,-0.39549830927264684,0.8933645232129618,4.648438546004651,0.0,0.0,0.0,-4.552380720115192,1.352203795487827,0.09937139702484982,0.0,0.0,0.0
637,637,1.7979428058518072,2.1505074374986446,-3.8347385084388232,0.0,0.0,0.0,-3.8044125770126733,2.623181628758918,-1.099028246390588,0.0,0.0,0.0
638,638,-1.965147212837032,-4.191476931288902,1.0640571254903037,0.0,0.0,0.0,-4.444225212282015,1.2139020414085913,-1.156634815460698,0.0,0.0,0.0
639,639,1.2746018853451209,3.9551991982580432,2.300932275389362,0.0,0.0,0.0,-4.274333227478063,2.018483783762701,-0.4672244376301883,0.0,0.0,0.0
640,640,0.14376685915587864,-1.6663492940224804,-4.44579701746201,0.0,0.0,0.0,4.16890664554973,-2.188612759662717,0.6266510742731636,0.0,0.0,0.0
641,641,-1.5447292225909979,-1.4724806074359258,4.243596645482863,0.0,0.0,0.0,4.19425886292746,-1.6172777199833277,1.5346352554124554,0.0,0.0,0.0
642,642,1.959463507953735,3.912893998038175,-1.8472312581453743,0.0,0.0,0.0,4.514198698567442,-1.4777856217988805,0.02568590686314169,0.0,0.0,0.0
643,643,-1.6358705492506864,-4.171424925576094,-1.57659177859445,0.0,0.0,0.0,3.6966232250285396,-2.7331567164202837,1.19470962816124,0.0,0.0,0.0
644,644,0.045941749467436524,2.415393733429399,4.0897753566816775,0.0,0.0,0.0,4.513823851966774,-0.7012643809833204,1.3023526793210798,0.0,0.0,0.0
645,645,1.0435707727828225,0.83488250478308,-4.55811707236173,0.0,0.0,0.0,4.0825313676765065,-2.3924338740986184,-0.41436432032420634,0.0,0.0,0.0
646,646,-2.2243398827735574,-3.3674467473760843,2.505017862100792,0.0,0.0,0.0,3.652959660409239,-2.081992856255687,2.2099075695327115,0.0,0.0,0.0
647,647,1.4798538770542842,4.45722068880576,0.7111372819675428,0.0,0.0,0.0,4.720694002857544,-0.52620955751334,0.025527101702113645,0.0,0.0,0.0
648,648,-0.8316502656547312,-2.8278336166818034,-3.7248107162586925,0.0,0.0,0.0,3.4064692204557074,-3.283034963339123,0.424439488661972,0.0,0.0,0.0
649,649,-1.241432164852439,0.14360594183353512,4.582654636070098,0.0,0.0,0.0,4.131212461440805,-0.6766707730084212,2.244482181561543,0.0,0.0,0.0
650,650,1.5551611021279883,3.0914023602022738,-3.2537986098894853,0.0,0.0,0.0,4.3465977621155005,-1.601103486584363,-1.0516917417070408,0.0,0.0,0.0
651,651,-2.273514846924837,-4.1704930612969955,-0.024856919375090894,0.0,0.0,0.0,3.093378439021464,-2.9904746073738435,2.0126031540282003,0.0,0.0,0.0
652,652,0.45971371285935125,3.6379940572043217,3.0192983525829273,0.0,0.0,0.0,4.6648139352591835,0.2084985498254284,0.8709416192187054,0.0,0.0,0.0
653,653,0.13868524860887768,-0.5672068780274994,-4.713973139432539,0.0,0.0,0.0,3.491908674281234,-3.1382610754020748,-0.7213814754001983,0.0,0.0,0.0
654,654,-2.2334259161797156,-2.1163519610133315,3.6187515877725973,0.0,0.0,0.0,3.4729582909273207,-1.4131548622562622,2.916171127474439,0.0,0.0,0.0
655,655,1.4658952032806745,4.414496044153332,-0.9622244691900961,0.0,0.0,0.0,4.6363029961533275,-0.40970811204304347,-0.9483321099386448,0.0,0.0,0.0
656,656,-1.7330397337127916,-3.6110350942895155,-2.5533309282459014,0.0,0.0,0.0,2.767371780537937,-3.7203233789106136,1.031187366373483,0.0,0.0,0.0
657,657,-0.828496490244979,1.7449846396092803,4.33948409066496,0.0,0.0,0.0,4.250284041106943,0.29168628986733125,2.100596267294109,0.0,0.0,0.0
658,658,0.9148826060861633,1.9137010412570812,-4.250086839316042,0.0,0.0,0.0,3.85844403725912,-2.2370378051633186,-1.6341883213279003,0.0,0.0,0.0
659,659,-2.6719969701757647,-3.6285115944476343,1.502276872046394,0.0,0.0,0.0,2.770407543504802,-2.584729761945491,2.8647013981495117,0.0,0.0,0.0
660,660,0.7558189943724675,4.416961250104959,1.5753383645337622,0.0,0.0,0.0,4.705691743952708,0.6464255862714628,-0.033153766962233835,0.0,0.0,0.0
661,661,-0.8312220347713926,-1.8542183663479772,-4.293418705270104,0.0,0.0,0.0,2.806644692773959,-3.8116246190168193,-0.3959334946471803,0.0,0.0,0.0
662,662,-2.0289262514522566,-0.5922167620144472,4.253849735582099,0.0,0.0,0.0,3.5275245802867428,-0.41839189569720203,3.153413794135273,0.0,0.0,0.0
663,663,1.201309265861369,3.853450677424041,-2.504051501940544,0.0,0.0,0.0,4.302814376683057,-0.8278620746819086,-1.8338300971103725,0.0,0.0,0.0
664,664,-2.477428178640998,-3.901116161985613,-1.0982451048491206,0.0,0.0,0.0,2.2687345313255425,-3.689863330059671,1.949423563981644,0.0,0.0,0.0
665,665,-0.3972683327777066,3.1353697084913104,3.54600263152779,0.0,0.0,0.0,4.400800668829113,1.0857264416546513,1.4200885771951108,0.0,0.0,0.0
666,666,0.09084002259355993,0.5553947614090232,-4.716543729178125,0.0,0.0,0.0,3.1902884054181406,-3.0646705088926876,-1.7298423518150106,0.0,0.0,0.0
667,667,-2.817275976363484,-2.609109613365189,2.7960692227492157,0.0,0.0,0.0,2.6812434499556543,-1.7302475268953121,3.518476525102509,0.0,0.0,0.0
668,668,0.8613188616453438,4.67095747744241,-0.052783164491002885,0.0,0.0,0.0,4.576595079615326,0.6094367205533744,-1.1161829423695766,0.0,0.0,0.0
669,669,-1.7722877623286777,-2.8422625296903417,-3.367942962666253,0.0,0.0,0.0,2.1448923910103774,-4.220517612998088,0.3862223573455809,0.0,0.0,0.0
670,670,-1.676812154374322,1.0142123916077692,4.326912782066062,0.0,0.0,0.0,3.7132536167671595,0.6489897474268874,2.8901660653421413,0.0,0.0,0.0
671,671,0.6899080135135145,2.872523875094004,-3.7195609310588837,0.0,0.0,0.0,3.752049163737465,-1.6126994196477646,-2.4256602512964647,0.0,0.0,0.0
672,672,-3.004550415696102,-3.653134540522765,0.4356430056075568,0.0,0.0,0.0,1.9633827585201864,-3.1869874381963017,2.924164703343419,0.0,0.0,0.0
673,673,-0.04069771856086992,4.1499503453710815,2.3105747827355105,0.0,0.0,0.0,4.478541785512929,1.5398373980671036,0.3661478702429819,0.0,0.0,0.0
674,674,-0.8396765972585022,-0.7846272516871072,-4.608883084640052,0.0,0.0,0.0,2.4392519692259396,-3.8540142075531802,-1.3263198402197256,0.0,0.0,0.0
675,675,-2.7308340344914095,-1.2418560505847414,3.6827759944971286,0.0,0.0,0.0,2.7874554369757663,-0.5959838943933539,3.7996572719724147,0.0,0.0,0.0
676,676,0.7307923165935387,4.392986444648388,-1.6523052645011558,0.0,0.0,0.0,4.238948578000743,0.11799665129150493,-2.1400681632378777,0.0,0.0,0.0
677,677,-2.595872424229218,-3.3915848619031923,-2.078725205887085,0.0,0.0,0.0,1.5994751899788053,-4.230780600892344,1.4507496764466823,0.0,0.0,0.0
678,678,-1.262832767727387,2.503205020354767,3.8342819440906473,0.0,0.0,0.0,3.9333198440504287,1.5749724187094694,2.147313876604543,0.0,0.0,0.0
679,679,-0.029992825572985667,1.627580809362171,-4.462351525750185,0.0,0.0,0.0,3.034108119929836,-2.5842690819888787,-2.584229329685558,0.0,0.0,0.0
680,680,-3.2854512761122865,-2.8981859682429896,1.8354367343295879,0.0,0.0,0.0,1.872981701613254,-2.2645688210353008,3.73177807488221,0.0,0.0,0.0
681,681,0.16012492375398535,4.679079824907822,0.8019177020668911,0.0,0.0,0.0,4.402833047254308,1.554971473465229,-0.8715646130205092,0.0,0.0,0.0
682,682,-1.7856329957722854,-1.9131283092331894,-3.964083106693744,0.0,0.0,0.0,1.7020487053491373,-4.408359318325057,-0.4815582260857291,0.0,0.0,0.0
683,683,-2.4663596753015065,0.2968973000268023,4.048632107914761,0.0,0.0,0.0,3.0266553650017065,0.6272490873735721,3.6067181597472073,0.0,0.0,0.0
684,684,0.35276196351910627,3.6509700058843255,-3.018025349989961,0.0,0.0,0.0,3.689085338297773,-0.7415760291164375,-2.898829825938593,0.0,0.0,0.0
685,685,-3.231394805888975,-3.4265837996623243,-0.615719962580664,0.0,0.0,0.0,1.237277474291219,-3.7811356299209478,2.595121923861908,0.0,0.0,0.0
686,686,-0.8799358003381227,3.6951161752656674,2.8520745850219633,0.0,0.0,0.0,4.092967851803386,2.184231258206982,1.019435125317153,0.0,0.0,0.0
687,687,-0.8913639538088752,0.30888674320509757,-4.655379606613969,0.0,0.0,0.0,2.222410263349654,-3.544986570840341,-2.2486580073178386,0.0,0.0,0.0
688,688,-3.3264949489353297,-1.738384708217838,2.9111767313059147,0.0,0.0,0.0,1.9830710063516777,-1.04034555240433,4.18898681250189,0.0,0.0,0.0
689,689,0.1476995633929836,4.683877692060653,-0.775870224164427,0.0,0.0,0.0,4.122299994415042,1.1091231704403766,-2.0830238953965234,0.0,0.0,0.0
690,690,-2.655613348350341,-2.6706537422416785,-2.8944475004858674,0.0,0.0,0.0,1.0688356245542658,-4.578532414100333,0.67611488718349,0.0,0.0,0.0
691,691,-2.1016934969939634,1.8100673980722959,3.8560394784135643,0.0,0.0,0.0,3.3166566685735397,1.7409723734406313,2.920839560413758,0.0,0.0,0.0
692,692,-0.24886545618734138,2.5773077569759257,-3.982216808575753,0.0,0.0,0.0,2.958947005352197,-1.8240847583087338,-3.2372592441721304,0.0,0.0,0.0
693,693,-3.6365242166029055,-2.9464132445221054,0.8104570405149281,0.0,0.0,0.0,1.0927270903627775,-2.88905919249496,3.6085709759131164,0.0,0.0,0.0
694,694,-0.6146130890770445,4.456536223634961,1.52447880868167,0.0,0.0,0.0,4.10952080163495,2.3582672020351056,-0.33602765465065476,0.0,0.0,0.0
695,695,-1.8084881488659643,-0.8870151999476569,-4.301752509202272,0.0,0.0,0.0,1.4050420582901673,-4.30212688704536,-1.4422416795225423,0.0,0.0,0.0
696,696,-3.1681784609272396,-0.33137656808111615,3.523540096238209,0.0,0.0,0.0,2.245558846814899,0.3183614144127945,4.173561006533785,0.0,0.0,0.0
697,697,-0.10360882262046563,4.201431408599976,-2.213535482132529,0.0,0.0,0.0,3.620425198388102,0.25810313459893297,-3.0640502859355214,0.0,0.0,0.0
698,698,-3.371263547734474,-2.9547325372652917,-1.5705533180689704,0.0,0.0,0.0,0.6119942792303908,-4.280475436925043,1.9660857143129622,0.0,0.0,0.0
699,699,-1.7271967108438013,3.1090001939780216,3.148556703610378,0.0,0.0,0.0,3.566697151113787,2.5650255130955624,1.8060497084411937,0.0,0.0,0.0
700,700,-1.018574474727849,1.348903723578737,-4.439083777526978,0.0,0.0,0.0,2.1108348988901704,-2.9464078928322497,-3.0701069295120686,0.0,0.0,0.0
701,701,-3.8032283636896578,-2.02458002085857,1.9997574234695736,0.0,0.0,0.0,1.1640436860192616,-1.6461992346166971,4.300875536090409,0.0,0.0,0.0
702,702,-0.5341643546829253,4.719682917262776,0.04197145028447423,0.0,0.0,0.0,3.923437880272115,2.050162741220595,-1.722198575690847,0.0,0.0,0.0
703,703,-2.6897724291848633,-1.786430093017347,-3.483718100236279,0.0,0.0,0.0,0.6720492863428346,-4.694635021458582,-0.26693027549443493,0.0,0.0,0.0
704,704,-2.878900865274154,1.133394656650515,3.6041429439125547,0.0,0.0,0.0,2.5864009593257116,1.6196174924118214,3.6400369855026953,0.0,0.0,0.0
705,705,-0.5839766232746271,3.3387924285200046,-3.3277524581436535,0.0,0.0,0.0,2.9170477603826317,-0.8743764861350627,-3.645380381262791,0.0,0.0,0.0
706,706,-3.878849963901447,-2.734737748970665,-0.1955310764340997,0.0,0.0,0.0,0.3760945981539059,-3.505854022799512,3.1827724430148643,0.0,0.0,0.0
707,707,-1.4322274216762487,4.04149030017977,2.043913101407765,0.0,0.0,0.0,3.6908459415126242,2.963393987827434,0.3980606849249042,0.0,0.0,0.0
708,708,-1.8777028083824714,0.1605383112645641,-4.360155916244713,0.0,0.0,0.0,1.227641099801036,-3.91514303724677,-2.3931260576769273,0.0,0.0,0.0
709,709,-3.7587756905454253,-0.7975484266596493,2.7924938344161756,0.0,0.0,0.0,1.4142052228117508,-0.20341147637670537,4.530027302236167,0.0,0.0,0.0
710,710,-0.676743272615885,4.492175042374071,-1.3874011429992148,0.0,0.0,0.0,3.506728284492253,1.2902502747465496,-2.9326798269182652,0.0,0.0,0.0
711,711,-3.451487344259954,-2.2643922590667516,-2.349949533382965,0.0,0.0,0.0,0.1019883844532045,-4.616595452674789,1.113168808282889,0.0,0.0,0.0
712,712,-2.544577566884601,2.463235731391052,3.1654533226160373,0.0,0.0,0.0,2.917070748677269,2.675957029956748,2.625348019023644,0.0,0.0,0.0
713,713,-1.2497513182114037,2.2565997947504113,-3.9885309336792334,0.0,0.0,0.0,2.0648819890601713,-2.1162084028819597,-3.7175831351540167,0.0,0.0,0.0
714,714,-4.1572406737049885,-2.0562074378897166,1.025602726797651,0.0,0.0,0.0,0.3715365923843224,-2.3223623401035445,4.126874570633703,0.0,0.0,0.0
715,715,-1.2916901738289128,4.51457032770889,0.7160246161684319,0.0,0.0,0.0,3.620910306856286,2.8642282071058025,-1.1170073085151544,0.0,0.0,0.0
716,716,-2.7363711763256724,-0.804554112314826,-3.798350361102334,0.0,0.0,0.0,0.40011590673736086,-4.5559370596872615,-1.2829048169286754,0.0,0.0,0.0
717,717,-3.5615316863965183,0.5560191117198285,3.0933533251393612,0.0,0.0,0.0,1.7768611784187012,1.252593856339132,4.22330119499484,0.0,0.0,0.0
718,718,-1.0456426871238391,3.8557400292465185,-2.5695136111111325,0.0,0.0,0.0,2.8669523163201367,0.1809261136749808,-3.782902345725031,0.0,0.0,0.0
719,719,-4.030434758080829,-2.2635261278259495,-1.0929524827082253,0.0,0.0,0.0,-0.24991442422520085,-4.032938357805832,2.4970885011664,0.0,0.0,0.0
720,720,-2.255604968665008,3.4914196134629027,2.2988552168449314,0.0,0.0,0.0,3.148075536531023,3.3328137031891063,1.2427683758789072,0.0,0.0,0.0
721,721,-2.0300726683963286,1.144703802788293,-4.138956168512431,0.0,0.0,0.0,1.1413661797413106,-3.273240762978738,-3.2474109920476604,0.0,0.0,0.0
722,722,-4.221146797858313,-1.0339937516142463,1.9171011012745462,0.0,0.0,0.0,0.5730900752232272,-0.8631755113790609,4.635622482708337,0.0,0.0,0.0
723,723,-1.3546150557301668,4.5087572388063295,-0.6313685233328844,0.0,0.0,0.0,3.3167479793841683,2.270591304577623,-2.5310270580897383,0.0,0.0,0.0
724,724,-3.5071418722877974,-1.4026197379550982,-2.880123913705675,0.0,0.0,0.0,-0.2869285818267724,-4.739933420283454,0.11490500496386223,0.0,0.0,0.0
725,725,-3.29217175523722,1.842346069253129,2.8861507401867814,0.0,0.0,0.0,2.166433705566098,2.52763400214526,3.3882342526072713,0.0,0.0,0.0
726,726,-1.6086364510403028,2.9540792486794714,-3.353834307305694,0.0,0.0,0.0,2.0460685689421765,-1.1189014269699076,-4.13813520898804,0.0,0.0,0.0
727,727,-4.393705894422374,-1.8031740347515925,0.0800744258213712,0.0,0.0,0.0,-0.36015380210984366,-2.9847995857746277,3.6774666105269147,0.0,0.0,0.0
728,728,-2.0930881733794213,4.102811719716986,1.1612139729468542,0.0,0.0,0.0,3.2025222534706415,3.491993141615432,-0.3351643102882142,0.0,0.0,0.0
729,729,-2.837484436353766,0.1933990133942753,-3.8044419952238915,0.0,0.0,0.0,0.23697778238025624,-4.158647650541461,-2.2829785915025558,0.0,0.0,0.0
730,730,-4.119193888794632,0.164660330797061,2.3595823109045435,0.0,0.0,0.0,0.9236263310438885,0.6930480215471457,4.607504621851926,0.0,0.0,0.0
731,731,-1.636412238578046,4.081768095606413,-1.795501099714634,0.0,0.0,0.0,2.772421922679803,1.2602201753961952,-3.6452738980937607,0.0,0.0,0.0
732,732,-4.1183849143208295,-1.5517635221906338,-1.787018653693352,0.0,0.0,0.0,-0.7674533924699365,-4.403400074264416,1.6073528163752344,0.0,0.0,0.0
733,733,-3.04167015155594,2.8818799834443025,2.237299812298658,0.0,0.0,0.0,2.490958346181339,3.4493335119887067,2.111806061317197,0.0,0.0,0.0
734,734,-2.3023839029018065,1.9718719374119504,-3.656945368208385,0.0,0.0,0.0,1.114258477470788,-2.417523957840607,-3.934019059258107,0.0,0.0,0.0
735,735,-4.544148137966285,-0.9776450767973457,0.9784823984039349,0.0,0.0,0.0,-0.24063725829666271,-1.5836894699061155,4.471747015740362,0.0,0.0,0.0
736,736,-2.1163956844407767,4.252186029857751,-0.047783619765628615,0.0,0.0,0.0,3.02775039038127,3.1267355662360763,-1.9023018352341738,0.0,0.0,0.0
737,737,-3.580839317741793,-0.4353101547126167,-3.0904036709908054,0.0,0.0,0.0,-0.5582915010216031,-4.621043695134082,-0.9469771736971655,0.0,0.0,0.0
738,738,-3.927277730006344,1.3442468771345488,2.3091102105930545,0.0,0.0,0.0,1.3425091262995184,2.1487201813189296,4.017856496709423,0.0,0.0,0.0
739,739,-2.115848479431864,3.3615190989499033,-2.604971124491742,0.0,0.0,0.0,2.0172963069408922,-0.02567882300643523,-4.300273968947387,0.0,0.0,0.0
740,740,-4.525304657678069,-1.2455507872340725,-0.7298773811899042,0.0,0.0,0.0,-1.0041982438665233,-3.557679479332534,2.982784371909316,0.0,0.0,0.0
741,741,-2.898091415506721,3.536194613586599,1.2879805131143292,0.0,0.0,0.0,2.6657959739422488,3.8930436726337874,0.5479441470024117,0.0,0.0,0.0
742,742,-3.040932773104001,1.1087194772720323,-3.476488025311538,0.0,0.0,0.0,0.15963100042263775,-3.5188498066762506,-3.1866461965071458,0.0,0.0,0.0
743,743,-4.520902673257308,0.055494724597657495,1.456317051480078,0.0,0.0,0.0,0.06285076765031399,0.004664483011459673,4.749581878814058,0.0,0.0,0.0
744,744,-2.3540301618608845,3.972653991991701,-1.113131733855655,0.0,0.0,0.0,2.6033458430925287,2.2861970802838196,-3.2493681433948756,0.0,0.0,0.0
745,745,-4.1781096712601515,-0.6314702286232834,-2.1695955672059513,0.0,0.0,0.0,-1.1683309781595905,-4.56726093529488,0.5810596134278062,0.0,0.0,0.0
746,746,-3.7387729802764467,2.307430628662106,1.805502837389531,0.0,0.0,0.0,1.7374125747265317,3.3165560966715546,2.9230725620086364,0.0,0.0,0.0
747,747,-2.7368858445103075,2.5306757224453973,-2.944084961732498,0.0,0.0,0.0,1.11193045000993,-1.4029367564852289,-4.399758985626178,0.0,0.0,0.0
748,748,-4.7166911288582405,-0.5560268397651378,0.07847896766420824,0.0,0.0,0.0,-0.9944134334660927,-2.288047927749327,4.042088396314344,0.0,0.0,0.0
749,749,-2.9350741908202402,3.727098124660283,0.23786353963899376,0.0,0.0,0.0,2.626219878888741,3.8006465958057953,-1.1047871294843625,0.0,0.0,0.0
750,750,-3.725928679388337,0.5544764052062167,-2.893529227800534,0.0,0.0,0.0,-0.7246802262433621,-4.251376854312191,-1.9907620179884202,0.0,0.0,0.0
751,751,-4.395506798695983,1.0929694592465806,1.430887047857554,0.0,0.0,0.0,0.47716864115224894,1.584410888783142,4.452465858753013,0.0,0.0,0.0
752,752,-2.7998225635373877,3.3732731783349874,-1.8288033456300243,0.0,0.0,0.0,1.9443850231928943,1.0887411077105718,-4.194819386090324,0.0,0.0,0.0
753,753,-4.565270456594106,-0.349531043982715,-1.2643708741489872,0.0,0.0,0.0,-1.5422287342715881,-3.976497178969911,2.0908134103229483,0.0,0.0,0.0
754,754,-3.655378562497338,2.8744664596229006,0.9685815078209802,0.0,0.0,0.0,2.0178320551044884,4.047221819997475,1.4528762291000554,0.0,0.0,0.0
755,755,-3.4139841383422413,1.8099904164522274,-2.762453075701658,0.0,0.0,0.0,0.13939037468872525,-2.6712078538789297,-3.92526673294625,0.0,0.0,0.0
756,756,-4.714833274030283,0.3739006323614928,0.4393694517959001,0.0,0.0,0.0,-0.7705020103159785,-0.7416975937771662,4.628035364108519,0.0,0.0,0.0
757,757,-3.208142334969173,3.4382516932850726,-0.6698865964890981,0.0,0.0,0.0,2.3370503141757086,3.1895367552500153,-2.632024148041827,0.0,0.0,0.0
758,758,-4.251691542841344,0.482251278786535,-2.0622930753399262,0.0,0.0,0.0,-1.4541373278330805,-4.493500141852837,-0.506400145068973,0.0,0.0,0.0
759,759,-4.266537428181663,1.8951257595289495,0.8761602190522525,0.0,0.0,0.0,0.9123505161110208,2.9580612188090973,3.6027753692791435,0.0,0.0,0.0
760,760,-3.4193767206391557,2.6261711847935127,-1.9933860013720681,0.0,0.0,0.0,1.0994564979764534,-0.2949361434283306,-4.611584118316812,0.0,0.0,0.0
761,761,-4.687996738509208,0.41173290003898166,-0.6447190075586369,0.0,0.0,0.0,-1.6618713498120212,-2.903809752055614,3.3717313861717337,0.0,0.0,0.0
762,762,-3.794485979424512,2.857258456473369,-0.02121944431640711,0.0,0.0,0.0,2.108312326814552,4.251374054834768,-0.20817727646040546,0.0,0.0,0.0
763,763,-4.034180587078676,1.4752742745054654,-2.0276717697336504,0.0,0.0,0.0,-0.806737435420157,-3.6431048908325057,-2.939296083187071,0.0,0.0,0.0
764,764,-4.552380720115192,1.352203795487827,0.09937139702484982,0.0,0.0,0.0,-0.39549830927264684,0.8933645232129618,4.648438546004651,0.0,0.0,0.0
765,765,-3.8044125770126733,2.623181628758918,-1.099028246390588,0.0,0.0,0.0,1.7979428058518072,2.1505074374986446,-3.8347385084388232,0.0,0.0,0.0
766,766,-4.444225212282015,1.2139020414085913,-1.156634815460698,0.0,0.0,0.0,-1.965147212837032,-4.191476931288902,1.0640571254903037,0.0,0.0,0.0
767,767,-4.274333227478063,2.018483783762701,-0.4672244376301883,0.0,0.0,0.0,1.2746018853451209,3.9551991982580432,2.300932275389362,0.0,0.0,0.0
768,768,4.028161542819304,-4.843055929469523,-0.6556179985422788,0.0,0.0,0.0,-4.512929058112189,-4.03886141691037,-1.852614607108097,0.0,0.0,0.0
769,769,5.022386622899603,-3.823649497375742,-0.5161862477519604,0.0,0.0,0.0,2.751321737618449,1.7585466530539478,5.426679783824714,0.0,0.0,0.0
770,770,3.8028293463589735,-4.6744646801133065,-1.949097234074039,0.0,0.0,0.0,0.27613107929139424,1.6273114500700552,-6.1144681029956445,0.0,0.0,0.0
771,771,4.127635268262388,-4.770541735621112,0.5618449536344381,0.0,0.0,0.0,-3.455924796151035,-3.853666128282127,3.6492399600615952,0.0,0.0,0.0
772,772,5.166468011793969,-3.242699051627529,-1.704001835302559,0.0,0.0,0.0,4.40173465616509,4.480382859059317,0.8136415451496836,0.0,0.0,0.0
773,773,2.8867937384706934,-5.515633451993394,-1.1641823937032882,0.0,0.0,0.0,-3.5722642687879014,-2.207119289009192,-4.7411668974057095,0.0,0.0,0.0
774,774,5.1778021806997545,-3.567307562452238,0.758809886231603,0.0,0.0,0.0,0.21131304923827451,-0.5554892916864244,6.305385757673691,0.0,0.0,0.0
775,775,4.0849721055660115,-3.85985816109806,-2.919864548910304,0.0,0.0,0.0,2.4825445191634663,3.8138010350139875,-4.404884276201652,0.0,0.0,0.0
776,776,3.042967818931603,-5.5110105721470575,0.692979391945307,0.0,0.0,0.0,-4.765042320832745,-4.1556151075165415,0.36925041622734195,0.0,0.0,0.0
777,777,5.780487107367916,-2.4692776113660626,-0.774433980782412,0.0,0.0,0.0,3.5295161955700483,3.3476414268679426,4.055480663664565,0.0,0.0,0.0
778,778,2.562821239419598,-5.226699691822838,-2.4949286036497593,0.0,0.0,0.0,-1.5754659320586386,0.3707072888303959,-6.123037997102541,0.0,0.0,0.0
779,779,4.394380458639561,-4.18860925379753,1.8044622508546249,0.0,0.0,0.0,-2.4553650704958927,-2.614479481433814,5.219845833238866,0.0,0.0,0.0
780,780,4.963170282494001,-2.649716989269046,-2.908101053054774,0.0,0.0,0.0,3.820179404393779,4.879169298959034,-1.3080700980345423,0.0,0.0,0.0
781,781,1.9837434378593346,-6.006359366790835,-0.31546828801784843,0.0,0.0,0.0,-4.668224989703074,-3.0614031724745363,-2.9910862863022625,0.0,0.0,0.0
782,782,5.801131157513216,-2.4063861644550437,0.8168806717505338,0.0,0.0,0.0,1.4549322662766948,1.2790168053111912,6.029792635183187,0.0,0.0,0.0
783,783,3.047116556544324,-4.176339842091663,-3.6584665264591565,0.0,0.0,0.0,0.7873749567539646,2.931962365964148,-5.55830446027181,0.0,0.0,0.0
784,784,3.0473305964779263,-5.192499136641538,1.9654109144851244,0.0,0.0,0.0,-4.460107592306308,-3.7143483590403963,2.534199606143213,0.0,0.0,0.0
785,785,5.844049012036206,-1.6487305117532243,-1.7999694318414068,0.0,0.0,0.0,3.817738445903898,4.549025377301749,2.2005345683180826,0.0,0.0,0.0
786,786,1.4846119414392216,-5.818690813090698,-2.012430300910038,0.0,0.0,0.0,-3.259571503453934,-0.8704903485569466,-5.359902170559753,0.0,0.0,0.0
787,787,5.011057111570113,-3.118192656859089,2.2972357933663523,0.0,0.0,0.0,-1.212813970452607,-1.0107318874208278,6.133401538775739,0.0,0.0,0.0
788,788,4.1390513661555115,-2.6949315946725174,-3.964430425596206,0.0,0.0,0.0,2.7137476630515063,4.723889958862302,-3.2297907654944606,0.0,0.0,0.0
789,789,1.640336160291617,-6.036195833616281,0.9923448243952752,0.0,0.0,0.0,-5.230361893743272,-3.4611595389691407,-0.880227366827513,0.0,0.0,0.0
790,790,6.193567246016535,-1.3202427780533486,0.08828865782202935,0.0,0.0,0.0,2.4340377469908527,2.99532088220639,5.021416550125363,0.0,0.0,0.0
791,791,1.8232466195225903,-4.811559921091039,-3.6926648915357485,0.0,0.0,0.0,-1.050083586172267,1.7708556389664105,-5.989366066540209,0.0,0.0,0.0
792,792,3.5368532030199216,-4.343143630832006,2.9561603361932156,0.0,0.0,0.0,-3.6808310429564854,-2.7424658178784203,4.363653879721353,0.0,0.0,0.0
793,793,5.378054542934323,-1.2985833987112487,-3.082421385996068,0.0,0.0,0.0,3.5472648715556985,5.245343055670595,0.11999695990349327,0.0,0.0,0.0
794,794,0.7171708393427152,-6.229954917973334,-0.8856855075291742,0.0,0.0,0.0,-4.591878500878424,-1.8952963852412728,-3.9285639305340005,0.0,0.0,0.0
795,795,5.680889604445145,-1.860732542318409,2.0919557402333444,0.0,0.0,0.0,0.0677629014720171,0.7775344400846941,6.285058432082964,0.0,0.0,0.0
796,796,2.936223465119897,-3.1901166886544354,-4.616585143445169,0.0,0.0,0.0,1.1999963744914077,4.080049391948292,-4.693007220482485,0.0,0.0,0.0
797,797,1.8039348640466943,-5.584025246247715,2.3823501351765777,0.0,0.0,0.0,-5.228779736460802,-3.3233989892043967,1.3137704278765698,0.0,0.0,0.0
798,798,6.206166937511954,-0.5074177859849389,-1.1563434806451462,0.0,0.0,0.0,2.986960322004757,4.405221181099143,3.432667401802217,0.0,0.0,0.0
799,799,0.6650835055873623,-5.514320111261625,-3.0431971267340026,0.0,0.0,0.0,-2.820558476857523,0.5259577203103843,-5.646142883961045,0.0,0.0,0.0
800,800,4.302342682881942,-3.124927226670489,3.440318063507586,0.0,0.0,0.0,-2.575259775869556,-1.3411028170124961,5.62855145059724,0.0,0.0,0.0
801,801,4.4375183378142795,-1.4295374305988666,-4.286719590445549,0.0,0.0,0.0,2.728033329141,5.390923036316485,-1.8991824774462827,0.0,0.0,0.0
802,802,0.3822634800660347,-6.290753738627159,0.6256222045189203,0.0,0.0,0.0,-5.439205250739963,-2.5351334863087147,-2.02466183792502,0.0,0.0,0.0
803,803,6.177416995391025,-0.6480038618237514,1.237223250325711,0.0,0.0,0.0,1.1794432947069025,2.546586084168405,5.677580817700584,0.0,0.0,0.0
804,804,1.5620480813495712,-3.9665716342168253,-4.68374063897751,0.0,0.0,0.0,-0.5480258014056777,3.080626758994771,-5.506406959514519,0.0,0.0,0.0
805,805,2.3950265390829326,-4.668491657465169,3.5468499590900993,0.0,0.0,0.0,-4.712781063132361,-2.641340185833334,3.305166831600761,0.0,0.0,0.0
806,806,5.752458661270461,-0.10488710256034622,-2.6475137690145902,0.0,0.0,0.0,3.013802453744629,5.365881097317014,1.4951340843849783,0.0,0.0,0.0
807,807,-0.22433787707869784,-6.0675892213252505,-1.8014285079337287,0.0,0.0,0.0,-4.327049914968697,-0.5982266256198574,-4.585834171533001,0.0,0.0,0.0
808,808,5.132699615035005,-1.719980106061332,3.287578775878023,0.0,0.0,0.0,-1.335028485283456,0.3298844060924012,6.1822315010948685,0.0,0.0,0.0
809,809,3.131690381953946,-1.9883226891279466,-5.13324452432446,0.0,0.0,0.0,1.4467847581715083,5.018006457318013,-3.5829507628305777,0.0,0.0,0.0
810,810,0.5272409037254064,-5.900298329931335,2.2404481155070757,0.0,0.0,0.0,-5.738503566738167,-2.678070524052233,0.09287730490714369,0.0,0.0,0.0
811,811,6.323906537570545,0.3199972930161426,-0.13007285483814887,0.0,0.0,0.0,1.942357012528433,4.098663461926495,4.420330097716823,0.0,0.0,0.0
812,812,0.22920505741805555,-4.830086658948563,-4.090090343712713,0.0,0.0,0.0,-2.327205268896274,1.9063902718248342,-5.5732309192194736,0.0,0.0,0.0
813,813,3.275374875781412,-3.3777659941226634,4.239543303597608,0.0,0.0,0.0,-3.8032297507464503,-1.48493217997027,4.84164548422917,0.0,0.0,0.0
814,814,4.825848086368272,-0.1746521144861818,-4.097779642346824,0.0,0.0,0.0,2.490565464431387,5.800295978748326,-0.5145496451544247,0.0,0.0,0.0
815,815,-0.6987080099223976,-6.292952787175489,-0.14718507492747984,0.0,0.0,0.0,-5.413392967433405,-1.417953546697578,-2.9657537710641417,0.0,0.0,0.0
816,816,5.8188339169745,-0.3298939222983108,2.478598990907709,0.0,0.0,0.0,-0.16719192334358682,2.0755608099628002,5.981237772898359,0.0,0.0,0.0
817,817,1.624071373731196,-2.854288904736972,-5.415398243190723,0.0,0.0,0.0,-0.1460788876402193,4.2315345978856795,-4.709977390233752,0.0,0.0,0.0
818,818,1.118026306540886,-5.036853545570596,3.673041607358449,0.0,0.0,0.0,-5.505575614815233,-2.2847560524896924,2.1400088881110904,0.0,0.0,0.0
819,819,6.008494785742609,0.8914880274952776,-1.7928610145706625,0.0,0.0,0.0,2.2297447461182083,5.270794332289121,2.7125774799806193,0.0,0.0,0.0
820,820,-0.8631757832592426,-5.577951463022323,-2.8727158151116856,0.0,0.0,0.0,-3.9342372955192046,0.759163862880398,-4.904748540228452,0.0,0.0,0.0
821,821,4.261715300307626,-1.8607468353711825,4.299594751230737,0.0,0.0,0.0,-2.6743780809319033,0.009911020258182838,5.740968103285308,0.0,0.0,0.0
822,822,3.499433040470357,-0.6980048657070844,-5.232386521822,0.0,0.0,0.0,1.472124165111155,5.708096808564099,-2.315511256199595,0.0,0.0,0.0
823,823,-0.6838797756119555,-6.069971128288888,1.6729823864222708,0.0,0.0,0.0,-5.986846979161064,-1.7970134323796352,-1.0195671056816686,0.0,0.0,0.0
824,824,6.178235237095419,0.8484364762782088,1.1048420755311683,0.0,0.0,0.0,0.736256580135598,3.6947571244409247,5.090953461841009,0.0,0.0,0.0
825,825,0.11105305235792431,-3.8558483415641667,-5.023067976590576,0.0,0.0,0.0,-1.8590383578562761,3.1932162326048394,-5.143778532059763,0.0,0.0,0.0
826,826,2.0456031921751316,-3.758367072456062,4.669185757696072,0.0,0.0,0.0,-4.832184742177985,-1.393683175978611,3.8495128176806133,0.0,0.0,0.0
827,827,5.196907602418179,0.9812656699760146,-3.484304832801735,0.0,0.0,0.0,1.9862378439632848,5.958535453211089,0.8135266382027568,0.0,0.0,0.0
828,828,-1.5555889118922632,-6.026127578703636,-1.173473754890234,0.0,0.0,0.0,-5.1955927018226635,-0.16806970448212585,-3.6178281001497647,0.0,0.0,0.0
829,829,5.151851681192456,-0.3051783159836171,3.6710218688368976,0.0,0.0,0.0,-1.5277738354165382,1.6618341011704836,5.917374894244442,0.0,0.0,0.0
830,830,1.9137281622030549,-1.5803375354282092,-5.826773455896366,0.0,0.0,0.0,0.08356771458676715,5.165070286308913,-3.66417473458873,0.0,0.0,0.0
831,831,-0.1862928859960167,-5.351456597201988,3.382058302265276,0.0,0.0,0.0,-6.031382852635777,-1.6665595654208436,0.9778093939343698,0.0,0.0,0.0
832,832,6.080118219379593,1.6505615976441053,-0.6472402658841191,0.0,0.0,0.0,1.226732005173858,5.009919996281957,3.6751790880673014,0.0,0.0,0.0
833,833,-1.2069985494463755,-4.796290660827621,-3.9559905851155617,0.0,0.0,0.0,-3.4881458357475266,2.0971589916184663,-4.852409082451921,0.0,0.0,0.0
834,834,3.1435254656398532,-2.1922239236458494,5.042173442722833,0.0,0.0,0.0,-3.871932959215677,-0.11497033250557838,5.0105915911211305,0.0,0.0,0.0
835,835,3.935727381630886,0.5816355836804223,-4.92776431420056,0.0,0.0,0.0,1.2356535920000857,6.131150178927071,-0.9966287147432202,0.0,0.0,0.0
836,836,-1.7507180632513204,-6.035847641758281,0.7839901909574071,0.0,0.0,0.0,-5.993198482613534,-0.7198736523628686,-1.9168894030860189,0.0,0.0,0.0
837,837,5.754856687678098,1.0908050601699528,2.4089167557275992,0.0,0.0,0.0,-0.562026085725913,3.271365120299713,5.393830553482463,0.0,0.0,0.0
838,838,0.25460847721972213,-2.66654291001789,-5.738975042931625,0.0,0.0,0.0,-1.4988771630638824,4.3114182261527,-4.39046139264141,0.0,0.0,0.0
839,839,0.7093250497552435,-4.169286606392118,4.714341765143878,0.0,0.0,0.0,-5.609689896007788,-1.035068293253118,2.751567555042234,0.0,0.0,0.0
840,840,5.464196197071684,1.968579810741117,-2.5255424288023174,0.0,0.0,0.0,1.2211235722283518,5.893614418146464,1.971110707848565,0.0,0.0,0.0
841,841,-2.15586588624687,-5.483650400274136,-2.3222686492137794,0.0,0.0,0.0,-4.8476959099769426,1.1405882990959706,-3.912801273689869,0.0,0.0,0.0
842,842,4.213684521065866,-0.5152067935975713,4.7000570026108965,0.0,0.0,0.0,-2.816924067493794,1.386476810726123,5.500339258838843,0.0,0.0,0.0
843,843,2.344457807060179,-0.23729970697516445,-5.878632285745976,0.0,0.0,0.0,0.07713323930462,5.835979341532755,-2.4589645584327093,0.0,0.0,0.0
844,844,-1.427521385869949,-5.534133757525521,2.7288564194056226,0.0,0.0,0.0,-6.282075361885598,-0.8016819270408571,-0.06281995285639842,0.0,0.0,0.0
845,845,5.91987086801124,2.148758674127334,0.6701314628229827,0.0,0.0,0.0,0.05717664762304182,4.651079101917053,4.298290954519939,0.0,0.0,0.0
846,846,-1.27520461701471,-3.764981266531705,-4.930505081473964,0.0,0.0,0.0,-3.0745878694352244,3.3304383154901167,-4.423369888542898,0.0,0.0,0.0
847,847,1.8533208200737976,-2.6290528129904973,5.455675426142817,0.0,0.0,0.0,-4.8535867028789275,0.013039964701884281,4.068616126889868,0.0,0.0,0.0
848,848,4.3494469214999265,1.767206577838379,-4.2509297217585775,0.0,0.0,0.0,0.714357938666769,6.28781551064535,0.2533376217272216,0.0,0.0,0.0
849,849,-2.6138190607626464,-5.7598365096970285,-0.3214722541463228,0.0,0.0,0.0,-5.7984177272409285,0.49390974636377044,-2.49910306588102,0.0,0.0,0.0
850,850,5.0565103333127315,1.0735278197546683,3.6592830418464826,0.0,0.0,0.0,-1.86860407144048,2.915976630447447,5.302500374909115,0.0,0.0,0.0
851,851,0.5971833094413789,-1.338489845304948,-6.161406344331711,0.0,0.0,0.0,-1.329811109827773,5.191373776246599,-3.3752558182319494,0.0,0.0,0.0
852,852,-0.6442956311298472,-4.524767655643046,4.38434395470798,0.0,0.0,0.0,-6.097377049502427,-0.39435831033740987,1.6666090574276249,0.0,0.0,0.0
853,853,5.55897180354092,2.737003975351162,-1.3106307021353656,0.0,0.0,0.0,0.22243625680719512,5.654207824032341,2.8445679997742963,0.0,0.0,0.0
854,854,-2.4869136169451656,-4.67657170309126,-3.472182149416948,0.0,0.0,0.0,-4.449038350947343,2.42075793619381,-3.802249318125432,0.0,0.0,0.0
855,855,3.053780291099275,-0.8940852697117561,5.475960972761674,0.0,0.0,0.0,-3.94428255794999,1.329867974875118,4.773384269413465,0.0,0.0,0.0
856,856,2.831333685096065,1.0892133904151782,-5.559521100311743,0.0,0.0,0.0,-0.21931405387352268,6.213223280729591,-1.2078364626903197,0.0,0.0,0.0
857,857,-2.5301543155785873,-5.524644390724289,1.7854228088686963,0.0,0.0,0.0,-6.269099670223177,0.27448070091806753,-0.8568318275263016,0.0,0.0,0.0
858,858,5.501175837322445,2.3825401595784386,2.042468581370723,0.0,0.0,0.0,-1.2070835307716123,4.278535138466014,4.51089764123311,0.0,0.0,0.0
859,859,-1.1035946211903958,-2.5384625758669803,-5.6964372878171226,0.0,0.0,0.0,-2.789036177181973,4.369345170789392,-3.6388474950044922,0.0,0.0,0.0
860,860,0.46985433993587794,-3.087987784333375,5.509508095472966,0.0,0.0,0.0,-5.549938869396005,0.44202665243815425,3.018923996316006,0.0,0.0,0.0
861,861,4.660694296597795,2.7906890302666207,-3.255932204613791,0.0,0.0,0.0,-0.09824825721005215,6.197522340426406,1.3008363582332998,0.0,0.0,0.0
862,862,-3.234172763730976,-5.224776705507674,-1.5339315574548962,0.0,0.0,0.0,-5.463486650405868,1.7663238159578083,-2.672363169377996,0.0,0.0,0.0
863,863,4.105231359518767,0.8388713221063743,4.749155872447448,0.0,0.0,0.0,-3.0856186929993306,2.7255230057964708,4.8126492431215215,0.0,0.0,0.0
864,864,1.0678365121906603,0.04939425477015803,-6.242467180679372,0.0,0.0,0.0,-1.436226377870614,5.767456994110922,-2.187419649637568,0.0,0.0,0.0
865,865,-1.9332015188787173,-4.751130127788422,3.714916621844571,0.0,0.0,0.0,-6.268594795352418,0.5279104779421425,0.732898990305189,0.0,0.0,0.0
866,866,5.43140256337887,3.256885619706073,0.06060829732066519,0.0,0.0,0.0,-0.9636139970499052,5.308179858174604,3.3174969131846694,0.0,0.0,0.0
867,867,-2.5571442040280052,-3.6345493640254,-4.5124467366717385,0.0,0.0,0.0,-4.096363571349936,3.5709465720844067,-3.2525770062623747,0.0,0.0,0.0
868,868,1.7339039208988067,-1.3689531508584605,5.935541725476903,0.0,0.0,0.0,-4.811491119748561,1.575342078008796,3.8051230798578057,0.0,0.0,0.0
869,869,3.2922387990010766,2.3219186815564474,-4.886815776926936,0.0,0.0,0.0,-0.8549296182802371,6.275175886925708,-0.04872419280242092,0.0,0.0,0.0
870,870,-3.4352287114805256,-5.282120266933503,0.6399377286119953,0.0,0.0,0.0,-6.019175934664674,1.5090391734629218,-1.2662673302027803,0.0,0.0,0.0
871,871,4.819204288652781,2.3687811670931485,3.35786493440197,0.0,0.0,0.0,-2.4750492012453944,3.9945937513387944,4.245993797005652,0.0,0.0,0.0
872,872,-0.7436537218222682,-1.182039886248627,-6.177448661087206,0.0,0.0,0.0,-2.7420176647956143,5.1131575196841395,-2.5393051049208784,0.0,0.0,0.0
873,873,-0.9266633827513339,-3.490134569222531,5.203015161886095,0.0,0.0,0.0,-5.886843320644823,1.2195569762977352,1.9922016993200853,0.0,0.0,0.0
874,874,4.80313058548517,3.601403332324731,-2.0176574852358096,0.0,0.0,0.0,-1.2008762783183005,5.891937864492131,1.9884857244061838,0.0,0.0,0.0
875,875,-3.594314170246933,-4.43483345742172,-2.7430400947718367,0.0,0.0,0.0,-5.0672618064968935,2.9996277877407223,-2.3315664327791357,0.0,0.0,0.0
876,876,2.9413746255181206,0.44331115156698747,5.591323782994988,0.0,0.0,0.0,-4.093465009524011,2.816982060498989,3.9267375004780165,0.0,0.0,0.0
877,877,1.5900883422119942,1.4185181895652754,-5.964103983069448,0.0,0.0,0.0,-1.9199425811959026,5.96159330900641,-0.9403918406450037,0.0,0.0,0.0
878,878,-3.0854799513778053,-4.789397997482365,2.7663317592776906,0.0,0.0,0.0,-6.091260848070447,1.7298807574812574,0.12314607866697329,0.0,0.0,0.0
879,879,5.052198798538428,3.519987329852166,1.4819202437236576,0.0,0.0,0.0,-2.279732367232604,4.940525825319044,3.24116275650861,0.0,0.0,0.0
880,880,-2.3951808413256206,-2.404180829655139,-5.347348350976987,0.0,0.0,0.0,-3.9129410197479273,4.460557091044836,-2.214369915920681,0.0,0.0,0.0
881,881,0.32513252663424513,-1.8633443912140177,6.044282226276879,0.0,0.0,0.0,-5.286151211256958,2.237337829819831,2.676198034154905,0.0,0.0,0.0
882,882,3.6515163966159006,3.3951499440141117,-3.905188340392445,0.0,0.0,0.0,-1.9066741559323521,5.981060452035027,0.8382246973414124,0.0,0.0,0.0
883,883,-4.10263216881863,-4.78645079644994,-0.6077904010176195,0.0,0.0,0.0,-5.552884726623441,2.843297817833593,-1.0918973591715113,0.0,0.0,0.0
884,884,3.890492945857615,2.1433815695984655,4.514542191226996,0.0,0.0,0.0,-3.6299316590786077,3.9376697804857725,3.3807490237074447,0.0,0.0,0.0
885,885,-0.259550548566804,0.23165884665297207,-6.323770932168319,0.0,0.0,0.0,-3.0995558223664847,5.40288924648006,-1.1457105242315972,0.0,0.0,0.0
886,886,-2.2586668210911727,-3.764812953428499,4.5646159452937285,0.0,0.0,0.0,-5.723686210321438,2.4506320366766072,1.1597111267989777,0.0,0.0,0.0
887,887,4.726995495072564,4.1681044337119975,-0.6273197990379102,0.0,0.0,0.0,-2.637481280089413,5.37790475976237,2.0574119672865794,0.0,0.0,0.0
888,888,-3.6985825347254377,-3.4146219934256177,-3.8434301069316863,0.0,0.0,0.0,-4.698489307995141,4.06125253013059,-1.2415865737813503,0.0,0.0,0.0
889,889,1.6208745932712816,-0.04594824380791625,6.1222353289308895,0.0,0.0,0.0,-4.689825066091863,3.4071232306850727,2.5511101997784125,0.0,0.0,0.0
890,890,2.0862819276080318,2.694910788270257,-5.338163979574961,0.0,0.0,0.0,-3.0225952091709964,5.560211911076675,0.24304900009770497,0.0,0.0,0.0
891,891,-4.043050999808677,-4.598125064767907,1.6192886131663107,0.0,0.0,0.0,-5.392599945995654,3.3169295671311447,0.17016221722155347,0.0,0.0,0.0
892,892,4.413631080554152,3.5392875711656178,2.846825474873698,0.0,0.0,0.0,-3.724181051894558,4.638103057427254,2.1747612817098743,0.0,0.0,0.0
893,893,-2.0475925372579096,-1.045808011894216,-5.901250843224212,0.0,0.0,0.0,-4.137464105744452,4.784312547387361,-0.3207106696369901,0.0,0.0,0.0
894,894,-1.0965603654610718,-2.301741890490648,5.7974693397629355,0.0,0.0,0.0,-4.904537841935133,3.7849642236953662,1.3155476021046493,0.0,0.0,0.0
895,895,3.8442269390903308,4.258370895695784,-2.683152561166467,0.0,0.0,0.0,-3.9784572758506247,4.8267399085906515,0.9927591198676594,0.0,0.0,0.0
896,896,-4.512929058112189,-4.03886141691037,-1.852614607108097,0.0,0.0,0.0,4.028161542819304,-4.843055929469523,-0.6556179985422788,0.0,0.0,0.0
897,897,2.751321737618449,1.7585466530539478,5.426679783824714,0.0,0.0,0.0,5.022386622899603,-3.823649497375742,-0.5161862477519604,0.0,0.0,0.0
898,898,0.27613107929139424,1.6273114500700552,-6.1144681029956445,0.0,0.0,0.0,3.8028293463589735,-4.6744646801133065,-1.949097234074039,0.0,0.0,0.0
899,899,-3.455924796151035,-3.853666128282127,3.6492399600615952,0.0,0.0,0.0,4.127635268262388,-4.770541735621112,0.5618449536344381,0.0,0.0,0.0
900,900,4.40173465616509,4.480382859059317,0.8136415451496836,0.0,0.0,0.0,5.166468011793969,-3.242699051627529,-1.704001835302559,0.0,0.0,0.0
901,901,-3.5722642687879014,-2.207119289009192,-4.7411668974057095,0.0,0.0,0.0,2.8867937384706934,-5.515633451993394,-1.1641823937032882,0.0,0.0,0.0
902,902,0.21131304923827451,-0.5554892916864244,6.305385757673691,0.0,0.0,0.0,5.1778021806997545,-3.567307562452238,0.758809886231603,0.0,0.0,0.0
903,903,2.4825445191634663,3.8138010350139875,-4.404884276201652,0.0,0.0,0.0,4.0849721055660115,-3.85985816109806,-2.919864548910304,0.0,0.0,0.0
904,904,-4.765042320832745,-4.1556151075165415,0.36925041622734195,0.0,0.0,0.0,3.042967818931603,-5.5110105721470575,0.692979391945307,0.0,0.0,0.0
905,905,3.5295161955700483,3.3476414268679426,4.055480663664565,0.0,0.0,0.0,5.780487107367916,-2.4692776113660626,-0.774433980782412,0.0,0.0,0.0
906,906,-1.5754659320586386,0.3707072888303959,-6.123037997102541,0.0,0.0,0.0,2.562821239419598,-5.226699691822838,-2.4949286036497593,0.0,0.0,0.0
907,907,-2.4553650704958927,-2.614479481433814,5.219845833238866,0.0,0.0,0.0,4.394380458639561,-4.18860925379753,1.8044622508546249,0.0,0.0,0.0
908,908,3.820179404393779,4.879169298959034,-1.3080700980345423,0.0,0.0,0.0,4.963170282494001,-2.649716989269046,-2.908101053054774,0.0,0.0,0.0
909,909,-4.668224989703074,-3.0614031724745363,-2.9910862863022625,0.0,0.0,0.0,1.9837434378593346,-6.006359366790835,-0.31546828801784843,0.0,0.0,0.0
910,910,1.4549322662766948,1.2790168053111912,6.029792635183187,0.0,0.0,0.0,5.801131157513216,-2.4063861644550437,0.8168806717505338,0.0,0.0,0.0
911,911,0.7873749567539646,2.931962365964148,-5.55830446027181,0.0,0.0,0.0,3.047116556544324,-4.176339842091663,-3.6584665264591565,0.0,0.0,0.0
912,912,-4.460107592306308,-3.7143483590403963,2.534199606143213,0.0,0.0,0.0,3.0473305964779263,-5.192499136641538,1.9654109144851244,0.0,0.0,0.0
913,913,3.817738445903898,4.549025377301749,2.2005345683180826,0.0,0.0,0.0,5.844049012036206,-1.6487305117532243,-1.7999694318414068,0.0,0.0,0.0
914,914,-3.259571503453934,-0.8704903485569466,-5.359902170559753,0.0,0.0,0.0,1.4846119414392216,-5.818690813090698,-2.012430300910038,0.0,0.0,0.0
915,915,-1.212813970452607,-1.0107318874208278,6.133401538775739,0.0,0.0,0.0,5.011057111570113,-3.118192656859089,2.2972357933663523,0.0,0.0,0.0
916,916,2.7137476630515063,4.723889958862302,-3.2297907654944606,0.0,0.0,0.0,4.1390513661555115,-2.6949315946725174,-3.964430425596206,0.0,0.0,0.0
917,917,-5.230361893743272,-3.4611595389691407,-0.880227366827513,0.0,0.0,0.0,1.640336160291617,-6.036195833616281,0.9923448243952752,0.0,0.0,0.0
918,918,2.4340377469908527,2.99532088220639,5.021416550125363,0.0,0.0,0.0,6.193567246016535,-1.3202427780533486,0.08828865782202935,0.0,0.0,0.0
919,919,-1.050083586172267,1.7708556389664105,-5.989366066540209,0.0,0.0,0.0,1.8232466195225903,-4.811559921091039,-3.6926648915357485,0.0,0.0,0.0
920,920,-3.6808310429564854,-2.7424658178784203,4.363653879721353,0.0,0.0,0.0,3.5368532030199216,-4.343143630832006,2.9561603361932156,0.0,0.0,0.0
921,921,3.5472648715556985,5.245343055670595,0.11999695990349327,0.0,0.0,0.0,5.378054542934323,-1.2985833987112487,-3.082421385996068,0.0,0.0,0.0
922,922,-4.591878500878424,-1.8952963852412728,-3.9285639305340005,0.0,0.0,0.0,0.7171708393427152,-6.229954917973334,-0.8856855075291742,0.0,0.0,0.0
923,923,0.0677629014720171,0.7775344400846941,6.285058432082964,0.0,0.0,0.0,5.680889604445145,-1.860732542318409,2.0919557402333444,0.0,0.0,0.0
924,924,1.1999963744914077,4.080049391948292,-4.693007220482485,0.0,0.0,0.0,2.936223465119897,-3.1901166886544354,-4.616585143445169,0.0,0.0,0.0
925,925,-5.228779736460802,-3.3233989892043967,1.3137704278765698,0.0,0.0,0.0,1.8039348640466943,-5.584025246247715,2.3823501351765777,0.0,0.0,0.0
926,926,2.986960322004757,4.405221181099143,3.432667401802217,0.0,0.0,0.0,6.206166937511954,-0.5074177859849389,-1.1563434806451462,0.0,0.0,0.0
927,927,-2.820558476857523,0.5259577203103843,-5.646142883961045,0.0,0.0,0.0,0.6650835055873623,-5.514320111261625,-3.0431971267340026,0.0,0.0,0.0
928,928,-2.575259775869556,-1.3411028170124961,5.62855145059724,0.0,0.0,0.0,4.302342682881942,-3.124927226670489,3.440318063507586,0.0,0.0,0.0
929,929,2.728033329141,5.390923036316485,-1.8991824774462827,0.0,0.0,0.0,4.4375183378142795,-1.4295374305988666,-4.286719590445549,0.0,0.0,0.0
930,930,-5.439205250739963,-2.5351334863087147,-2.02466183792502,0.0,0.0,0.0,0.3822634800660347,-6.290753738627159,0.6256222045189203,0.0,0.0,0.0
931,931,1.1794432947069025,2.546586084168405,5.677580817700584,0.0,0.0,0.0,6.177416995391025,-0.6480038618237514,1.237223250325711,0.0,0.0,0.0
932,932,-0.5480258014056777,3.080626758994771,-5.506406959514519,0.0,0.0,0.0,1.5620480813495712,-3.9665716342168253,-4.68374063897751,0.0,0.0,0.0
933,933,-4.712781063132361,-2.641340185833334,3.305166831600761,0.0,0.0,0.0,2.3950265390829326,-4.668491657465169,3.5468499590900993,0.0,0.0,0.0
934,934,3.013802453744629,5.365881097317014,1.4951340843849783,0.0,0.0,0.0,5.752458661270461,-0.10488710256034622,-2.6475137690145902,0.0,0.0,0.0
935,935,-4.327049914968697,-0.5982266256198574,-4.585834171533001,0.0,0.0,0.0,-0.22433787707869784,-6.0675892213252505,-1.8014285079337287,0.0,0.0,0.0
936,936,-1.335028485283456,0.3298844060924012,6.1822315010948685,0.0,0.0,0.0,5.132699615035005,-1.719980106061332,3.287578775878023,0.0,0.0,0.0
937,937,1.4467847581715083,5.018006457318013,-3.5829507628305777,0.0,0.0,0.0,3.131690381953946,-1.9883226891279466,-5.13324452432446,0.0,0.0,0.0
938,938,-5.738503566738167,-2.678070524052233,0.09287730490714369,0.0,0.0,0.0,0.5272409037254064,-5.900298329931335,2.2404481155070757,0.0,0.0,0.0
939,939,1.942357012528433,4.098663461926495,4.420330097716823,0.0,0.0,0.0,6.323906537570545,0.3199972930161426,-0.13007285483814887,0.0,0.0,0.0
940,940,-2.327205268896274,1.9063902718248342,-5.5732309192194736,0.0,0.0,0.0,0.22920505741805555,-4.830086658948563,-4.090090343712713,0.0,0.0,0.0
941,941,-3.8032297507464503,-1.48493217997027,4.84164548422917,0.0,0.0,0.0,3.275374875781412,-3.3777659941226634,4.239543303597608,0.0,0.0,0.0
942,942,2.490565464431387,5.800295978748326,-0.5145496451544247,0.0,0.0,0.0,4.825848086368272,-0.1746521144861818,-4.097779642346824,0.0,0.0,0.0
943,943,-5.413392967433405,-1.417953546697578,-2.9657537710641417,0.0,0.0,0.0,-0.6987080099223976,-6.292952787175489,-0.14718507492747984,0.0,0.0,0.0
944,944,-0.16719192334358682,2.0755608099628002,5.981237772898359,0.0,0.0,0.0,5.8188339169745,-0.3298939222983108,2.478598990907709,0.0,0.0,0.0
945,945,-0.1460788876402193,4.2315345978856795,-4.709977390233752,0.0,0.0,0.0,1.624071373731196,-2.854288904736972,-5.415398243190723,0.0,0.0,0.0
946,946,-5.505575614815233,-2.2847560524896924,2.1400088881110904,0.0,0.0,0.0,1.118026306540886,-5.036853545570596,3.673041607358449,0.0,0.0,0.0
947,947,2.2297447461182083,5.270794332289121,2.7125774799806193,0.0,0.0,0.0,6.008494785742609,0.8914880274952776,-1.7928610145706625,0.0,0.0,0.0
948,948,-3.9342372955192046,0.759163862880398,-4.904748540228452,0.0,0.0,0.0,-0.8631757832592426,-5.577951463022323,-2.8727158151116856,0.0,0.0,0.0
949,949,-2.6743780809319033,0.009911020258182838,5.740968103285308,0.0,0.0,0.0,4.261715300307626,-1.8607468353711825,4.299594751230737,0.0,0.0,0.0
950,950,1.472124165111155,5.708096808564099,-2.315511256199595,0.0,0.0,0.0,3.499433040470357,-0.6980048657070844,-5.232386521822,0.0,0.0,0.0
951,951,-5.986846979161064,-1.7970134323796352,-1.0195671056816686,0.0,0.0,0.0,-0.6838797756119555,-6.069971128288888,1.6729823864222708,0.0,0.0,0.0
952,952,0.736256580135598,3.6947571244409247,5.090953461841009,0.0,0.0,0.0,6.178235237095419,0.8484364762782088,1.1048420755311683,0.0,0.0,0.0
953,953,-1.8590383578562761,3.1932162326048394,-5.143778532059763,0.0,0.0,0.0,0.11105305235792431,-3.8558483415641667,-5.023067976590576,0.0,0.0,0.0
954,954,-4.832184742177985,-1.393683175978611,3.8495128176806133,0.0,0.0,0.0,2.0456031921751316,-3.758367072456062,4.669185757696072,0.0,0.0,0.0
955,955,1.9862378439632848,5.958535453211089,0.8135266382027568,0.0,0.0,0.0,5.196907602418179,0.9812656699760146,-3.484304832801735,0.0,0.0,0.0
956,956,-5.1955927018226635,-0.16806970448212585,-3.6178281001497647,0.0,0.0,0.0,-1.5555889118922632,-6.026127578703636,-1.173473754890234,0.0,0.0,0.0
957,957,-1.5277738354165382,1.6618341011704836,5.917374894244442,0.0,0.0,0.0,5.151851681192456,-0.3051783159836171,3.6710218688368976,0.0,0.0,0.0
958,958,0.08356771458676715,5.165070286308913,-3.66417473458873,0.0,0.0,0.0,1.9137281622030549,-1.5803375354282092,-5.826773455896366,0.0,0.0,0.0
959,959,-6.031382852635777,-1.6665595654208436,0.9778093939343698,0.0,0.0,0.0,-0.1862928859960167,-5.351456597201988,3.382058302265276,0.0,0.0,0.0
960,960,1.226732005173858,5.009919996281957,3.6751790880673014,0.0,0.0,0.0,6.080118219379593,1.6505615976441053,-0.6472402658841191,0.0,0.0,0.0
961,961,-3.4881458357475266,2.0971589916184663,-4.852409082451921,0.0,0.0,0.0,-1.2069985494463755,-4.796290660827621,-3.9559905851155617,0.0,0.0,0.0
962,962,-3.871932959215677,-0.11497033250557838,5.0105915911211305,0.0,0.0,0.0,3.1435254656398532,-2.1922239236458494,5.042173442722833,0.0,0.0,0.0
963,963,1.2356535920000857,6.131150178927071,-0.9966287147432202,0.0,0.0,0.0,3.935727381630886,0.5816355836804223,-4.92776431420056,0.0,0.0,0.0
964,964,-5.993198482613534,-0.7198736523628686,-1.9168894030860189,0.0,0.0,0.0,-1.7507180632513204,-6.035847641758281,0.7839901909574071,0.0,0.0,0.0
965,965,-0.562026085725913,3.271365120299713,5.393830553482463,0.0,0.0,0.0,5.754856687678098,1.0908050601699528,2.4089167557275992,0.0,0.0,0.0
966,966,-1.4988771630638824,4.3114182261527,-4.39046139264141,0.0,0.0,0.0,0.25460847721972213,-2.66654291001789,-5.738975042931625,0.0,0.0,0.0
967,967,-5.609689896007788,-1.035068293253118,2.751567555042234,0.0,0.0,0.0,0.7093250497552435,-4.169286606392118,4.714341765143878,0.0,0.0,0.0
968,968,1.2211235722283518,5.893614418146464,1.971110707848565,0.0,0.0,0.0,5.464196197071684,1.968579810741117,-2.5255424288023174,0.0,0.0,0.0
969,969,-4.8476959099769426,1.1405882990959706,-3.912801273689869,0.0,0.0,0.0,-2.15586588624687,-5.483650400274136,-2.3222686492137794,0.0,0.0,0.0
970,970,-2.816924067493794,1.386476810726123,5.500339258838843,0.0,0.0,0.0,4.213684521065866,-0.5152067935975713,4.7000570026108965,0.0,0.0,0.0
971,971,0.07713323930462,5.835979341532755,-2.4589645584327093,0.0,0.0,0.0,2.344457807060179,-0.23729970697516445,-5.878632285745976,0.0,0.0,0.0
972,972,-6.282075361885598,-0.8016819270408571,-0.06281995285639842,0.0,0.0,0.0,-1.427521385869949,-5.534133757525521,2.7288564194056226,0.0,0.0,0.0
973,973,0.05717664762304182,4.651079101917053,4.298290954519939,0.0,0.0,0.0,5.91987086801124,2.148758674127334,0.6701314628229827,0.0,0.0,0.0
974,974,-3.0745878694352244,3.3304383154901167,-4.423369888542898,0.0,0.0,0.0,-1.27520461701471,-3.764981266531705,-4.930505081473964,0.0,0.0,0.0
975,975,-4.8535867028789275,0.013039964701884281,4.068616126889868,0.0,0.0,0.0,1.8533208200737976,-2.6290528129904973,5.455675426142817,0.0,0.0,0.0
976,976,0.714357938666769,6.28781551064535,0.2533376217272216,0.0,0.0,0.0,4.3494469214999265,1.767206577838379,-4.2509297217585775,0.0,0.0,0.0
977,977,-5.7984177272409285,0.49390974636377044,-2.49910306588102,0.0,0.0,0.0,-2.6138190607626464,-5.7598365096970285,-0.3214722541463228,0.0,0.0,0.0
978,978,-1.86860407144048,2.915976630447447,5.302500374909115,0.0,0.0,0.0,5.0565103333127315,1.0735278197546683,3.6592830418464826,0.0,0.0,0.0
979,979,-1.329811109827773,5.191373776246599,-3.3752558182319494,0.0,0.0,0.0,0.5971833094413789,-1.338489845304948,-6.161406344331711,0.0,0.0,0.0
980,980,-6.097377049502427,-0.39435831033740987,1.6666090574276249,0.0,0.0,0.0,-0.6442956311298472,-4.524767655643046,4.38434395470798,0.0,0.0,0.0
981,981,0.22243625680719512,5.654207824032341,2.8445679997742963,0.0,0.0,0.0,5.55897180354092,2.737003975351162,-1.3106307021353656,0.0,0.0,0.0
982,982,-4.449038350947343,2.42075793619381,-3.802249318125432,0.0,0.0,0.0,-2.4869136169451656,-4.67657170309126,-3.472182149416948,0.0,0.0,0.0
983,983,-3.94428255794999,1.329867974875118,4.773384269413465,0.0,0.0,0.0,3.053780291099275,-0.8940852697117561,5.475960972761674,0.0,0.0,0.0
984,984,-0.21931405387352268,6.213223280729591,-1.2078364626903197,0.0,0.0,0.0,2.831333685096065,1.0892133904151782,-5.559521100311743,0.0,0.0,0.0
985,985,-6.269099670223177,0.27448070091806753,-0.8568318275263016,0.0,0.0,0.0,-2.5301543155785873,-5.524644390724289,1.7854228088686963,0.0,0.0,0.0
986,986,-1.2070835307716123,4.278535138466014,4.51089764123311,0.0,0.0,0.0,5.501175837322445,2.3825401595784386,2.042468581370723,0.0,0.0,0.0
987,987,-2.789036177181973,4.369345170789392,-3.6388474950044922,0.0,0.0,0.0,-1.1035946211903958,-2.5384625758669803,-5.6964372878171226,0.0,0.0,0.0
988,988,-5.549938869396005,0.44202665243815425,3.018923996316006,0.0,0.0,0.0,0.46985433993587794,-3.087987784333375,5.509508095472966,0.0,0.0,0.0
989,989,-0.09824825721005215,6.197522340426406,1.3008363582332998,0.0,0.0,0.0,4.660694296597795,2.7906890302666207,-3.255932204613791,0.0,0.0,0.0
990,990,-5.463486650405868,1.7663238159578083,-2.672363169377996,0.0,0.0,0.0,-3.234172763730976,-5.224776705507674,-1.5339315574548962,0.0,0.0,0.0
991,991,-3.0856186929993306,2.7255230057964708,4.8126492431215215,0.0,0.0,0.0,4.105231359518767,0.8388713221063743,4.749155872447448,0.0,0.0,0.0
992,992,-1.436226377870614,5.767456994110922,-2.187419649637568,0.0,0.0,0.0,1.0678365121906603,0.04939425477015803,-6.242467180679372,0.0,0.0,0.0
993,993,-6.268594795352418,0.5279104779421425,0.732898990305189,0.0,0.0,0.0,-1.9332015188787173,-4.751130127788422,3.714916621844571,0.0,0.0,0.0
994,994,-0.9636139970499052,5.308179858174604,3.3174969131846694,0.0,0.0,0.0,5.43140256337887,3.256885619706073,0.06060829732066519,0.0,0.0,0.0
995,995,-4.096363571349936,3.5709465720844067,-3.2525770062623747,0.0,0.0,0.0,-2.5571442040280052,-3.6345493640254,-4.5124467366717385,0.0,0.0,0.0
996,996,-4.811491119748561,1.575342078008796,3.8051230798578057,0.0,0.0,0.0,1.7339039208988067,-1.3689531508584605,5.935541725476903,0.0,0.0,0.0
997,997,-0.8549296182802371,6.275175886925708,-0.04872419280242092,0.0,0.0,0.0,3.2922387990010766,2.3219186815564474,-4.886815776926936,0.0,0.0,0.0
998,998,-6.019175934664674,1.5090391734629218,-1.2662673302027803,0.0,0.0,0.0,-3.4352287114805256,-5.282120266933503,0.6399377286119953,0.0,0.0,0.0
999,999,-2.4750492012453944,3.9945937513387944,4.245993797005652,0.0,0.0,0.0,4.819204288652781,2.3687811670931485,3.35786493440197,0.0,0.0,0.0
1000,1000,-2.7420176647956143,5.1131575196841395,-2.5393051049208784,0.0,0.0,0.0,-0.7436537218222682,-1.182039886248627,-6.177448661087206,0.0,0.0,0.0
1001,1001,-5.886843320644823,1.2195569762977352,1.9922016993200853,0.0,0.0,0.0,-0.9266633827513339,-3.490134569222531,5.203015161886095,0.0,0.0,0.0
1002,1002,-1.2008762783183005,5.891937864492131,1.9884857244061838,0.0,0.0,0.0,4.80313058548517,3.601403332324731,-2.0176574852358096,0.0,0.0,0.0
1003,1003,-5.0672618064968935,2.9996277877407223,-2.3315664327791357,0.0,0.0,0.0,-3.594314170246933,-4.43483345742172,-2.7430400947718367,0.0,0.0,0.0
1004,1004,-4.093465009524011,2.816982060498989,3.9267375004780165,0.0,0.0,0.0,2.9413746255181206,0.44331115156698747,5.591323782994988,0.0,0.0,0.0
1005,1005,-1.9199425811959026,5.96159330900641,-0.9403918406450037,0.0,0.0,0.0,1.5900883422119942,1.4185181895652754,-5.964103983069448,0.0,0.0,0.0
1006,1006,-6.091260848070447,1.7298807574812574,0.12314607866697329,0.0,0.0,0.0,-3.0854799513778053,-4.789397997482365,2.7663317592776906,0.0,0.0,0.0
1007,1007,-2.279732367232604,4.940525825319044,3.24116275650861,0.0,0.0,0.0,5.052198798538428,3.519987329852166,1.4819202437236576,0.0,0.0,0.0
1008,1008,-3.9129410197479273,4.460557091044836,-2.214369915920681,0.0,0.0,0.0,-2.3951808413256206,-2.404180829655139,-5.347348350976987,0.0,0.0,0.0
1009,1009,-5.286151211256958,2.237337829819831,2.676198034154905,0.0,0.0,0.0,0.32513252663424513,-1.8633443912140177,6.044282226276879,0.0,0.0,0.0
1010,1010,-1.9066741559323521,5.981060452035027,0.8382246973414124,0.0,0.0,0.0,3.6515163966159006,3.3951499440141117,-3.905188340392445,0.0,0.0,0.0
1011,1011,-5.552884726623441,2.843297817833593,-1.0918973591715113,0.0,0.0,0.0,-4.10263216881863,-4.78645079644994,-0.6077904010176195,0.0,0.0,0.0
1012,1012,-3.6299316590786077,3.9376697804857725,3.3807490237074447,0.0,0.0,0.0,3.890492945857615,2.1433815695984655,4.514542191226996,0.0,0.0,0.0
1013,1013,-3.0995558223664847,5.40288924648006,-1.1457105242315972,0.0,0.0,0.0,-0.259550548566804,0.23165884665297207,-6.323770932168319,0.0,0.0,0.0
1014,1014,-5.723686210321438,2.4506320366766072,1.1597111267989777,0.0,0.0,0.0,-2.2586668210911727,-3.764812953428499,4.5646159452937285,0.0,0.0,0.0
1015,1015,-2.637481280089413,5.37790475976237,2.0574119672865794,0.0,0.0,0.0,4.726995495072564,4.1681044337119975,-0.6273197990379102,0.0,0.0,0.0
1016,1016,-4.698489307995141,4.06125253013059,-1.2415865737813503,0.0,0.0,0.0,-3.6985825347254377,-3.4146219934256177,-3.8434301069316863,0.0,0.0,0.0
1017,1017,-4.689825066091863,3.4071232306850727,2.5511101997784125,0.0,0.0,0.0,1.6208745932712816,-0.04594824380791625,6.1222353289308895,0.0,0.0,0.0
1018,1018,-3.0225952091709964,5.560211911076675,0.24304900009770497,0.0,0.0,0.0,2.0862819276080318,2.694910788270257,-5.338163979574961,0.0,0.0,0.0
1019,1019,-5.392599945995654,3.3169295671311447,0.17016221722155347,0.0,0.0,0.0,-4.043050999808677,-4.598125064767907,1.6192886131663107,0.0,0.0,0.0
1020,1020,-3.724181051894558,4.638103057427254,2.1747612817098743,0.0,0.0,0.0,4.413631080554152,3.5392875711656178,2.846825474873698,0.0,0.0,0.0
1021,1021,-4.137464105744452,4.784312547387361,-0.3207106696369901,0.0,0.0,0.0,-2.0475925372579096,-1.045808011894216,-5.901250843224212,0.0,0.0,0.0
1022,1022,-4.904537841935133,3.7849642236953662,1.3155476021046493,0.0,0.0,0.0,-1.0965603654610718,-2.301741890490648,5.7974693397629355,0.0,0.0,0.0
1023,1023,-3.9784572758506247,4.8267399085906515,0.9927591198676594,0.0,0.0,0.0,3.8442269390903308,4.258370895695784,-2.683152561166467,0.0,0.0,0.0
1024,1024,-1.517371175332835,-5.0195988879761755,5.930836604652259,0.0,0.0,0.0,-6.564098238252684,3.8188289158099393,2.2366875377056292,0.0,0.0,0.0
1025,1025,-0.2508898709150477,-6.00978690966491,5.147147431741033,0.0,0.0,0.0,7.709614576218281,0.10016757789556394,1.7959456154034599,0.0,0.0,0.0
1026,1026,-2.775488033405888,-5.501567670018033,4.970214327332257,0.0,0.0,0.0,-4.75218822276673,-3.7404629252175363,-5.108743026562995,0.0,0.0,0.0
1027,1027,-0.24998081743922942,-4.432761046246121,6.554521356192316,0.0,0.0,0.0,-0.611673781322119,5.790647334881124,5.363568750306367,0.0,0.0,0.0
1028,1028,-0.9660955493657283,-6.8277648503974016,3.8886884226123395,0.0,0.0,0.0,5.776082766061879,-4.27293768648451,-3.3245274127323907,0.0,0.0,0.0
1029,1029,-3.003208412374154,-4.064519815321172,6.093769688271162,0.0,0.0,0.0,-7.744734650949488,1.1880582417476326,-1.1319072009593447,0.0,0.0,0.0
1030,1030,1.2127415915374478,-5.445918064278102,5.616479803249578,0.0,0.0,0.0,5.840034465621209,3.3447857291529703,4.168934753314901,0.0,0.0,0.0
1031,1031,-3.068328792951289,-6.341019292578687,3.612539807459114,0.0,0.0,0.0,-0.6398466803836501,-5.141379501396378,-5.985851999440756,0.0,0.0,0.0
1032,1032,-1.1322637200734678,-3.1779393437864947,7.161863689459959,0.0,0.0,0.0,-4.625690050261325,5.363189784290019,3.53734335449449,0.0,0.0,0.0
1033,1033,0.7158338631584973,-6.9528821542878685,3.7173408156808314,0.0,0.0,0.0,7.758359255234959,-1.4923639912758146,-0.5043039710721471,0.0,0.0,0.0
1034,1034,-4.274436814881325,-4.453944086096177,4.956327582444674,0.0,0.0,0.0,-6.477535991217801,-1.7308055456833036,-4.209447797098298,0.0,0.0,0.0
1035,1035,1.4382393638088842,-3.999830388142574,6.678804946206141,0.0,0.0,0.0,2.169957960977835,5.617911416503053,5.1384788483460095,0.0,0.0,0.0
1036,1036,-1.867978943632351,-7.268494472155123,2.5205661834957542,0.0,0.0,0.0,3.6781363375972207,-4.82369956373094,-5.086929005981371,0.0,0.0,0.0
1037,1037,-2.9490756310825184,-2.5933392124623693,6.873947611252653,0.0,0.0,0.0,-7.143631467927005,3.3755334931763668,0.4979098290588322,0.0,0.0,0.0
1038,1038,2.2968028917513097,-6.065372113751386,4.539776284042598,0.0,0.0,0.0,7.332193497788969,1.8687661021865798,2.3281458024112864,0.0,0.0,0.0
1039,1039,-4.505275036927846,-5.619949153210488,3.2851604934841907,0.0,0.0,0.0,-3.1584676772269367,-3.946049345830477,-6.093142670508323,0.0,0.0,0.0
1040,1040,0.28927261991394715,-2.445477551845662,7.523933280257929,0.0,0.0,0.0,-2.1157105410080246,6.275233793339993,4.338066488261455,0.0,0.0,0.0
1041,1041,0.2616731316492639,-7.580426755114984,2.2676570493563513,0.0,0.0,0.0,6.853342135705551,-2.8298250600066184,-2.774419364787379,0.0,0.0,0.0
1042,1042,-4.724566054844707,-3.0006041476989394,5.598969677825271,0.0,0.0,0.0,-7.3645530747490255,0.5336799246369592,-2.855197866738823,0.0,0.0,0.0
1043,1043,2.882180572170526,-4.36691275205171,5.941104213558006,0.0,0.0,0.0,4.665639531089686,4.813808877530134,4.21101685671419,0.0,0.0,0.0
1044,1044,-3.335612410634726,-6.956944164944798,1.7743248977698247,0.0,0.0,0.0,1.1652901753087141,-4.696104210149949,-6.2659648232117195,0.0,0.0,0.0
1045,1045,-1.8845043726023207,-1.4662017791873023,7.548013428931912,0.0,0.0,0.0,-5.643882122987327,5.191325438236406,1.9673194674809231,0.0,0.0,0.0
1046,1046,2.459368597478198,-6.879776868775876,3.048571378298414,0.0,0.0,0.0,7.910980171008095,0.26441394699873483,0.14173605587514027,0.0,0.0,0.0
1047,1047,-5.553993502157026,-4.301116113519304,3.650639323051224,0.0,0.0,0.0,-5.2250506763367035,-2.189941963263802,-5.529612168880869,0.0,0.0,0.0
1048,1048,2.012507178972768,-2.3946585095867614,7.272484897752113,0.0,0.0,0.0,0.6384668527568219,6.486936988598977,4.492840938077266,0.0,0.0,0.0
1049,1049,-0.998633923513733,-7.78230057302352,1.0545801007562838,0.0,0.0,0.0,5.136230459737921,-3.692548387328907,-4.760024598957535,0.0,0.0,0.0
1050,1050,-4.284673916364755,-1.518711272182449,6.481411621950517,0.0,0.0,0.0,-7.295666304740444,2.7960214943876966,-1.276373019059349,0.0,0.0,0.0
1051,1051,3.7954674503996624,-5.1850227325512535,4.624238013648216,0.0,0.0,0.0,6.559893340647399,3.5389678461200265,2.667792543366941,0.0,0.0,0.0
1052,1052,-4.883034475326525,-6.009355866607345,1.6484014960652826,0.0,0.0,0.0,-1.4132679453630368,-3.870997532467657,-6.759560853282143,0.0,0.0,0.0
1053,1053,-0.1864962157490297,-0.838994547929234,7.869874104523024,0.0,0.0,0.0,-3.446808477515598,6.446613545706769,3.038798483384902,0.0,0.0,0.0
1054,1054,1.76340298481214,-7.575996752226086,1.4725128978726176,0.0,0.0,0.0,7.525324891841609,-1.208104001193978,-2.1409299627764424,0.0,0.0,0.0
1055,1055,-5.951990922944449,-2.667444055261703,4.486887270282335,0.0,0.0,0.0,-6.562928669451009,-0.06925583192049005,-4.426825275570381,0.0,0.0,0.0
1056,1056,3.614708086728348,-2.9269447665940262,6.406285264647079,0.0,0.0,0.0,3.2786206431176046,6.02861079584281,3.9471647624283914,0.0,0.0,0.0
1057,1057,-2.7207885546725423,-7.4287772577357885,0.2901537638842785,0.0,0.0,0.0,2.8605226002542925,-3.9293814501732727,-6.2490785707538015,0.0,0.0,0.0
1058,1058,-3.0387149669114875,-0.285946677264252,7.304659948184817,0.0,0.0,0.0,-6.288019395615416,4.802363245412308,0.2678254104133375,0.0,0.0,0.0
1059,1059,3.9672482166250007,-6.182736935295795,2.9509857145707548,0.0,0.0,0.0,7.624874907872037,2.0179037115627763,0.6804104358035122,0.0,0.0,0.0
1060,1060,-6.126797970381335,-4.5471608119912785,2.111702225932376,0.0,0.0,0.0,-3.7033991706051244,-2.4269231533283993,-6.56265873727909,0.0,0.0,0.0
1061,1061,1.7965251908385376,-0.7996070672821095,7.668555071695112,0.0,0.0,0.0,-0.8486762964034881,7.033342448614431,3.533476143322178,0.0,0.0,0.0
1062,1062,0.34041715308786974,-7.908841070219202,0.08921994666728818,0.0,0.0,0.0,6.259771006220282,-2.3105164659643718,-4.2603276542042146,0.0,0.0,0.0
1063,1063,-5.550605968208783,-0.9892371805847433,5.557498924626035,0.0,0.0,0.0,-7.001286936486957,2.1714797108940855,-2.9900281284861157,0.0,0.0,0.0
1064,1064,4.750953783226578,-3.8883810070143183,4.998253935618034,0.0,0.0,0.0,5.467663062752168,5.02401184587707,2.74546475404224,0.0,0.0,0.0
1065,1065,-4.5470109552305935,-6.479846598877459,0.09945118910796473,0.0,0.0,0.0,0.3542561665700086,-3.4792007569783117,-7.102342977642971,0.0,0.0,0.0
1066,1066,-1.1714703870567975,0.4881398770035591,7.814281010029887,0.0,0.0,0.0,-4.490244635851397,6.338718050115994,1.5270781585522082,0.0,0.0,0.0
1067,1067,3.3165828297994198,-7.092412823761508,1.171140376474464,0.0,0.0,0.0,7.7528962061746185,0.5061121116266707,-1.5198888307155127,0.0,0.0,0.0
1068,1068,-6.766269220603059,-2.756758451034569,3.0481953329724374,0.0,0.0,0.0,-5.397408562707789,-0.5281542849871014,-5.767377651016464,0.0,0.0,0.0
1069,1069,3.7026864841825544,-1.3380230808618985,6.868290773250535,0.0,0.0,0.0,1.8028837503107107,6.9394167221096845,3.356741999432757,0.0,0.0,0.0
1070,1070,-1.5740644739773226,-7.7090660551294015,-0.8753471884914387,0.0,0.0,0.0,4.321350013718681,-2.8609236667883415,-5.98453514842462,0.0,0.0,0.0
1071,1071,-4.339018970870745,0.4744229136337471,6.604653539772455,0.0,0.0,0.0,-6.499322125593078,4.27526249598473,-1.4678397764021927,0.0,0.0,0.0
1072,1072,5.172309445206427,-5.064586425563798,3.2048073970223347,0.0,0.0,0.0,6.938550525859636,3.671726546266172,1.0239882228439043,0.0,0.0,0.0
1073,1073,-6.120868756746521,-4.995142313151964,0.5070799197650387,0.0,0.0,0.0,-2.0282599720404035,-2.379216058414914,-7.2731769911219,0.0,0.0,0.0
1074,1074,1.0377224068889,0.6790816395880138,7.81892521028312,0.0,0.0,0.0,-2.1599093538835255,7.261890777572206,2.2963764997499747,0.0,0.0,0.0
1075,1075,1.9024380946590824,-7.671074835833078,-0.45711187911078166,0.0,0.0,0.0,6.971314400066893,-0.7474219763452784,-3.676376889776382,0.0,0.0,0.0
1076,1076,-6.61126664419759,-0.8736253510100896,4.266326665455728,0.0,0.0,0.0,-6.278661743657359,1.5998939997479142,-4.548885249079155,0.0,0.0,0.0
1077,1077,5.192234702079307,-2.3475001598386394,5.4957759151066865,0.0,0.0,0.0,4.160060702229782,6.249795395057774,2.5114863297784167,0.0,0.0,0.0
1078,1078,-3.6665880873738863,-6.90045218194748,-1.2702372192507707,0.0,0.0,0.0,2.0084135152027236,-2.7600200389381357,-7.142980865688828,0.0,0.0,0.0
1079,1079,-2.443059298563364,1.5045711124044452,7.378437378090763,0.0,0.0,0.0,-5.151293346717461,6.010361384762484,-0.11551619629380136,0.0,0.0,0.0
1080,1080,4.753028108433173,-6.207316441047366,1.2456153146670117,0.0,0.0,0.0,7.532952104014314,2.215506159410577,-1.0098396740205204,0.0,0.0,0.0
1081,1081,-7.130861871527502,-3.1241624374577026,1.4366729427950493,0.0,0.0,0.0,-3.9586649969922125,-0.7588001567380299,-6.8137218078454564,0.0,0.0,0.0
1082,1082,3.2528059723390017,0.2609457270893443,7.212819957881613,0.0,0.0,0.0,0.37513502085825884,7.520023761204699,2.4458388045879405,0.0,0.0,0.0
1083,1083,-0.08786267799652192,-7.731277934754207,-1.7009505449553175,0.0,0.0,0.0,5.437538410788058,-1.5368298513219096,-5.544812093324365,0.0,0.0,0.0
1084,1084,-5.604211092108279,0.850355817385214,5.526601499105524,0.0,0.0,0.0,-6.252866978120826,3.7043240070438492,-3.138988581653413,0.0,0.0,0.0
1085,1085,5.99294762882888,-3.6417526705983616,3.673666739824092,0.0,0.0,0.0,5.926194702851279,5.133268920383877,1.0969857090701634,0.0,0.0,0.0
1086,1086,-5.591114053813128,-5.507733538135706,-1.0382321614813523,0.0,0.0,0.0,-0.33409233129763455,-2.0051930347295768,-7.651221753329716,0.0,0.0,0.0
1087,1087,-0.10394067226302944,1.9518892445595306,7.6715667125176,0.0,0.0,0.0,-3.171646482718085,7.204432415755715,0.8428661023294439,0.0,0.0,0.0
1088,1088,3.5051571815391784,-7.070479190879454,-0.6291329390762582,0.0,0.0,0.0,7.223976919078949,0.907844550692946,-3.108631025930464,0.0,0.0,0.0
1089,1089,-7.353881061428011,-1.0826504208440677,2.7243187243056495,0.0,0.0,0.0,-5.183097235091837,1.1803150992406621,-5.866512629243513,0.0,0.0,0.0
1090,1090,5.130877220906494,-0.692240650191353,5.989032721332491,0.0,0.0,0.0,2.765919204873186,7.159716150581393,1.9395274440449137,0.0,0.0,0.0
1091,1091,-2.368768426129547,-7.1671690377702175,-2.386259675388544,0.0,0.0,0.0,3.414797956557401,-1.7297247585622362,-6.929705497818359,0.0,0.0,0.0
1092,1092,-3.8258060714309656,2.184175634402951,6.577704448579929,0.0,0.0,0.0,-5.361394107426951,5.542605960611758,-1.791251936837569,0.0,0.0,0.0
1093,1093,5.938985214328027,-4.983982876311269,1.6006187627336175,0.0,0.0,0.0,6.899756131642384,3.8167898279984542,-0.7064643258768456,0.0,0.0,0.0
1094,1094,-7.020928806278507,-3.6511093393543557,-0.22264411115907776,0.0,0.0,0.0,-2.3664338282335806,-0.6903880134978767,-7.52309553564196,0.0,0.0,0.0
1095,1095,2.359595583626145,1.7577956557511618,7.349562859472671,0.0,0.0,0.0,-0.862302200606093,7.770010784303384,1.2477894203850153,0.0,0.0,0.0
1096,1096,1.5746376401890074,-7.446910700437068,-2.1766139834159057,0.0,0.0,0.0,6.119579370500112,-0.02791167779229959,-5.02230827183856,0.0,0.0,0.0
1097,1097,-6.6874627245339076,0.8806988262747655,4.144372449039002,0.0,0.0,0.0,-5.559978200049142,3.194639105773971,-4.642686130875503,0.0,0.0,0.0
1098,1098,6.37387390931281,-2.0188831129639118,4.239275112015772,0.0,0.0,0.0,4.694904061834664,6.318629502636422,0.8404809156469666,0.0,0.0,0.0
1099,1099,-4.600675041772837,-5.969535669639729,-2.4232301087377617,0.0,0.0,0.0,1.2321422905126984,-1.286878215243093,-7.713584182858747,0.0,0.0,0.0
1100,1100,-1.4814598783306503,2.9523998672723053,7.194596775609651,0.0,0.0,0.0,-3.774631846948972,6.919115778450747,-0.7426993842587133,0.0,0.0,0.0
1101,1101,4.995055750503171,-6.123165680698302,-0.47944885761618183,0.0,0.0,0.0,7.004543091186419,2.5510618088421997,-2.6649710771723445,0.0,0.0,0.0
1102,1102,-7.698008373329586,-1.5273003306535446,1.0400153340787446,0.0,0.0,0.0,-3.8054496944258105,1.0082766072436347,-6.868445385781672,0.0,0.0,0.0
1103,1103,4.600134093196948,0.962739517390638,6.3706757928219275,0.0,0.0,0.0,1.4331660937457387,7.717648991207604,1.028367690680521,0.0,0.0,0.0
1104,1104,-0.7815790555240558,-7.199607042242467,-3.1981875692717834,0.0,0.0,0.0,4.446116116552899,-0.4314077777179312,-6.536019424576307,0.0,0.0,0.0
1105,1105,-5.164811257392781,2.5221508656527996,5.443995848398619,0.0,0.0,0.0,-5.081520622666667,5.03587718806962,-3.3899410347495955,0.0,0.0,0.0
1106,1106,6.773690323867967,-3.4946703925692444,2.13962832160709,0.0,0.0,0.0,5.924267109972799,5.204650101313292,-0.6987758178270468,0.0,0.0,0.0
1107,1107,-6.441649419694127,-4.226955526619224,-1.8197831850864163,0.0,0.0,0.0,-0.765507355438992,-0.26834918411677905,-7.874998305722891,0.0,0.0,0.0
1108,1108,1.130126275191837,3.0617179826809835,7.212649215623527,0.0,0.0,0.0,-1.7663737533740371,7.715048036825635,-0.17767572667641332,0.0,0.0,0.0
1109,1109,3.261655054916305,-6.832176092084021,-2.314430223722502,0.0,0.0,0.0,6.301735539543167,1.5724103964211686,-4.526507024833937,0.0,0.0,0.0
1110,1110,-7.472169208593821,0.6203197383533348,2.540767964875463,0.0,0.0,0.0,-4.467995416610749,2.8590057081448923,-5.876794570931166,0.0,0.0,0.0
1111,1111,6.294269885673618,-0.29987899259997625,4.792269849151363,0.0,0.0,0.0,3.381739775494083,7.154844520694391,0.2136517880020037,0.0,0.0,0.0
1112,1112,-3.2343468217470743,-6.282580660322406,-3.5695646785263957,0.0,0.0,0.0,2.514563040636604,-0.23017719637119838,-7.503172814477942,0.0,0.0,0.0
1113,1113,-2.9500220637084067,3.63986375811255,6.381408367829013,0.0,0.0,0.0,-3.8759461836007056,6.488810117824192,-2.3549937468365587,0.0,0.0,0.0
1114,1114,6.243897665500713,-4.866373581149146,-0.07590271690890422,0.0,0.0,0.0,6.332924310263321,4.064767618324825,-2.4587283299461005,0.0,0.0,0.0
1115,1115,-7.599133633194657,-2.112693487728444,-0.6806653823615344,0.0,0.0,0.0,-2.2698487489776067,1.174681577649881,-7.492764573832581,0.0,0.0,0.0
1116,1116,3.6617623628626426,2.515328552852706,6.552726896499828,0.0,0.0,0.0,0.32677237412170895,7.907412958730185,-0.1991261575047245,0.0,0.0,0.0
1117,1117,0.9604359648665242,-6.942165608181439,-3.6820524897072713,0.0,0.0,0.0,4.982316129255085,1.0665862324253745,-6.059086639746211,0.0,0.0,0.0
1118,1118,-6.324186214777748,2.5382149517909247,4.029360332646593,0.0,0.0,0.0,-4.300219632243754,4.608817682692067,-4.789626477415131,0.0,0.0,0.0
1119,1119,7.191432752017625,-1.8233561462539558,2.762657859401324,0.0,0.0,0.0,4.711698284053875,6.271212248684102,-1.0702370405587855,0.0,0.0,0.0
1120,1120,-5.431472241655687,-4.748246839451008,-3.2598883954443942,0.0,0.0,0.0,0.67482948127513,0.5478934807133796,-7.868800989730231,0.0,0.0,0.0
1121,1121,-0.3141380618163525,4.1044480599653355,6.762280274593093,0.0,0.0,0.0,-2.1906154977233707,7.404408572253938,-1.7462956643284553,0.0,0.0,0.0
1122,1122,4.833417117556814,-5.889687787008827,-2.150178562411409,0.0,0.0,0.0,5.937063376949126,3.148686617278694,-4.184574309920339,0.0,0.0,0.0
1123,1123,-7.874100782394198,0.14076340176155247,0.8076717429806167,0.0,0.0,0.0,-3.0561514467373945,2.8206139134649764,-6.7362962076172455,0.0,0.0,0.0
1124,1124,5.769451878611426,1.4130638535241034,5.233573031613916,0.0,0.0,0.0,2.154086550277394,7.574637062116288,-0.8114158133251569,0.0,0.0,0.0
1125,1125,-1.598157095978434,-6.368189734319928,-4.423309226728541,0.0,0.0,0.0,3.341949367400128,1.140069765477535,-7.085564654038777,0.0,0.0,0.0
1126,1126,-4.369533489213011,4.000489128263786,5.25136886271332,0.0,0.0,0.0,-3.388751617444681,6.0201248945092,-3.8662733789480557,0.0,0.0,0.0
1127,1127,7.151761928882463,-3.3580230691559056,0.4995933252055306,0.0,0.0,0.0,5.253735352952868,5.313115468614472,-2.6158516718821376,0.0,0.0,0.0
1128,1128,-7.050030503116085,-2.7402948040062642,-2.336977835422232,0.0,0.0,0.0,-0.733431705421126,1.7757971786227436,-7.679989155256949,0.0,0.0,0.0
1129,1129,2.4044336894268734,3.8787303581854773,6.468984507063315,0.0,0.0,0.0,-0.36036498817710194,7.72283318896804,-1.7034070921701716,0.0,0.0,0.0
1130,1130,2.7202104304275365,-6.365606362603177,-3.84097929720598,0.0,0.0,0.0,4.8918598545301055,2.674093959490873,-5.620724132212583,0.0,0.0,0.0
1131,1131,-7.191270296007634,2.2757936382215966,2.4041642949212383,0.0,0.0,0.0,-3.016409402161175,4.405680264517728,-5.845072012933495,0.0,0.0,0.0
1132,1132,7.163418308076314,-0.06271558305627481,3.369735302682506,0.0,0.0,0.0,3.39717677410369,6.888991263047794,-1.916924738774943,0.0,0.0,0.0
1133,1133,-4.06021979507897,-5.1223937943929325,-4.466464837183812,0.0,0.0,0.0,1.7454682130925514,1.804061534417665,-7.508149825896114,0.0,0.0,0.0
1134,1134,-1.8422781272855049,4.842498675461891,5.9858022846449765,0.0,0.0,0.0,-1.9534177044567704,6.900944381699236,-3.351825923820383,0.0,0.0,0.0
1135,1135,6.167567850184044,-4.64782167366535,-1.7413993264523087,0.0,0.0,0.0,4.963631768703441,4.555285379028724,-4.157564899230178,0.0,0.0,0.0
1136,1136,-7.844229131250836,-0.4731393789727555,-0.9580290055560908,0.0,0.0,0.0,-1.419820865138053,3.2401583201473247,-7.082308513633422,0.0,0.0,0.0
1137,1137,4.849322569408857,3.023890615727452,5.4784822052209945,0.0,0.0,0.0,1.227358989652472,7.480837496627479,-2.281287217900754,0.0,0.0,0.0
1138,1138,0.1859903125754404,-6.170041955980262,-4.956773242347999,0.0,0.0,0.0,3.4764837905044748,2.8051705690885886,-6.535953613946828,0.0,0.0,0.0
1139,1139,-5.611045129326537,4.0473545560323805,3.8482079940422453,0.0,0.0,0.0,-2.167613471222655,5.647615081578084,-5.106809849670498,0.0,0.0,0.0
1140,1140,7.6510515561049255,-1.6733426185483367,1.155398493057685,0.0,0.0,0.0,3.7931125350027184,6.100981744862129,-3.3262486612774547,0.0,0.0,0.0
1141,1141,-6.080030919454767,-3.312890474354899,-3.8381755867063148,0.0,0.0,0.0,0.601401444468474,2.9786842677736822,-7.310223488135951,0.0,0.0,0.0
1142,1142,0.9384433195111331,4.985399612374133,6.077723747587622,0.0,0.0,0.0,-0.3271283268440286,7.1090041626691205,-3.4682355721483367,0.0,0.0,0.0
1143,1143,4.365324235966663,-5.467764661784472,-3.704200997409396,0.0,0.0,0.0,3.9071294483379333,4.292452953735371,-5.383567425498149,0.0,0.0,0.0
1144,1144,-7.681865362843442,1.7989974770046437,0.6528121750265569,0.0,0.0,0.0,-1.1301530199895728,4.654716033295568,-6.303172527527339,0.0,0.0,0.0
1145,1145,6.698173859286724,1.6911349931170248,3.8662825164243793,0.0,0.0,0.0,2.1266318322244695,6.787163909644464,-3.4764139892675394,0.0,0.0,0.0
1146,1146,-2.4242871940662867,-5.272404785328231,-5.384996795850482,0.0,0.0,0.0,2.0738783094065845,3.691258133740513,-6.689338775907015,0.0,0.0,0.0
1147,1147,-3.3215031685396066,5.2588096659018175,4.897565590187101,0.0,0.0,0.0,-0.5813929469826248,6.206222347330686,-4.8804095655669935,0.0,0.0,0.0
1148,1148,7.165544481744762,-3.158311644161221,-1.1634650615633442,0.0,0.0,0.0,3.0109387548334676,5.5416886481761765,-4.785138018103861,0.0,0.0,0.0
1149,1149,-7.370452648834648,-1.128546808227202,-2.66015431204889,0.0,0.0,0.0,0.4854822345545704,4.5817960919972505,-6.437783988475879,0.0,0.0,0.0
1150,1150,3.614412685367999,4.448082225298822,5.461153410024054,0.0,0.0,0.0,1.0573643456282833,6.333704124465216,-4.630311416666501,0.0,0.0,0.0
1151,1151,1.987969526829112,-5.65681252626346,-5.169338479350469,0.0,0.0,0.0,1.857512348338747,5.156215216023213,-5.712854245716894,0.0,0.0,0.0
1152,1152,-6.564098238252684,3.8188289158099393,2.2366875377056292,0.0,0.0,0.0,-1.517371175332835,-5.0195988879761755,5.930836604652259,0.0,0.0,0.0
1153,1153,7.709614576218281,0.10016757789556394,1.7959456154034599,0.0,0.0,0.0,-0.2508898709150477,-6.00978690966491,5.147147431741033,0.0,0.0,0.0
1154,1154,-4.75218822276673,-3.7404629252175363,-5.108743026562995,0.0,0.0,0.0,-2.775488033405888,-5.501567670018033,4.970214327332257,0.0,0.0,0.0
1155,1155,-0.611673781322119,5.790647334881124,5.363568750306367,0.0,0.0,0.0,-0.24998081743922942,-4.432761046246121,6.554521356192316,0.0,0.0,0.0
1156,1156,5.776082766061879,-4.27293768648451,-3.3245274127323907,0.0,0.0,0.0,-0.9660955493657283,-6.8277648503974016,3.8886884226123395,0.0,0.0,0.0
1157,1157,-7.744734650949488,1.1880582417476326,-1.1319072009593447,0.0,0.0,0.0,-3.003208412374154,-4.064519815321172,6.093769688271162,0.0,0.0,0.0
1158,1158,5.840034465621209,3.3447857291529703,4.168934753314901,0.0,0.0,0.0,1.2127415915374478,-5.445918064278102,5.616479803249578,0.0,0.0,0.0
1159,1159,-0.6398466803836501,-5.141379501396378,-5.985851999440756,0.0,0.0,0.0,-3.068328792951289,-6.341019292578687,3.612539807459114,0.0,0.0,0.0
1160,1160,-4.625690050261325,5.363189784290019,3.53734335449449,0.0,0.0,0.0,-1.1322637200734678,-3.1779393437864947,7.161863689459959,0.0,0.0,0.0
1161,1161,7.758359255234959,-1.4923639912758146,-0.5043039710721471,0.0,0.0,0.0,0.7158338631584973,-6.9528821542878685,3.7173408156808314,0.0,0.0,0.0
1162,1162,-6.477535991217801,-1.7308055456833036,-4.209447797098298,0.0,0.0,0.0,-4.274436814881325,-4.453944086096177,4.956327582444674,0.0,0.0,0.0
1163,1163,2.169957960977835,5.617911416503053,5.1384788483460095,0.0,0.0,0.0,1.4382393638088842,-3.999830388142574,6.678804946206141,0.0,0.0,0.0
1164,1164,3.6781363375972207,-4.82369956373094,-5.086929005981371,0.0,0.0,0.0,-1.867978943632351,-7.268494472155123,2.5205661834957542,0.0,0.0,0.0
1165,1165,-7.143631467927005,3.3755334931763668,0.4979098290588322,0.0,0.0,0.0,-2.9490756310825184,-2.5933392124623693,6.873947611252653,0.0,0.0,0.0
1166,1166,7.332193497788969,1.8687661021865798,2.3281458024112864,0.0,0.0,0.0,2.2968028917513097,-6.065372113751386,4.539776284042598,0.0,0.0,0.0
1167,1167,-3.1584676772269367,-3.946049345830477,-6.093142670508323,0.0,0.0,0.0,-4.505275036927846,-5.619949153210488,3.2851604934841907,0.0,0.0,0.0
1168,1168,-2.1157105410080246,6.275233793339993,4.338066488261455,0.0,0.0,0.0,0.28927261991394715,-2.445477551845662,7.523933280257929,0.0,0.0,0.0
1169,1169,6.853342135705551,-2.8298250600066184,-2.774419364787379,0.0,0.0,0.0,0.2616731316492639,-7.580426755114984,2.2676570493563513,0.0,0.0,0.0
1170,1170,-7.3645530747490255,0.5336799246369592,-2.855197866738823,0.0,0.0,0.0,-4.724566054844707,-3.0006041476989394,5.598969677825271,0.0,0.0,0.0
1171,1171,4.665639531089686,4.813808877530134,4.21101685671419,0.0,0.0,0.0,2.882180572170526,-4.36691275205171,5.941104213558006,0.0,0.0,0.0
1172,1172,1.1652901753087141,-4.696104210149949,-6.2659648232117195,0.0,0.0,0.0,-3.335612410634726,-6.956944164944798,1.7743248977698247,0.0,0.0,0.0
1173,1173,-5.643882122987327,5.191325438236406,1.9673194674809231,0.0,0.0,0.0,-1.8845043726023207,-1.4662017791873023,7.548013428931912,0.0,0.0,0.0
1174,1174,7.910980171008095,0.26441394699873483,0.14173605587514027,0.0,0.0,0.0,2.459368597478198,-6.879776868775876,3.048571378298414,0.0,0.0,0.0
1175,1175,-5.2250506763367035,-2.189941963263802,-5.529612168880869,0.0,0.0,0.0,-5.553993502157026,-4.301116113519304,3.650639323051224,0.0,0.0,0.0
1176,1176,0.6384668527568219,6.486936988598977,4.492840938077266,0.0,0.0,0.0,2.012507178972768,-2.3946585095867614,7.272484897752113,0.0,0.0,0.0
1177,1177,5.136230459737921,-3.692548387328907,-4.760024598957535,0.0,0.0,0.0,-0.998633923513733,-7.78230057302352,1.0545801007562838,0.0,0.0,0.0
1178,1178,-7.295666304740444,2.7960214943876966,-1.276373019059349,0.0,0.0,0.0,-4.284673916364755,-1.518711272182449,6.481411621950517,0.0,0.0,0.0
1179,1179,6.559893340647399,3.5389678461200265,2.667792543366941,0.0,0.0,0.0,3.7954674503996624,-5.1850227325512535,4.624238013648216,0.0,0.0,0.0
1180,1180,-1.4132679453630368,-3.870997532467657,-6.759560853282143,0.0,0.0,0.0,-4.883034475326525,-6.009355866607345,1.6484014960652826,0.0,0.0,0.0
1181,1181,-3.446808477515598,6.446613545706769,3.038798483384902,0.0,0.0,0.0,-0.1864962157490297,-0.838994547929234,7.869874104523024,0.0,0.0,0.0
1182,1182,7.525324891841609,-1.208104001193978,-2.1409299627764424,0.0,0.0,0.0,1.76340298481214,-7.575996752226086,1.4725128978726176,0.0,0.0,0.0
1183,1183,-6.562928669451009,-0.06925583192049005,-4.426825275570381,0.0,0.0,0.0,-5.951990922944449,-2.667444055261703,4.486887270282335,0.0,0.0,0.0
1184,1184,3.2786206431176046,6.02861079584281,3.9471647624283914,0.0,0.0,0.0,3.614708086728348,-2.9269447665940262,6.406285264647079,0.0,0.0,0.0
1185,1185,2.8605226002542925,-3.9293814501732727,-6.2490785707538015,0.0,0.0,0.0,-2.7207885546725423,-7.4287772577357885,0.2901537638842785,0.0,0.0,0.0
1186,1186,-6.288019395615416,4.802363245412308,0.2678254104133375,0.0,0.0,0.0,-3.0387149669114875,-0.285946677264252,7.304659948184817,0.0,0.0,0.0
1187,1187,7.624874907872037,2.0179037115627763,0.6804104358035122,0.0,0.0,0.0,3.9672482166250007,-6.182736935295795,2.9509857145707548,0.0,0.0,0.0
1188,1188,-3.7033991706051244,-2.4269231533283993,-6.56265873727909,0.0,0.0,0.0,-6.126797970381335,-4.5471608119912785,2.111702225932376,0.0,0.0,0.0
1189,1189,-0.8486762964034881,7.033342448614431,3.533476143322178,0.0,0.0,0.0,1.7965251908385376,-0.7996070672821095,7.668555071695112,0.0,0.0,0.0
1190,1190,6.259771006220282,-2.3105164659643718,-4.2603276542042146,0.0,0.0,0.0,0.34041715308786974,-7.908841070219202,0.08921994666728818,0.0,0.0,0.0
1191,1191,-7.001286936486957,2.1714797108940855,-2.9900281284861157,0.0,0.0,0.0,-5.550605968208783,-0.9892371805847433,5.557498924626035,0.0,0.0,0.0
1192,1192,5.467663062752168,5.02401184587707,2.74546475404224,0.0,0.0,0.0,4.750953783226578,-3.8883810070143183,4.998253935618034,0.0,0.0,0.0
1193,1193,0.3542561665700086,-3.4792007569783117,-7.102342977642971,0.0,0.0,0.0,-4.5470109552305935,-6.479846598877459,0.09945118910796473,0.0,0.0,0.0
1194,1194,-4.490244635851397,6.338718050115994,1.5270781585522082,0.0,0.0,0.0,-1.1714703870567975,0.4881398770035591,7.814281010029887,0.0,0.0,0.0
1195,1195,7.7528962061746185,0.5061121116266707,-1.5198888307155127,0.0,0.0,0.0,3.3165828297994198,-7.092412823761508,1.171140376474464,0.0,0.0,0.0
1196,1196,-5.397408562707789,-0.5281542849871014,-5.767377651016464,0.0,0.0,0.0,-6.766269220603059,-2.756758451034569,3.0481953329724374,0.0,0.0,0.0
1197,1197,1.8028837503107107,6.9394167221096845,3.356741999432757,0.0,0.0,0.0,3.7026864841825544,-1.3380230808618985,6.868290773250535,0.0,0.0,0.0
1198,1198,4.321350013718681,-2.8609236667883415,-5.98453514842462,0.0,0.0,0.0,-1.5740644739773226,-7.7090660551294015,-0.8753471884914387,0.0,0.0,0.0
1199,1199,-6.499322125593078,4.27526249598473,-1.4678397764021927,0.0,0.0,0.0,-4.339018970870745,0.4744229136337471,6.604653539772455,0.0,0.0,0.0
1200,1200,6.938550525859636,3.671726546266172,1.0239882228439043,0.0,0.0,0.0,5.172309445206427,-5.064586425563798,3.2048073970223347,0.0,0.0,0.0
1201,1201,-2.0282599720404035,-2.379216058414914,-7.2731769911219,0.0,0.0,0.0,-6.120868756746521,-4.995142313151964,0.5070799197650387,0.0,0.0,0.0
1202,1202,-2.1599093538835255,7.261890777572206,2.2963764997499747,0.0,0.0,0.0,1.0377224068889,0.6790816395880138,7.81892521028312,0.0,0.0,0.0
1203,1203,6.971314400066893,-0.7474219763452784,-3.676376889776382,0.0,0.0,0.0,1.9024380946590824,-7.671074835833078,-0.45711187911078166,0.0,0.0,0.0
1204,1204,-6.278661743657359,1.5998939997479142,-4.548885249079155,0.0,0.0,0.0,-6.61126664419759,-0.8736253510100896,4.266326665455728,0.0,0.0,0.0
1205,1205,4.160060702229782,6.249795395057774,2.5114863297784167,0.0,0.0,0.0,5.192234702079307,-2.3475001598386394,5.4957759151066865,0.0,0.0,0.0
1206,1206,2.0084135152027236,-2.7600200389381357,-7.142980865688828,0.0,0.0,0.0,-3.6665880873738863,-6.90045218194748,-1.2702372192507707,0.0,0.0,0.0
1207,1207,-5.151293346717461,6.010361384762484,-0.11551619629380136,0.0,0.0,0.0,-2.443059298563364,1.5045711124044452,7.378437378090763,0.0,0.0,0.0
1208,1208,7.532952104014314,2.215506159410577,-1.0098396740205204,0.0,0.0,0.0,4.753028108433173,-6.207316441047366,1.2456153146670117,0.0,0.0,0.0
1209,1209,-3.9586649969922125,-0.7588001567380299,-6.8137218078454564,0.0,0.0,0.0,-7.130861871527502,-3.1241624374577026,1.4366729427950493,0.0,0.0,0.0
1210,1210,0.37513502085825884,7.520023761204699,2.4458388045879405,0.0,0.0,0.0,3.2528059723390017,0.2609457270893443,7.212819957881613,0.0,0.0,0.0
1211,1211,5.437538410788058,-1.5368298513219096,-5.544812093324365,0.0,0.0,0.0,-0.08786267799652192,-7.731277934754207,-1.7009505449553175,0.0,0.0,0.0
1212,1212,-6.252866978120826,3.7043240070438492,-3.138988581653413,0.0,0.0,0.0,-5.604211092108279,0.850355817385214,5.526601499105524,0.0,0.0,0.0
1213,1213,5.926194702851279,5.133268920383877,1.0969857090701634,0.0,0.0,0.0,5.99294762882888,-3.6417526705983616,3.673666739824092,0.0,0.0,0.0
1214,1214,-0.33409233129763455,-2.0051930347295768,-7.651221753329716,0.0,0.0,0.0,-5.591114053813128,-5.507733538135706,-1.0382321614813523,0.0,0.0,0.0
1215,1215,-3.171646482718085,7.204432415755715,0.8428661023294439,0.0,0.0,0.0,-0.10394067226302944,1.9518892445595306,7.6715667125176,0.0,0.0,0.0
1216,1216,7.223976919078949,0.907844550692946,-3.108631025930464,0.0,0.0,0.0,3.5051571815391784,-7.070479190879454,-0.6291329390762582,0.0,0.0,0.0
1217,1217,-5.183097235091837,1.1803150992406621,-5.866512629243513,0.0,0.0,0.0,-7.353881061428011,-1.0826504208440677,2.7243187243056495,0.0,0.0,0.0
1218,1218,2.765919204873186,7.159716150581393,1.9395274440449137,0.0,0.0,0.0,5.130877220906494,-0.692240650191353,5.989032721332491,0.0,0.0,0.0
1219,1219,3.414797956557401,-1.7297247585622362,-6.929705497818359,0.0,0.0,0.0,-2.368768426129547,-7.1671690377702175,-2.386259675388544,0.0,0.0,0.0
1220,1220,-5.361394107426951,5.542605960611758,-1.791251936837569,0.0,0.0,0.0,-3.8258060714309656,2.184175634402951,6.577704448579929,0.0,0.0,0.0
1221,1221,6.899756131642384,3.8167898279984542,-0.7064643258768456,0.0,0.0,0.0,5.938985214328027,-4.983982876311269,1.6006187627336175,0.0,0.0,0.0
1222,1222,-2.3664338282335806,-0.6903880134978767,-7.52309553564196,0.0,0.0,0.0,-7.020928806278507,-3.6511093393543557,-0.22264411115907776,0.0,0.0,0.0
1223,1223,-0.862302200606093,7.770010784303384,1.2477894203850153,0.0,0.0,0.0,2.359595583626145,1.7577956557511618,7.349562859472671,0.0,0.0,0.0
1224,1224,6.119579370500112,-0.02791167779229959,-5.02230827183856,0.0,0.0,0.0,1.5746376401890074,-7.446910700437068,-2.1766139834159057,0.0,0.0,0.0
1225,1225,-5.559978200049142,3.194639105773971,-4.642686130875503,0.0,0.0,0.0,-6.6874627245339076,0.8806988262747655,4.144372449039002,0.0,0.0,0.0
1226,1226,4.694904061834664,6.318629502636422,0.8404809156469666,0.0,0.0,0.0,6.37387390931281,-2.0188831129639118,4.239275112015772,0.0,0.0,0.0
1227,1227,1.2321422905126984,-1.286878215243093,-7.713584182858747,0.0,0.0,0.0,-4.600675041772837,-5.969535669639729,-2.4232301087377617,0.0,0.0,0.0
1228,1228,-3.774631846948972,6.919115778450747,-0.7426993842587133,0.0,0.0,0.0,-1.4814598783306503,2.9523998672723053,7.194596775609651,0.0,0.0,0.0
1229,1229,7.004543091186419,2.5510618088421997,-2.6649710771723445,0.0,0.0,0.0,4.995055750503171,-6.123165680698302,-0.47944885761618183,0.0,0.0,0.0
1230,1230,-3.8054496944258105,1.0082766072436347,-6.868445385781672,0.0,0.0,0.0,-7.698008373329586,-1.5273003306535446,1.0400153340787446,0.0,0.0,0.0
1231,1231,1.4331660937457387,7.717648991207604,1.028367690680521,0.0,0.0,0.0,4.600134093196948,0.962739517390638,6.3706757928219275,0.0,0.0,0.0
1232,1232,4.446116116552899,-0.4314077777179312,-6.536019424576307,0.0,0.0,0.0,-0.7815790555240558,-7.199607042242467,-3.1981875692717834,0.0,0.0,0.0
1233,1233,-5.081520622666667,5.03587718806962,-3.3899410347495955,0.0,0.0,0.0,-5.164811257392781,2.5221508656527996,5.443995848398619,0.0,0.0,0.0
1234,1234,5.924267109972799,5.204650101313292,-0.6987758178270468,0.0,0.0,0.0,6.773690323867967,-3.4946703925692444,2.13962832160709,0.0,0.0,0.0
1235,1235,-0.765507355438992,-0.26834918411677905,-7.874998305722891,0.0,0.0,0.0,-6.441649419694127,-4.226955526619224,-1.8197831850864163,0.0,0.0,0.0
1236,1236,-1.7663737533740371,7.715048036825635,-0.17767572667641332,0.0,0.0,0.0,1.130126275191837,3.0617179826809835,7.212649215623527,0.0,0.0,0.0
1237,1237,6.301735539543167,1.5724103964211686,-4.526507024833937,0.0,0.0,0.0,3.261655054916305,-6.832176092084021,-2.314430223722502,0.0,0.0,0.0
1238,1238,-4.467995416610749,2.8590057081448923,-5.876794570931166,0.0,0.0,0.0,-7.472169208593821,0.6203197383533348,2.540767964875463,0.0,0.0,0.0
1239,1239,3.381739775494083,7.154844520694391,0.2136517880020037,0.0,0.0,0.0,6.294269885673618,-0.29987899259997625,4.792269849151363,0.0,0.0,0.0
1240,1240,2.514563040636604,-0.23017719637119838,-7.503172814477942,0.0,0.0,0.0,-3.2343468217470743,-6.282580660322406,-3.5695646785263957,0.0,0.0,0.0
1241,1241,-3.8759461836007056,6.488810117824192,-2.3549937468365587,0.0,0.0,0.0,-2.9500220637084067,3.63986375811255,6.381408367829013,0.0,0.0,0.0
1242,1242,6.332924310263321,4.064767618324825,-2.4587283299461005,0.0,0.0,0.0,6.243897665500713,-4.866373581149146,-0.07590271690890422,0.0,0.0,0.0
1243,1243,-2.2698487489776067,1.174681577649881,-7.492764573832581,0.0,0.0,0.0,-7.599133633194657,-2.112693487728444,-0.6806653823615344,0.0,0.0,0.0
1244,1244,0.32677237412170895,7.907412958730185,-0.1991261575047245,0.0,0.0,0.0,3.6617623628626426,2.515328552852706,6.552726896499828,0.0,0.0,0.0
1245,1245,4.982316129255085,1.0665862324253745,-6.059086639746211,0.0,0.0,0.0,0.9604359648665242,-6.942165608181439,-3.6820524897072713,0.0,0.0,0.0
1246,1246,-4.300219632243754,4.608817682692067,-4.789626477415131,0.0,0.0,0.0,-6.324186214777748,2.5382149517909247,4.029360332646593,0.0,0.0,0.0
1247,1247,4.711698284053875,6.271212248684102,-1.0702370405587855,0.0,0.0,0.0,7.191432752017625,-1.8233561462539558,2.762657859401324,0.0,0.0,0.0
1248,1248,0.67482948127513,0.5478934807133796,-7.868800989730231,0.0,0.0,0.0,-5.431472241655687,-4.748246839451008,-3.2598883954443942,0.0,0.0,0.0
1249,1249,-2.1906154977233707,7.404408572253938,-1.7462956643284553,0.0,0.0,0.0,-0.3141380618163525,4.1044480599653355,6.762280274593093,0.0,0.0,0.0
1250,1250,5.937063376949126,3.148686617278694,-4.184574309920339,0.0,0.0,0.0,4.833417117556814,-5.889687787008827,-2.150178562411409,0.0,0.0,0.0
1251,1251,-3.0561514467373945,2.8206139134649764,-6.7362962076172455,0.0,0.0,0.0,-7.874100782394198,0.14076340176155247,0.8076717429806167,0.0,0.0,0.0
1252,1252,2.154086550277394,7.574637062116288,-0.8114158133251569,0.0,0.0,0.0,5.769451878611426,1.4130638535241034,5.233573031613916,0.0,0.0,0.0
1253,1253,3.341949367400128,1.140069765477535,-7.085564654038777,0.0,0.0,0.0,-1.598157095978434,-6.368189734319928,-4.423309226728541,0.0,0.0,0.0
1254,1254,-3.388751617444681,6.0201248945092,-3.8662733789480557,0.0,0.0,0.0,-4.369533489213011,4.000489128263786,5.25136886271332,0.0,0.0,0.0
1255,1255,5.253735352952868,5.313115468614472,-2.6158516718821376,0.0,0.0,0.0,7.151761928882463,-3.3580230691559056,0.4995933252055306,0.0,0.0,0.0
1256,1256,-0.733431705421126,1.7757971786227436,-7.679989155256949,0.0,0.0,0.0,-7.050030503116085,-2.7402948040062642,-2.336977835422232,0.0,0.0,0.0
1257,1257,-0.36036498817710194,7.72283318896804,-1.7034070921701716,0.0,0.0,0.0,2.4044336894268734,3.8787303581854773,6.468984507063315,0.0,0.0,0.0
1258,1258,4.8918598545301055,2.674093959490873,-5.620724132212583,0.0,0.0,0.0,2.7202104304275365,-6.365606362603177,-3.84097929720598,0.0,0.0,0.0
1259,1259,-3.016409402161175,4.405680264517728,-5.845072012933495,0.0,0.0,0.0,-7.191270296007634,2.2757936382215966,2.4041642949212383,0.0,0.0,0.0
1260,1260,3.39717677410369,6.888991263047794,-1.916924738774943,0.0,0.0,0.0,7.163418308076314,-0.06271558305627481,3.369735302682506,0.0,0.0,0.0
1261,1261,1.7454682130925514,1.804061534417665,-7.508149825896114,0.0,0.0,0.0,-4.06021979507897,-5.1223937943929325,-4.466464837183812,0.0,0.0,0.0
1262,1262,-1.9534177044567704,6.900944381699236,-3.351825923820383,0.0,0.0,0.0,-1.8422781272855049,4.842498675461891,5.9858022846449765,0.0,0.0,0.0
1263,1263,4.963631768703441,4.555285379028724,-4.157564899230178,0.0,0.0,0.0,6.167567850184044,-4.64782167366535,-1.7413993264523087,0.0,0.0,0.0
1264,1264,-1.419820865138053,3.2401583201473247,-7.082308513633422,0.0,0.0,0.0,-7.844229131250836,-0.4731393789727555,-0.9580290055560908,0.0,0.0,0.0
1265,1265,1.227358989652472,7.480837496627479,-2.281287217900754,0.0,0.0,0.0,4.849322569408857,3.023890615727452,5.4784822052209945,0.0,0.0,0.0
1266,1266,3.4764837905044748,2.8051705690885886,-6.535953613946828,0.0,0.0,0.0,0.1859903125754404,-6.170041955980262,-4.956773242347999,0.0,0.0,0.0
1267,1267,-2.167613471222655,5.647615081578084,-5.106809849670498,0.0,0.0,0.0,-5.611045129326537,4.0473545560323805,3.8482079940422453,0.0,0.0,0.0
1268,1268,3.7931125350027184,6.100981744862129,-3.3262486612774547,0.0,0.0,0.0,7.6510515561049255,-1.6733426185483367,1.155398493057685,0.0,0.0,0.0
1269,1269,0.601401444468474,2.9786842677736822,-7.310223488135951,0.0,0.0,0.0,-6.080030919454767,-3.312890474354899,-3.8381755867063148,0.0,0.0,0.0
1270,1270,-0.3271283268440286,7.1090041626691205,-3.4682355721483367,0.0,0.0,0.0,0.9384433195111331,4.985399612374133,6.077723747587622,0.0,0.0,0.0
1271,1271,3.9071294483379333,4.292452953735371,-5.383567425498149,0.0,0.0,0.0,4.365324235966663,-5.467764661784472,-3.704200997409396,0.0,0.0,0.0
1272,1272,-1.1301530199895728,4.654716033295568,-6.303172527527339,0.0,0.0,0.0,-7.681865362843442,1.7989974770046437,0.6528121750265569,0.0,0.0,0.0
1273,1273,2.1266318322244695,6.787163909644464,-3.4764139892675394,0.0,0.0,0.0,6.698173859286724,1.6911349931170248,3.8662825164243793,0.0,0.0,0.0
1274,1274,2.0738783094065845,3.691258133740513,-6.689338775907015,0.0,0.0,0.0,-2.4242871940662867,-5.272404785328231,-5.384996795850482,0.0,0.0,0.0
1275,1275,-0.5813929469826248,6.206222347330686,-4.8804095655669935,0.0,0.0,0.0,-3.3215031685396066,5.2588096659018175,4.897565590187101,0.0,0.0,0.0
1276,1276,3.0109387548334676,5.5416886481761765,-4.785138018103861,0.0,0.0,0.0,7.165544481744762,-3.158311644161221,-1.1634650615633442,0.0,0.0,0.0
1277,1277,0.4854822345545704,4.5817960919972505,-6.437783988475879,0.0,0.0,0.0,-7.370452648834648,-1.128546808227202,-2.66015431204889,0.0,0.0,0.0
1278,1278,1.0573643456282833,6.333704124465216,-4.630311416666501,0.0,0.0,0.0,3.614412685367999,4.448082225298822,5.461153410024054,0.0,0.0,0.0
1279,1279,1.857512348338747,5.156215216023213,-5.712854245716894,0.0,0.0,0.0,1.987969526829112,-5.65681252626346,-5.169338479350469,0.0,0.0,0.0
1280,1280,-8.642712961037905,-2.519975608159837,-3.033683504785295,0.0,0.0,0.0,1.4295061390906372,3.344411310495923,-8.77618511566094,0.0,0.0,0.0
1281,1281,-8.70450057043323,-3.614986953484736,-1.1889235237315539,0.0,0.0,0.0,-3.5534331152084966,3.1823038919165882,8.215598276148347,0.0,0.0,0.0
1282,1282,-7.648589630317597,-3.8765281011397246,-4.089206102398327,0.0,0.0,0.0,4.158870089253851,-7.905097408337474,-3.23469234166487,0.0,0.0,0.0
1283,1283,-9.232742332781585,-1.2293554697627347,-1.8695331356375693,0.0,0.0,0.0,-1.9991857783925229,8.693117767449703,-3.2684797237466365,0.0,0.0,0.0
1284,1284,-7.724625753574186,-5.328680822247431,-1.478281996660453,0.0,0.0,0.0,-0.39676849772943085,-4.609140760321544,8.297493369118868,0.0,0.0,0.0
1285,1285,-7.914569515740334,-1.8496307636353477,-4.918176025575646,0.0,0.0,0.0,3.6279623293471697,-1.4996366587952374,-8.650952504103515,0.0,0.0,0.0
1286,1286,-9.194689541002989,-2.3754920007037907,0.25440518662573297,0.0,0.0,0.0,-3.67477552160825,7.297720831835609,4.846575649487059,0.0,0.0,0.0
1287,1287,-6.676457116488123,-5.548214167169146,-3.859046504868555,0.0,0.0,0.0,3.301082246819874,-8.690844035874528,1.9550155865502221,0.0,0.0,0.0
1288,1288,-8.924920040605057,0.15449212868169443,-3.2514511300035185,0.0,0.0,0.0,0.5467771394814896,6.175134968333077,-7.198523659920139,0.0,0.0,0.0
1289,1289,-8.007792697580888,-5.084625172081943,0.521385626787358,0.0,0.0,0.0,-2.130289359892425,0.3232149857140513,9.252426671741771,0.0,0.0,0.0
1290,1290,-6.682498577289328,-3.206673218107021,-5.942344624524967,0.0,0.0,0.0,4.798823404286945,-5.813827206425771,-5.781064534158989,0.0,0.0,0.0
1291,1291,-9.496738261421699,-0.2462332104700464,-0.03649109384936071,0.0,0.0,0.0,-2.507422412872255,9.163111880748652,0.01461178046288517,0.0,0.0,0.0
1292,1292,-6.370657775125553,-6.758798304423332,-1.9958369152253344,0.0,0.0,0.0,1.5722323384338839,-6.69241367698602,6.5566519390534,0.0,0.0,0.0
1293,1293,-7.873478167227866,0.10957048362714726,-5.314728201810829,0.0,0.0,0.0,3.087923057056933,1.8051663721618694,-8.800915041194957,0.0,0.0,0.0
1294,1294,-8.699184555644164,-3.2892615357027286,1.9377684630543748,0.0,0.0,0.0,-2.9865278359417378,5.201277982709646,7.367316935733425,0.0,0.0,0.0
1295,1295,-5.592642337612031,-5.366805976185193,-5.492699272429893,0.0,0.0,0.0,4.682757413091048,-8.198165587767303,-1.054449622081768,0.0,0.0,0.0
1296,1296,-9.197700725272144,1.5014084580087672,-1.8433865602112716,0.0,0.0,0.0,-0.3214710776818588,8.241332266988339,-4.71456241989969,0.0,0.0,0.0
1297,1297,-6.781386540268641,-6.6286659714418095,0.5688444693694847,0.0,0.0,0.0,-0.3710663839572115,-2.5178140766173875,9.152754886595826,0.0,0.0,0.0
1298,1298,-6.3949632997131385,-1.4779643842652033,-6.868046714604172,0.0,0.0,0.0,4.927679091907312,-2.985403368937995,-7.553498890695142,0.0,0.0,0.0
1299,1299,-9.285017416995753,-0.6187951206045104,1.9119477410800447,0.0,0.0,0.0,-2.596177303488275,8.525802578424212,3.2894610200467347,0.0,0.0,0.0
1300,1300,-5.087938871952717,-7.233471532147202,-3.4698368302714284,0.0,0.0,0.0,3.4319486982171217,-7.875885952563835,4.054891933804522,0.0,0.0,0.0
1301,1301,-8.155200353134033,1.9336017768126719,-4.472571002093644,0.0,0.0,0.0,2.2903702909024735,4.886467933211926,-7.818352452279344,0.0,0.0,0.0
1302,1302,-7.680223417439167,-4.879446392841876,2.7304159312128595,0.0,0.0,0.0,-1.8086609186839404,2.536404216526958,8.974708871680972,0.0,0.0,0.0
1303,1303,-4.96153445324092,-4.089857514892657,-6.993299748830942,0.0,0.0,0.0,5.598210386083163,-6.6424699903036375,-3.8454691392450053,0.0,0.0,0.0
1304,1304,-9.306196847217564,1.8979121087695652,0.20647001729852046,0.0,0.0,0.0,-0.9898298439972069,9.304638933325199,-1.6413199566814787,0.0,0.0,0.0
1305,1305,-5.365509090795007,-7.827201400798142,-0.4429790376070592,0.0,0.0,0.0,1.5583466617574264,-4.938593016081851,7.964411761273809,0.0,0.0,0.0
1306,1306,-6.541079116335398,0.6529480157431403,-6.858421311234648,0.0,0.0,0.0,4.605556952629212,0.2234188574638733,-8.305957450531382,0.0,0.0,0.0
1307,1307,-8.619322467549159,-1.913411067348758,3.506584989354896,0.0,0.0,0.0,-2.18862175361148,6.907040379495196,6.144324862461375,0.0,0.0,0.0
1308,1308,-4.053886939519104,-6.740331849114577,-5.327656825024265,0.0,0.0,0.0,5.008663028914866,-7.9892584350820055,1.155441179840799,0.0,0.0,0.0
1309,1309,-8.511301327058979,3.2260545961224505,-2.720353187117588,0.0,0.0,0.0,1.4155079542114164,7.36661882948767,-5.829173547975855,0.0,0.0,0.0
1310,1310,-6.308571397816916,-6.628521972733543,2.552376025481838,0.0,0.0,0.0,-0.23417539679811103,-0.30842379270530923,9.492103910485138,0.0,0.0,0.0
1311,1311,-4.779845225910164,-2.0567388063586614,-7.948138467501788,0.0,0.0,0.0,6.004978125521737,-4.221105380436271,-6.030962367572604,0.0,0.0,0.0
1312,1312,-9.094913085650093,1.3291880478838858,2.4012111730651373,0.0,0.0,0.0,-1.3025835015436527,9.268888368182761,1.6251106545377512,0.0,0.0,0.0
1313,1313,-3.981354044192236,-8.338076558167865,-2.2080079901905227,0.0,0.0,0.0,3.470038109053147,-6.599738989929967,5.886618790641749,0.0,0.0,0.0
1314,1314,-6.956120844133935,2.7158462919619506,-5.8725260084619,0.0,0.0,0.0,3.954866695353213,3.4066976149006343,-7.9374706791544,0.0,0.0,0.0
1315,1315,-7.522178950619897,-3.788057079640742,4.39516181682246,0.0,0.0,0.0,-1.2781259187270084,4.568288215938984,8.230864894518119,0.0,0.0,0.0
1316,1316,-3.3951153883119956,-5.316324744205938,-7.103511998582834,0.0,0.0,0.0,6.170307532959929,-7.0138241524069285,-1.727303015579694,0.0,0.0,0.0
1317,1317,-8.737475132152445,3.7088850698884768,-0.3882007897924785,0.0,0.0,0.0,0.6520623134544175,8.956814637875356,-3.0984328751699244,0.0,0.0,0.0
1318,1318,-4.756808415959369,-8.09825277267736,1.4286622146263708,0.0,0.0,0.0,1.5896703851638,-2.9247040374161317,8.897699385789254,0.0,0.0,0.0
1319,1319,-4.996149946193665,0.36731781673536756,-8.071775723871257,0.0,0.0,0.0,5.932405698365659,-1.2498922793281868,-7.313981946921525,0.0,0.0,0.0
1320,1320,-8.470095302959393,-0.10122373296606692,4.300841698375935,0.0,0.0,0.0,-1.1560840292056576,8.19329355976655,4.6672701186799905,0.0,0.0,0.0
1321,1321,-2.816092125403088,-7.954757210397301,-4.36365246836803,0.0,0.0,0.0,5.181392362197809,-7.273468541583396,3.2403438958503243,0.0,0.0,0.0
1322,1322,-7.4583710530850444,4.307135714312098,-4.008900494252734,0.0,0.0,0.0,3.1422328871277645,6.168375438939454,-6.50596010802101,0.0,0.0,0.0
1323,1323,-6.0758311478381,-5.854496740231706,4.365677929187656,0.0,0.0,0.0,0.07118155128341935,1.8679491275489337,9.314273951493245,0.0,0.0,0.0
1324,1324,-3.169830725491133,-3.133772428809964,-8.389376826438443,0.0,0.0,0.0,6.845374365064497,-5.084288177694162,-4.188181410600157,0.0,0.0,0.0
1325,1325,-8.667141181061528,3.252556656421643,2.133433604341646,0.0,0.0,0.0,0.169836411820051,9.498477501516703,0.008985890083984979,0.0,0.0,0.0
1326,1326,-3.2124941982776987,-8.928032718457583,-0.469161810042675,0.0,0.0,0.0,3.483089258630631,-4.943374418777421,7.326741333772364,0.0,0.0,0.0
1327,1327,-5.4989067740219015,2.779382291461337,-7.230979073980692,0.0,0.0,0.0,5.476922606132088,1.883545699314991,-7.530310376395573,0.0,0.0,0.0
1328,1328,-7.410578998346592,-2.1562589538539467,5.539301962613034,0.0,0.0,0.0,-0.5134934771561677,6.282819981843679,7.107214470134091,0.0,0.0,0.0
1329,1329,-2.0113900943667304,-6.6278894076664505,-6.501952928762695,0.0,0.0,0.0,6.541649741038134,-6.8760299809472105,0.4207497670948315,0.0,0.0,0.0
1330,1330,-7.859717462249964,5.119009573940591,-1.5068451796143791,0.0,0.0,0.0,2.3539079696514422,8.179944861629544,-4.218722476168752,0.0,0.0,0.0
1331,1331,-4.41756324372796,-7.707101212066387,3.3668569756448017,0.0,0.0,0.0,1.7342553657651412,-0.7915916876728263,9.306757809578029,0.0,0.0,0.0
1332,1332,-3.3619205829389034,-0.4864893023012436,-8.871911752975102,0.0,0.0,0.0,7.032938824528978,-2.4680282792047703,-5.890382661873338,0.0,0.0,0.0
1333,1333,-8.187730346182079,1.8884661760124757,4.432241789443062,0.0,0.0,0.0,0.09501759279097012,8.985525878753792,3.0824172882861998,0.0,0.0,0.0
1334,1334,-1.858146571298875,-8.872202516300735,-2.8427651730553913,0.0,0.0,0.0,5.260308585967071,-6.088547716631069,5.050617811963922,0.0,0.0,0.0
1335,1335,-6.1300307180778315,4.78472653661002,-5.457024405763785,0.0,0.0,0.0,4.7874358800996,4.777086976961261,-6.671573855418347,0.0,0.0,0.0
1336,1336,-5.968689759963258,-4.496163325187907,5.8659404959788395,0.0,0.0,0.0,0.5902912033602704,3.8570769212128058,8.661669233981552,0.0,0.0,0.0
1337,1337,-1.6472076920465273,-4.46742412420064,-8.220634313335708,0.0,0.0,0.0,7.453817058040778,-5.478968490499868,-2.161368905390617,0.0,0.0,0.0
1338,1338,-7.989598126058518,4.975783984260292,1.2875929193190272,0.0,0.0,0.0,1.7682473693701695,9.228262962915503,-1.4008796978388331,0.0,0.0,0.0
1339,1339,-2.7203414194695554,-8.976003590106869,1.5103317886234473,0.0,0.0,0.0,3.5439769439822357,-3.0235152843527144,8.279407149405529,0.0,0.0,0.0
1340,1340,-3.885192081324394,2.25268383749764,-8.371421505294704,0.0,0.0,0.0,6.802293430774594,0.47525821179768085,-6.614600041845251,0.0,0.0,0.0
1341,1341,-7.254417567054134,-0.199836674207638,6.1305375837912885,0.0,0.0,0.0,0.4918624209551414,7.564196178507207,5.726343294959588,0.0,0.0,0.0
1342,1342,-0.8462330376401663,-7.8307187160836325,-5.311660195777147,0.0,0.0,0.0,6.7570644159311435,-6.217630824906519,2.4358052885953163,0.0,0.0,0.0
1343,1343,-6.70824414652097,6.051783236652983,-2.936899747531841,0.0,0.0,0.0,4.042935424494054,7.073714446387701,-4.885410636185719,0.0,0.0,0.0
1344,1344,-4.260931867173747,-6.729246035892997,5.178002260673626,0.0,0.0,0.0,2.0542927769159034,1.3021864479032312,9.183364941100175,0.0,0.0,0.0
1345,1345,-1.731885742639609,-1.7229359511488582,-9.180526318381752,0.0,0.0,0.0,7.888704964217428,-3.2974863164460206,-4.140642218328224,0.0,0.0,0.0
1346,1346,-7.7192238050219215,3.8561630596401884,3.9741150342269744,0.0,0.0,0.0,1.5292584690052289,9.246481794155606,1.5536868941792008,0.0,0.0,0.0
1347,1347,-1.1668344939202386,-9.38016307411559,-0.9492301968520785,0.0,0.0,0.0,5.316283427999074,-4.514031570525072,6.450631712732087,0.0,0.0,0.0
1348,1348,-4.597472132513329,4.688202141607248,-6.865421375998133,0.0,0.0,0.0,6.282201949490388,3.3477079165718595,-6.291008692647053,0.0,0.0,0.0
1349,1349,-5.89541856594054,-2.706688186527819,6.940308277958108,0.0,0.0,0.0,1.3534619224044064,5.510347173659313,7.619331653771591,0.0,0.0,0.0
1350,1350,-0.27709859101201395,-5.86136703294622,-7.471117244145611,0.0,0.0,0.0,7.855034562199492,-5.341911424131882,-0.1114197612645791,0.0,0.0,0.0
1351,1351,-7.05647118669478,6.36049687701982,0.017142595690745364,0.0,0.0,0.0,3.4255497337327556,8.514721571976684,-2.45257529410574,0.0,0.0,0.0
1352,1352,-2.449585180049075,-8.471256041011621,3.5337449728478654,0.0,0.0,0.0,3.726904521659645,-0.9874119982499678,8.68246510110835,0.0,0.0,0.0
1353,1353,-2.2018877126246927,1.2557652917725741,-9.155585400879142,0.0,0.0,0.0,7.889013454779514,-0.6575086281613601,-5.2517758057652,0.0,0.0,0.0
1354,1354,-6.980434704907792,1.8945080293632868,6.159088459911615,0.0,0.0,0.0,1.7250858600153305,8.323520984774525,4.241824747842938,0.0,0.0,0.0
1355,1355,0.07824749219654578,-8.768756216647741,-3.6541471977447824,0.0,0.0,0.0,6.877939643137197,-5.069369692678747,4.152762596649545,0.0,0.0,0.0
1356,1356,-5.322652262170328,6.461818962642906,-4.4904641842309765,0.0,0.0,0.0,5.641306828113784,5.773395312168455,-5.009347646183848,0.0,0.0,0.0
1357,1357,-4.207077391573891,-5.251647879806858,6.706019263888787,0.0,0.0,0.0,2.6029587559677108,3.187489805812631,8.562389529354007,0.0,0.0,0.0
1358,1358,-0.1841568410092378,-3.1698012587033864,-8.953683389424237,0.0,0.0,0.0,8.499644051167607,-3.624564714574184,-2.2064862639804574,0.0,0.0,0.0
1359,1359,-7.028669964822601,5.634975651028616,3.0157665588925835,0.0,0.0,0.0,3.0929658759209167,8.978761702664267,0.25573497409974255,0.0,0.0,0.0
1360,1360,-0.7178232351180353,-9.403665640576294,1.142717079240978,0.0,0.0,0.0,5.428903632106557,-2.6687663991614556,7.324936263192093,0.0,0.0,0.0
1361,1361,-2.9317679627648565,4.0722007054622456,-8.066716681944266,0.0,0.0,0.0,7.562861008545105,2.0537740297338427,-5.369836645563667,0.0,0.0,0.0
1362,1362,-5.775841392046482,-0.6401144886788076,7.515311680504378,0.0,0.0,0.0,2.374564526739144,6.690696781045838,6.312370386176218,0.0,0.0,0.0
1363,1363,0.8931255810098828,-7.143749781413133,-6.198319591383223,0.0,0.0,0.0,8.0929126729047,-4.645465582208813,1.7816885230228627,0.0,0.0,0.0
1364,1364,-5.877493936543505,7.306930854896912,-1.521126723014656,0.0,0.0,0.0,5.0625501188783995,7.455638947598125,-3.0056670102860323,0.0,0.0,0.0
1365,1365,-2.339175716536478,-7.437331132388169,5.428108565070827,0.0,0.0,0.0,4.105016701338865,0.9916876479973947,8.509723467325946,0.0,0.0,0.0
1366,1366,-0.5288288074166608,-0.07830817890156902,-9.4849463847395,0.0,0.0,0.0,8.708674662464047,-1.3564430793830813,-3.54528529113949,0.0,0.0,0.0
1367,1367,-6.532003791837199,3.955085372038405,5.651568469295209,0.0,0.0,0.0,3.154229060970573,8.501122246314292,2.8340359179037367,0.0,0.0,0.0
1368,1368,0.7580295882822201,-9.322039906260779,-1.665822058081163,0.0,0.0,0.0,6.980633683516318,-3.50311191614893,5.408230790130197,0.0,0.0,0.0
1369,1369,-3.753059740230658,6.343196941522894,-5.9940299588118435,0.0,0.0,0.0,7.067777012670046,4.446561628424284,-4.53041033280841,0.0,0.0,0.0
1370,1370,-4.178603051398107,-3.384329749536166,7.8317040728739515,0.0,0.0,0.0,3.4237293409415073,4.687662800210664,7.520232368172999,0.0,0.0,0.0
1371,1371,1.2174972757266045,-4.660060743194889,-8.188500122314936,0.0,0.0,0.0,8.883512377460063,-3.3561992831408545,-0.2629338532373157,0.0,0.0,0.0
1372,1372,-6.099288909443344,7.08917888848475,1.6709929640854446,0.0,0.0,0.0,4.715428771735009,8.223160519364288,-0.6279829386867463,0.0,0.0,0.0
1373,1373,-0.4725369227615959,-8.909322276283545,3.2635387899892216,0.0,0.0,0.0,5.685702411151959,-0.7083868449494285,7.577662975452455,0.0,0.0,0.0
1374,1374,-1.206043732638132,3.022274446811159,-8.925318800072978,0.0,0.0,0.0,8.570576561439823,1.0863885650498015,-3.95157908816803,0.0,0.0,0.0
1375,1375,-5.541078194689639,1.5451654644699209,7.560351587562842,0.0,0.0,0.0,3.652428105251495,7.270787838391638,4.90361225474494,0.0,0.0,0.0
1376,1376,1.835060409787688,-8.167379400682076,-4.4918222379746355,0.0,0.0,0.0,8.22921709253042,-3.393807218585779,3.318442195805096,0.0,0.0,0.0
1377,1377,-4.479355779266052,7.756538872370936,-3.1656715755071545,0.0,0.0,0.0,6.587815237406179,6.1872731138928225,-2.9271730067964077,0.0,0.0,0.0
1378,1378,-2.321852944001581,-5.934452257615692,7.0456564852631525,0.0,0.0,0.0,4.752491822705579,2.713451202233473,7.765372112657181,0.0,0.0,0.0
1379,1379,1.0619468545533417,-1.6032528535738406,-9.303324629691856,0.0,0.0,0.0,9.24326855426311,-1.4597012078827083,-1.637454981761648,0.0,0.0,0.0
1380,1380,-5.870350290970894,5.827393523619107,4.672309084596133,0.0,0.0,0.0,4.730446901449072,8.058441547660204,1.7130066944802782,0.0,0.0,0.0
1381,1381,1.2078153620568315,-9.409454630516409,0.5033344884392087,0.0,0.0,0.0,7.157283030715207,-1.6266463950277465,6.031361465175081,0.0,0.0,0.0
1382,1382,-2.059491640849648,5.730480315953756,-7.29178232872845,0.0,0.0,0.0,8.233286478369328,3.29566544448964,-3.4061096639593402,0.0,0.0,0.0
1383,1383,-4.102187197918835,-1.2584571008168421,8.47575046343709,0.0,0.0,0.0,4.556678978054874,5.607067563814526,6.168263128757669,0.0,0.0,0.0
1384,1384,2.425292428621551,-6.035916992561689,-6.923558528271107,0.0,0.0,0.0,9.071256671183797,-2.4041451513328904,1.4772909316196174,0.0,0.0,0.0
1385,1385,-4.933921955846066,8.117929298588534,0.07508686008587018,0.0,0.0,0.0,6.308227491620468,7.047414135629365,-0.8889431448156108,0.0,0.0,0.0
1386,1386,-0.37933705930215084,-7.906198767348397,5.253391708833278,0.0,0.0,0.0,6.18946792160796,1.1725623322073546,7.110948208522827,0.0,0.0,0.0
1387,1387,0.5068821537298622,1.651918322177849,-9.341532868801716,0.0,0.0,0.0,9.239884113613956,0.672749897080905,-2.102843109407266,0.0,0.0,0.0
1388,1388,-5.135786133684222,3.6919066762146144,7.0882667756651445,0.0,0.0,0.0,5.1805686882408155,7.1044648506775,3.596983076374743,0.0,0.0,0.0
1389,1389,2.5400269002833946,-8.814737869840952,-2.4695464424966884,0.0,0.0,0.0,8.342225364145781,-1.5990136613690165,4.254460163684409,0.0,0.0,0.0
1390,1390,-2.904373149878609,7.6935198634763715,-4.7565080380861575,0.0,0.0,0.0,7.887181047306495,4.881338026587229,-2.0530256201572987,0.0,0.0,0.0
1391,1391,-2.3269911238858323,-4.0563485414978135,8.269289499047947,0.0,0.0,0.0,5.764184275866004,3.92408353257485,6.451801923730575,0.0,0.0,0.0
1392,1392,2.5090621375556545,-3.1660320052002313,-8.598304980154634,0.0,0.0,0.0,9.465531074771567,-0.7529628187232573,0.2945648756618695,0.0,0.0,0.0
1393,1393,-4.975816935849784,7.380469745072843,3.319625304577969,0.0,0.0,0.0,6.395645999642605,6.92921205574424,1.1540071635842508,0.0,0.0,0.0
1394,1394,1.4598801368733259,-8.991405368537263,2.6969203704265206,0.0,0.0,0.0,7.528742292185043,0.4351660150825531,5.777427631481075,0.0,0.0,0.0
1395,1395,-0.308802882914904,4.695997905402649,-8.252408403113414,0.0,0.0,0.0,9.008488566321503,2.5906138669718275,-1.5446208410246114,0.0,0.0,0.0
1396,1396,-3.911997251370492,0.9805733136436224,8.601439035513723,0.0,0.0,0.0,6.077309414377833,5.649464590129151,4.6259982843285785,0.0,0.0,0.0
1397,1397,3.409323815324004,-7.156326760721255,-5.235790142458817,0.0,0.0,0.0,9.083347028079894,-0.5870421265863636,2.7199610859173364,0.0,0.0,0.0
1398,1398,-3.5543019611172424,8.659326713543843,-1.6226516684500114,0.0,0.0,0.0,7.7537186170012,5.486101882478478,-0.18037112644384318,0.0,0.0,0.0
1399,1399,-0.37659123086664875,-6.444055271382652,6.970102632244331,0.0,0.0,0.0,7.111152566836689,2.71154362408521,5.685863201456251,0.0,0.0,0.0
1400,1400,2.1383343261441805,0.09571671234938418,-9.255720642955364,0.0,0.0,0.0,9.420759182694045,1.211788494148887,0.17568456663502394,0.0,0.0,0.0
1401,1401,-4.52071812242951,5.652438510577217,6.153295583790896,0.0,0.0,0.0,7.011936394754679,5.824582717726439,2.6752540365536848,0.0,0.0,0.0
1402,1402,3.0189326445820392,-9.00349503569255,-0.27041233247775254,0.0,0.0,0.0,8.52201826397603,0.8897669136127869,4.10286723496124,0.0,0.0,0.0
1403,1403,-1.2076466602414158,7.1443671724877635,-6.144070901975861,0.0,0.0,0.0,8.736128498416132,3.7303485813920134,0.12065786459086912,0.0,0.0,0.0
1404,1404,-2.284696278540318,-1.9239153678184011,9.018243319633584,0.0,0.0,0.0,7.428065568684488,4.081026482113505,4.291743790049892,0.0,0.0,0.0
1405,1405,3.7649914097447286,-4.6158407408726845,-7.400598214959913,0.0,0.0,0.0,9.145432519106766,1.511282667207933,2.080165555450064,0.0,0.0,0.0
1406,1406,-3.848421363702638,8.513781675910815,1.7190621228279872,0.0,0.0,0.0,8.177355362735499,4.447958673405636,1.8964500813456944,0.0,0.0,0.0
1407,1407,1.5616416227683894,-8.070891717317577,4.7615105091967775,0.0,0.0,0.0,8.420382565082713,2.8712923413960514,3.3320920977234425,0.0,0.0,0.0
1408,1408,1.4295061390906372,3.344411310495923,-8.77618511566094,0.0,0.0,0.0,-8.642712961037905,-2.519975608159837,-3.033683504785295,0.0,0.0,0.0
1409,1409,-3.5534331152084966,3.1823038919165882,8.215598276148347,0.0,0.0,0.0,-8.70450057043323,-3.614986953484736,-1.1889235237315539,0.0,0.0,0.0
1410,1410,4.158870089253851,-7.905097408337474,-3.23469234166487,0.0,0.0,0.0,-7.648589630317597,-3.8765281011397246,-4.089206102398327,0.0,0.0,0.0
1411,1411,-1.9991857783925229,8.693117767449703,-3.2684797237466365,0.0,0.0,0.0,-9.232742332781585,-1.2293554697627347,-1.8695331356375693,0.0,0.0,0.0
1412,1412,-0.39676849772943085,-4.609140760321544,8.297493369118868,0.0,0.0,0.0,-7.724625753574186,-5.328680822247431,-1.478281996660453,0.0,0.0,0.0
1413,1413,3.6279623293471697,-1.4996366587952374,-8.650952504103515,0.0,0.0,0.0,-7.914569515740334,-1.8496307636353477,-4.918176025575646,0.0,0.0,0.0
1414,1414,-3.67477552160825,7.297720831835609,4.846575649487059,0.0,0.0,0.0,-9.194689541002989,-2.3754920007037907,0.25440518662573297,0.0,0.0,0.0
1415,1415,3.301082246819874,-8.690844035874528,1.9550155865502221,0.0,0.0,0.0,-6.676457116488123,-5.548214167169146,-3.859046504868555,0.0,0.0,0.0
1416,1416,0.5467771394814896,6.175134968333077,-7.198523659920139,0.0,0.0,0.0,-8.924920040605057,0.15449212868169443,-3.2514511300035185,0.0,0.0,0.0
1417,1417,-2.130289359892425,0.3232149857140513,9.252426671741771,0.0,0.0,0.0,-8.007792697580888,-5.084625172081943,0.521385626787358,0.0,0.0,0.0
1418,1418,4.798823404286945,-5.813827206425771,-5.781064534158989,0.0,0.0,0.0,-6.682498577289328,-3.206673218107021,-5.942344624524967,0.0,0.0,0.0
1419,1419,-2.507422412872255,9.163111880748652,0.01461178046288517,0.0,0.0,0.0,-9.496738261421699,-0.2462332104700464,-0.03649109384936071,0.0,0.0,0.0
1420,1420,1.5722323384338839,-6.69241367698602,6.5566519390534,0.0,0.0,0.0,-6.370657775125553,-6.758798304423332,-1.9958369152253344,0.0,0.0,0.0
1421,1421,3.087923057056933,1.8051663721618694,-8.800915041194957,0.0,0.0,0.0,-7.873478167227866,0.10957048362714726,-5.314728201810829,0.0,0.0,0.0
1422,1422,-2.9865278359417378,5.201277982709646,7.367316935733425,0.0,0.0,0.0,-8.699184555644164,-3.2892615357027286,1.9377684630543748,0.0,0.0,0.0
1423,1423,4.682757413091048,-8.198165587767303,-1.054449622081768,0.0,0.0,0.0,-5.592642337612031,-5.366805976185193,-5.492699272429893,0.0,0.0,0.0
1424,1424,-0.3214710776818588,8.241332266988339,-4.71456241989969,0.0,0.0,0.0,-9.197700725272144,1.5014084580087672,-1.8433865602112716,0.0,0.0,0.0
1425,1425,-0.3710663839572115,-2.5178140766173875,9.152754886595826,0.0,0.0,0.0,-6.781386540268641,-6.6286659714418095,0.5688444693694847,0.0,0.0,0.0
1426,1426,4.927679091907312,-2.985403368937995,-7.553498890695142,0.0,0.0,0.0,-6.3949632997131385,-1.4779643842652033,-6.868046714604172,0.0,0.0,0.0
1427,1427,-2.596177303488275,8.525802578424212,3.2894610200467347,0.0,0.0,0.0,-9.285017416995753,-0.6187951206045104,1.9119477410800447,0.0,0.0,0.0
1428,1428,3.4319486982171217,-7.875885952563835,4.054891933804522,0.0,0.0,0.0,-5.087938871952717,-7.233471532147202,-3.4698368302714284,0.0,0.0,0.0
1429,1429,2.2903702909024735,4.886467933211926,-7.818352452279344,0.0,0.0,0.0,-8.155200353134033,1.9336017768126719,-4.472571002093644,0.0,0.0,0.0
1430,1430,-1.8086609186839404,2.536404216526958,8.974708871680972,0.0,0.0,0.0,-7.680223417439167,-4.879446392841876,2.7304159312128595,0.0,0.0,0.0
1431,1431,5.598210386083163,-6.6424699903036375,-3.8454691392450053,0.0,0.0,0.0,-4.96153445324092,-4.089857514892657,-6.993299748830942,0.0,0.0,0.0
1432,1432,-0.9898298439972069,9.304638933325199,-1.6413199566814787,0.0,0.0,0.0,-9.306196847217564,1.8979121087695652,0.20647001729852046,0.0,0.0,0.0
1433,1433,1.5583466617574264,-4.938593016081851,7.964411761273809,0.0,0.0,0.0,-5.365509090795007,-7.827201400798142,-0.4429790376070592,0.0,0.0,0.0
1434,1434,4.605556952629212,0.2234188574638733,-8.305957450531382,0.0,0.0,0.0,-6.541079116335398,0.6529480157431403,-6.858421311234648,0.0,0.0,0.0
1435,1435,-2.18862175361148,6.907040379495196,6.144324862461375,0.0,0.0,0.0,-8.619322467549159,-1.913411067348758,3.506584989354896,0.0,0.0,0.0
1436,1436,5.008663028914866,-7.9892584350820055,1.155441179840799,0.0,0.0,0.0,-4.053886939519104,-6.740331849114577,-5.327656825024265,0.0,0.0,0.0
1437,1437,1.4155079542114164,7.36661882948767,-5.829173547975855,0.0,0.0,0.0,-8.511301327058979,3.2260545961224505,-2.720353187117588,0.0,0.0,0.0
1438,1438,-0.23417539679811103,-0.30842379270530923,9.492103910485138,0.0,0.0,0.0,-6.308571397816916,-6.628521972733543,2.552376025481838,0.0,0.0,0.0
1439,1439,6.004978125521737,-4.221105380436271,-6.030962367572604,0.0,0.0,0.0,-4.779845225910164,-2.0567388063586614,-7.948138467501788,0.0,0.0,0.0
1440,1440,-1.3025835015436527,9.268888368182761,1.6251106545377512,0.0,0.0,0.0,-9.094913085650093,1.3291880478838858,2.4012111730651373,0.0,0.0,0.0
1441,1441,3.470038109053147,-6.599738989929967,5.886618790641749,0.0,0.0,0.0,-3.981354044192236,-8.338076558167865,-2.2080079901905227,0.0,0.0,0.0
1442,1442,3.954866695353213,3.4066976149006343,-7.9374706791544,0.0,0.0,0.0,-6.956120844133935,2.7158462919619506,-5.8725260084619,0.0,0.0,0.0
1443,1443,-1.2781259187270084,4.568288215938984,8.230864894518119,0.0,0.0,0.0,-7.522178950619897,-3.788057079640742,4.39516181682246,0.0,0.0,0.0
1444,1444,6.170307532959929,-7.0138241524069285,-1.727303015579694,0.0,0.0,0.0,-3.3951153883119956,-5.316324744205938,-7.103511998582834,0.0,0.0,0.0
1445,1445,0.6520623134544175,8.956814637875356,-3.0984328751699244,0.0,0.0,0.0,-8.737475132152445,3.7088850698884768,-0.3882007897924785,0.0,0.0,0.0
1446,1446,1.5896703851638,-2.9247040374161317,8.897699385789254,0.0,0.0,0.0,-4.756808415959369,-8.09825277267736,1.4286622146263708,0.0,0.0,0.0
1447,1447,5.932405698365659,-1.2498922793281868,-7.313981946921525,0.0,0.0,0.0,-4.996149946193665,0.36731781673536756,-8.071775723871257,0.0,0.0,0.0
1448,1448,-1.1560840292056576,8.19329355976655,4.6672701186799905,0.0,0.0,0.0,-8.470095302959393,-0.10122373296606692,4.300841698375935,0.0,0.0,0.0
1449,1449,5.181392362197809,-7.273468541583396,3.2403438958503243,0.0,0.0,0.0,-2.816092125403088,-7.954757210397301,-4.36365246836803,0.0,0.0,0.0
1450,1450,3.1422328871277645,6.168375438939454,-6.50596010802101,0.0,0.0,0.0,-7.4583710530850444,4.307135714312098,-4.008900494252734,0.0,0.0,0.0
1451,1451,0.07118155128341935,1.8679491275489337,9.314273951493245,0.0,0.0,0.0,-6.0758311478381,-5.854496740231706,4.365677929187656,0.0,0.0,0.0
1452,1452,6.845374365064497,-5.084288177694162,-4.188181410600157,0.0,0.0,0.0,-3.169830725491133,-3.133772428809964,-8.389376826438443,0.0,0.0,0.0
1453,1453,0.169836411820051,9.498477501516703,0.008985890083984979,0.0,0.0,0.0,-8.667141181061528,3.252556656421643,2.133433604341646,0.0,0.0,0.0
1454,1454,3.483089258630631,-4.943374418777421,7.326741333772364,0.0,0.0,0.0,-3.2124941982776987,-8.928032718457583,-0.469161810042675,0.0,0.0,0.0
1455,1455,5.476922606132088,1.883545699314991,-7.530310376395573,0.0,0.0,0.0,-5.4989067740219015,2.779382291461337,-7.230979073980692,0.0,0.0,0.0
1456,1456,-0.5134934771561677,6.282819981843679,7.107214470134091,0.0,0.0,0.0,-7.410578998346592,-2.1562589538539467,5.539301962613034,0.0,0.0,0.0
1457,1457,6.541649741038134,-6.8760299809472105,0.4207497670948315,0.0,0.0,0.0,-2.0113900943667304,-6.6278894076664505,-6.501952928762695,0.0,0.0,0.0
1458,1458,2.3539079696514422,8.179944861629544,-4.218722476168752,0.0,0.0,0.0,-7.859717462249964,5.119009573940591,-1.5068451796143791,0.0,0.0,0.0
1459,1459,1.7342553657651412,-0.7915916876728263,9.306757809578029,0.0,0.0,0.0,-4.41756324372796,-7.707101212066387,3.3668569756448017,0.0,0.0,0.0
1460,1460,7.032938824528978,-2.4680282792047703,-5.890382661873338,0.0,0.0,0.0,-3.3619205829389034,-0.4864893023012436,-8.871911752975102,0.0,0.0,0.0
1461,1461,0.09501759279097012,8.985525878753792,3.0824172882861998,0.0,0.0,0.0,-8.187730346182079,1.8884661760124757,4.432241789443062,0.0,0.0,0.0
1462,1462,5.260308585967071,-6.088547716631069,5.050617811963922,0.0,0.0,0.0,-1.858146571298875,-8.872202516300735,-2.8427651730553913,0.0,0.0,0.0
1463,1463,4.7874358800996,4.777086976961261,-6.671573855418347,0.0,0.0,0.0,-6.1300307180778315,4.78472653661002,-5.457024405763785,0.0,0.0,0.0
1464,1464,0.5902912033602704,3.8570769212128058,8.661669233981552,0.0,0.0,0.0,-5.968689759963258,-4.496163325187907,5.8659404959788395,0.0,0.0,0.0
1465,1465,7.453817058040778,-5.478968490499868,-2.161368905390617,0.0,0.0,0.0,-1.6472076920465273,-4.46742412420064,-8.220634313335708,0.0,0.0,0.0
1466,1466,1.7682473693701695,9.228262962915503,-1.4008796978388331,0.0,0.0,0.0,-7.989598126058518,4.975783984260292,1.2875929193190272,0.0,0.0,0.0
1467,1467,3.5439769439822357,-3.0235152843527144,8.279407149405529,0.0,0.0,0.0,-2.7203414194695554,-8.976003590106869,1.5103317886234473,0.0,0.0,0.0
1468,1468,6.802293430774594,0.47525821179768085,-6.614600041845251,0.0,0.0,0.0,-3.885192081324394,2.25268383749764,-8.371421505294704,0.0,0.0,0.0
1469,1469,0.4918624209551414,7.564196178507207,5.726343294959588,0.0,0.0,0.0,-7.254417567054134,-0.199836674207638,6.1305375837912885,0.0,0.0,0.0
1470,1470,6.7570644159311435,-6.217630824906519,2.4358052885953163,0.0,0.0,0.0,-0.8462330376401663,-7.8307187160836325,-5.311660195777147,0.0,0.0,0.0
1471,1471,4.042935424494054,7.073714446387701,-4.885410636185719,0.0,0.0,0.0,-6.70824414652097,6.051783236652983,-2.936899747531841,0.0,0.0,0.0
1472,1472,2.0542927769159034,1.3021864479032312,9.183364941100175,0.0,0.0,0.0,-4.260931867173747,-6.729246035892997,5.178002260673626,0.0,0.0,0.0
1473,1473,7.888704964217428,-3.2974863164460206,-4.140642218328224,0.0,0.0,0.0,-1.731885742639609,-1.7229359511488582,-9.180526318381752,0.0,0.0,0.0
1474,1474,1.5292584690052289,9.246481794155606,1.5536868941792008,0.0,0.0,0.0,-7.7192238050219215,3.8561630596401884,3.9741150342269744,0.0,0.0,0.0
1475,1475,5.316283427999074,-4.514031570525072,6.450631712732087,0.0,0.0,0.0,-1.1668344939202386,-9.38016307411559,-0.9492301968520785,0.0,0.0,0.0
1476,1476,6.282201949490388,3.3477079165718595,-6.291008692647053,0.0,0.0,0.0,-4.597472132513329,4.688202141607248,-6.865421375998133,0.0,0.0,0.0
1477,1477,1.3534619224044064,5.510347173659313,7.619331653771591,0.0,0.0,0.0,-5.89541856594054,-2.706688186527819,6.940308277958108,0.0,0.0,0.0
1478,1478,7.855034562199492,-5.341911424131882,-0.1114197612645791,0.0,0.0,0.0,-0.27709859101201395,-5.86136703294622,-7.471117244145611,0.0,0.0,0.0
1479,1479,3.4255497337327556,8.514721571976684,-2.45257529410574,0.0,0.0,0.0,-7.05647118669478,6.36049687701982,0.017142595690745364,0.0,0.0,0.0
1480,1480,3.726904521659645,-0.9874119982499678,8.68246510110835,0.0,0.0,0.0,-2.449585180049075,-8.471256041011621,3.5337449728478654,0.0,0.0,0.0
1481,1481,7.889013454779514,-0.6575086281613601,-5.2517758057652,0.0,0.0,0.0,-2.2018877126246927,1.2557652917725741,-9.155585400879142,0.0,0.0,0.0
1482,1482,1.7250858600153305,8.323520984774525,4.241824747842938,0.0,0.0,0.0,-6.980434704907792,1.8945080293632868,6.159088459911615,0.0,0.0,0.0
1483,1483,6.877939643137197,-5.069369692678747,4.152762596649545,0.0,0.0,0.0,0.07824749219654578,-8.768756216647741,-3.6541471977447824,0.0,0.0,0.0
1484,1484,5.641306828113784,5.773395312168455,-5.009347646183848,0.0,0.0,0.0,-5.322652262170328,6.461818962642906,-4.4904641842309765,0.0,0.0,0.0
1485,1485,2.6029587559677108,3.187489805812631,8.562389529354007,0.0,0.0,0.0,-4.207077391573891,-5.251647879806858,6.706019263888787,0.0,0.0,0.0
1486,1486,8.499644051167607,-3.624564714574184,-2.2064862639804574,0.0,0.0,0.0,-0.1841568410092378,-3.1698012587033864,-8.953683389424237,0.0,0.0,0.0
1487,1487,3.0929658759209167,8.978761702664267,0.25573497409974255,0.0,0.0,0.0,-7.028669964822601,5.634975651028616,3.0157665588925835,0.0,0.0,0.0
1488,1488,5.428903632106557,-2.6687663991614556,7.324936263192093,0.0,0.0,0.0,-0.7178232351180353,-9.403665640576294,1.142717079240978,0.0,0.0,0.0
1489,1489,7.562861008545105,2.0537740297338427,-5.369836645563667,0.0,0.0,0.0,-2.9317679627648565,4.0722007054622456,-8.066716681944266,0.0,0.0,0.0
1490,1490,2.374564526739144,6.690696781045838,6.312370386176218,0.0,0.0,0.0,-5.775841392046482,-0.6401144886788076,7.515311680504378,0.0,0.0,0.0
1491,1491,8.0929126729047,-4.645465582208813,1.7816885230228627,0.0,0.0,0.0,0.8931255810098828,-7.143749781413133,-6.198319591383223,0.0,0.0,0.0
1492,1492,5.0625501188783995,7.455638947598125,-3.0056670102860323,0.0,0.0,0.0,-5.877493936543505,7.306930854896912,-1.521126723014656,0.0,0.0,0.0
1493,1493,4.105016701338865,0.9916876479973947,8.509723467325946,0.0,0.0,0.0,-2.339175716536478,-7.437331132388169,5.428108565070827,0.0,0.0,0.0
1494,1494,8.708674662464047,-1.3564430793830813,-3.54528529113949,0.0,0.0,0.0,-0.5288288074166608,-0.07830817890156902,-9.4849463847395,0.0,0.0,0.0
1495,1495,3.154229060970573,8.501122246314292,2.8340359179037367,0.0,0.0,0.0,-6.532003791837199,3.955085372038405,5.651568469295209,0.0,0.0,0.0
1496,1496,6.980633683516318,-3.50311191614893,5.408230790130197,0.0,0.0,0.0,0.7580295882822201,-9.322039906260779,-1.665822058081163,0.0,0.0,0.0
1497,1497,7.067777012670046,4.446561628424284,-4.53041033280841,0.0,0.0,0.0,-3.753059740230658,6.343196941522894,-5.9940299588118435,0.0,0.0,0.0
1498,1498,3.4237293409415073,4.687662800210664,7.520232368172999,0.0,0.0,0.0,-4.178603051398107,-3.384329749536166,7.8317040728739515,0.0,0.0,0.0
1499,1499,8.883512377460063,-3.3561992831408545,-0.2629338532373157,0.0,0.0,0.0,1.2174972757266045,-4.660060743194889,-8.188500122314936,0.0,0.0,0.0
1500,1500,4.715428771735009,8.223160519364288,-0.6279829386867463,0.0,0.0,0.0,-6.099288909443344,7.08917888848475,1.6709929640854446,0.0,0.0,0.0
1501,1501,5.685702411151959,-0.7083868449494285,7.577662975452455,0.0,0.0,0.0,-0.4725369227615959,-8.909322276283545,3.2635387899892216,0.0,0.0,0.0
1502,1502,8.570576561439823,1.0863885650498015,-3.95157908816803,0.0,0.0,0.0,-1.206043732638132,3.022274446811159,-8.925318800072978,0.0,0.0,0.0
1503,1503,3.652428105251495,7.270787838391638,4.90361225474494,0.0,0.0,0.0,-5.541078194689639,1.5451654644699209,7.560351587562842,0.0,0.0,0.0
1504,1504,8.22921709253042,-3.393807218585779,3.318442195805096,0.0,0.0,0.0,1.835060409787688,-8.167379400682076,-4.4918222379746355,0.0,0.0,0.0
1505,1505,6.587815237406179,6.1872731138928225,-2.9271730067964077,0.0,0.0,0.0,-4.479355779266052,7.756538872370936,-3.1656715755071545,0.0,0.0,0.0
1506,1506,4.752491822705579,2.713451202233473,7.765372112657181,0.0,0.0,0.0,-2.321852944001581,-5.934452257615692,7.0456564852631525,0.0,0.0,0.0
1507,1507,9.24326855426311,-1.4597012078827083,-1.637454981761648,0.0,0.0,0.0,1.0619468545533417,-1.6032528535738406,-9.303324629691856,0.0,0.0,0.0
1508,1508,4.730446901449072,8.058441547660204,1.7130066944802782,0.0,0.0,0.0,-5.870350290970894,5.827393523619107,4.672309084596133,0.0,0.0,0.0
1509,1509,7.157283030715207,-1.6266463950277465,6.031361465175081,0.0,0.0,0.0,1.2078153620568315,-9.409454630516409,0.5033344884392087,0.0,0.0,0.0
1510,1510,8.233286478369328,3.29566544448964,-3.4061096639593402,0.0,0.0,0.0,-2.059491640849648,5.730480315953756,-7.29178232872845,0.0,0.0,0.0
1511,1511,4.556678978054874,5.607067563814526,6.168263128757669,0.0,0.0,0.0,-4.102187197918835,-1.2584571008168421,8.47575046343709,0.0,0.0,0.0
1512,1512,9.071256671183797,-2.4041451513328904,1.4772909316196174,0.0,0.0,0.0,2.425292428621551,-6.035916992561689,-6.923558528271107,0.0,0.0,0.0
1513,1513,6.308227491620468,7.047414135629365,-0.8889431448156108,0.0,0.0,0.0,-4.933921955846066,8.117929298588534,0.07508686008587018,0.0,0.0,0.0
1514,1514,6.18946792160796,1.1725623322073546,7.110948208522827,0.0,0.0,0.0,-0.37933705930215084,-7.906198767348397,5.253391708833278,0.0,0.0,0.0
1515,1515,9.239884113613956,0.672749897080905,-2.102843109407266,0.0,0.0,0.0,0.5068821537298622,1.651918322177849,-9.341532868801716,0.0,0.0,0.0
1516,1516,5.1805686882408155,7.1044648506775,3.596983076374743,0.0,0.0,0.0,-5.135786133684222,3.6919066762146144,7.0882667756651445,0.0,0.0,0.0
1517,1517,8.342225364145781,-1.5990136613690165,4.254460163684409,0.0,0.0,0.0,2.5400269002833946,-8.814737869840952,-2.4695464424966884,0.0,0.0,0.0
1518,1518,7.887181047306495,4.881338026587229,-2.0530256201572987,0.0,0.0,0.0,-2.904373149878609,7.6935198634763715,-4.7565080380861575,0.0,0.0,0.0
1519,1519,5.764184275866004,3.92408353257485,6.451801923730575,0.0,0.0,0.0,-2.3269911238858323,-4.0563485414978135,8.269289499047947,0.0,0.0,0.0
1520,1520,9.465531074771567,-0.7529628187232573,0.2945648756618695,0.0,0.0,0.0,2.5090621375556545,-3.1660320052002313,-8.598304980154634,0.0,0.0,0.0
1521,1521,6.395645999642605,6.92921205574424,1.1540071635842508,0.0,0.0,0.0,-4.975816935849784,7.380469745072843,3.319625304577969,0.0,0.0,0.0
1522,1522,7.528742292185043,0.4351660150825531,5.777427631481075,0.0,0.0,0.0,1.4598801368733259,-8.991405368537263,2.6969203704265206,0.0,0.0,0.0
1523,1523,9.008488566321503,2.5906138669718275,-1.5446208410246114,0.0,0.0,0.0,-0.308802882914904,4.695997905402649,-8.252408403113414,0.0,0.0,0.0
1524,1524,6.077309414377833,5.649464590129151,4.6259982843285785,0.0,0.0,0.0,-3.911997251370492,0.9805733136436224,8.601439035513723,0.0,0.0,0.0
1525,1525,9.083347028079894,-0.5870421265863636,2.7199610859173364,0.0,0.0,0.0,3.409323815324004,-7.156326760721255,-5.235790142458817,0.0,0.0,0.0
1526,1526,7.7537186170012,5.486101882478478,-0.18037112644384318,0.0,0.0,0.0,-3.5543019611172424,8.659326713543843,-1.6226516684500114,0.0,0.0,0.0
1527,1527,7.111152566836689,2.71154362408521,5.685863201456251,0.0,0.0,0.0,-0.37659123086664875,-6.444055271382652,6.970102632244331,0.0,0.0,0.0
1528,1528,9.420759182694045,1.211788494148887,0.17568456663502394,0.0,0.0,0.0,2.1383343261441805,0.09571671234938418,-9.255720642955364,0.0,0.0,0.0
1529,1529,7.011936394754679,5.824582717726439,2.6752540365536848,0.0,0.0,0.0,-4.52071812242951,5.652438510577217,6.153295583790896,0.0,0.0,0.0
1530,1530,8.52201826397603,0.8897669136127869,4.10286723496124,0.0,0.0,0.0,3.0189326445820392,-9.00349503569255,-0.27041233247775254,0.0,0.0,0.0
1531,1531,8.736128498416132,3.7303485813920134,0.12065786459086912,0.0,0.0,0.0,-1.2076466602414158,7.1443671724877635,-6.144070901975861,0.0,0.0,0.0
1532,1532,7.428065568684488,4.081026482113505,4.291743790049892,0.0,0.0,0.0,-2.284696278540318,-1.9239153678184011,9.018243319633584,0.0,0.0,0.0
1533,1533,9.145432519106766,1.511282667207933,2.080165555450064,0.0,0.0,0.0,3.7649914097447286,-4.6158407408726845,-7.400598214959913,0.0,0.0,0.0
1534,1534,8.177355362735499,4.447958673405636,1.8964500813456944,0.0,0.0,0.0,-3.848421363702638,8.513781675910815,1.7190621228279872,0.0,0.0,0.0
1535,1535,8.420382565082713,2.8712923413960514,3.3320920977234425,0.0,0.0,0.0,1.5616416227683894,-8.070891717317577,4.7615105091967775,0.0,0.0,0.0
1536,1536,-1.2253146400027217,-5.937285022459906,-9.27833650891152,0.0,0.0,0.0,-3.5180806950542034,8.670274895754662,-5.940515064593766,0.0,0.0,0.0
1537,1537,0.04179745082019707,-7.674861058997284,-7.995938873936199,0.0,0.0,0.0,-4.493643723311744,-8.090745166967672,6.09813795421704,0.0,0.0,0.0
1538,1538,0.6103228359027844,-4.726262394159029,-10.006509261229207,0.0,0.0,0.0,10.15992926747938,3.5225015540937563,-2.684790095846417,0.0,0.0,0.0
1539,1539,-2.807097660312386,-6.9022787502272385,-8.204817399379607,0.0,0.0,0.0,-10.460956382231526,3.3292979441781934,-1.5246129166029236,0.0,0.0,0.0
1540,1540,2.303160083599879,-7.146018590578773,-8.15292277100347,0.0,0.0,0.0,5.305970813664506,-7.82090275709391,5.78968320084557,0.0,0.0,0.0
1541,1541,-1.7455660789297363,-3.7297770283018186,-10.289899910143639,0.0,0.0,0.0,2.6817385500570774,8.985399450287417,-5.9085660566202085,0.0,0.0,0.0
1542,1542,-1.4244668693936724,-8.774544144798663,-6.619557913222862,0.0,0.0,0.0,-9.195855820237856,-4.474135914495276,4.273010803818915,0.0,0.0,0.0
1543,1543,2.85412419498206,-4.5718905813398285,-9.684630574751226,0.0,0.0,0.0,10.946913298887258,-1.2526045598403621,1.1984777097821075,0.0,0.0,0.0
1544,1544,-4.251305238088197,-5.205465214311723,-8.813047909362943,0.0,0.0,0.0,-6.866754115448432,7.620496145505549,-4.197142384032163,0.0,0.0,0.0
1545,1545,2.036160096153994,-8.779065931707157,-6.451537119718139,0.0,0.0,0.0,-0.7217936194283807,-8.50283009939525,7.072564743380066,0.0,0.0,0.0
1546,1546,0.1961707100549207,-2.3383271331008304,-10.832082950598796,0.0,0.0,0.0,8.026090141031169,6.571801382020488,-3.9030220881834636,0.0,0.0,0.0
1547,1547,-3.874361996366106,-8.171993720307722,-6.406880327733408,0.0,0.0,0.0,-10.993084340142929,0.6321499091755617,1.262046338438387,0.0,0.0,0.0
1548,1548,4.407405897115737,-6.043700008602186,-8.178553737771947,0.0,0.0,0.0,8.310520647439663,-5.494932951484128,4.856051503506227,0.0,0.0,0.0
1549,1549,-3.8685244251409068,-2.80802242564102,-9.999490317347053,0.0,0.0,0.0,-1.1336493451684269,9.638756702769076,-5.352521477262424,0.0,0.0,0.0
1550,1550,-0.12005020490395057,-9.862004893550242,-5.056354932698621,0.0,0.0,0.0,-6.479197976152259,-6.370045000937498,6.346873092270536,0.0,0.0,0.0
1551,1551,3.0322526277513715,-2.3926632583388625,-10.388497692699474,0.0,0.0,0.0,10.835850034046421,2.2841203774463676,-0.45544035671264976,0.0,0.0,0.0
1552,1552,-5.7410269993974055,-6.060651897676497,-7.2903624974971155,0.0,0.0,0.0,-9.32856011488046,5.686499147807667,-1.8660041271594794,0.0,0.0,0.0
1553,1553,4.241859279014764,-8.234488650625062,-6.0860581904296245,0.0,0.0,0.0,3.1087260540481885,-7.789263723953457,7.245927872751479,0.0,0.0,0.0
1554,1554,-1.6021197456493588,-0.8881965581619939,-10.930901013740897,0.0,0.0,0.0,4.9194816710131795,8.841133192131194,-4.524747699606418,0.0,0.0,0.0
1555,1555,-3.262494033706201,-9.531764773916256,-4.619726263783679,0.0,0.0,0.0,-10.146402645571458,-2.037007190951769,3.9675424176035468,0.0,0.0,0.0
1556,1556,5.390736034223608,-4.01090054677691,-8.81435871693,0.0,0.0,0.0,10.249451515823258,-2.4312016122305318,3.446488085429585,0.0,0.0,0.0
1557,1557,-5.911687463475924,-3.1110850074310976,-8.843832833576807,0.0,0.0,0.0,-4.7517171063027615,9.174079085730005,-4.012198306162485,0.0,0.0,0.0
1558,1558,2.0898751293272855,-10.054888624696163,-4.167962867673735,0.0,0.0,0.0,-2.989819734278397,-7.350886482637754,7.7372943367449265,0.0,0.0,0.0
1559,1559,1.8373009315311284,-0.3648703810470168,-10.923894574260663,0.0,0.0,0.0,9.386089779380422,5.585390616723733,-1.8828191866339705,0.0,0.0,0.0
1560,1560,-6.09362895785086,-7.534670669876502,-5.379284506147295,0.0,0.0,0.0,-10.584179512789113,3.1866340826737423,0.8128868566592827,0.0,0.0,0.0
1561,1561,6.093154759943072,-6.646625289782683,-6.444851829649496,0.0,0.0,0.0,6.493908315744347,-6.004632679572286,6.67935767478064,0.0,0.0,0.0
1562,1562,-3.967802609437858,-0.3719320725852471,-10.342073620094407,0.0,0.0,0.0,1.266576890291717,10.093124964470013,-4.400555556984061,0.0,0.0,0.0
1563,1563,-1.477716211942911,-10.524502597132745,-3.145071963793406,0.0,0.0,0.0,-8.048153810684022,-4.2724967331115735,6.309775723641475,0.0,0.0,0.0
1564,1564,5.196869291664578,-1.6151632857593199,-9.655261513973661,0.0,0.0,0.0,10.884863052563022,1.0073784040589713,1.828995039773511,0.0,0.0,0.0
1565,1565,-7.358193550278937,-4.306262503469469,-7.081904313486482,0.0,0.0,0.0,-7.69342812522177,7.722870701689746,-2.002176212165369,0.0,0.0,0.0
1566,1566,4.5668747920983295,-9.283230105421042,-3.9756221174343778,0.0,0.0,0.0,0.8013687495502771,-7.248604040239356,8.346006552393906,0.0,0.0,0.0
1567,1567,-0.33779725406550287,1.1086768661834616,-11.022568049191964,0.0,0.0,0.0,6.815626533028987,8.271243744882451,-2.823834211235901,0.0,0.0,0.0
1568,1568,-5.255191347381892,-9.134950891431224,-3.431605147897187,0.0,0.0,0.0,-10.485635458515658,0.5150474198838212,3.553372055375328,0.0,0.0,0.0
1569,1569,7.14232411026373,-4.3248439594743235,-7.288566992741164,0.0,0.0,0.0,8.997110675409488,-3.3523896628095833,5.536583858359972,0.0,0.0,0.0
1570,1570,-6.318538018836594,-0.8216781886959204,-9.068693402925806,0.0,0.0,0.0,-2.4345722160082217,10.23501020524996,-3.486789641059823,0.0,0.0,0.0
1571,1571,1.079418278431594,-10.807334299149769,-2.20831594300745,0.0,0.0,0.0,-4.998899493243969,-5.733887585523111,8.060633646963572,0.0,0.0,0.0
1572,1572,3.838532582970542,0.6827021398486931,-10.374963285489335,0.0,0.0,0.0,10.163882694375568,4.409912743819624,0.2973818158567055,0.0,0.0,0.0
1573,1573,-7.838399825887675,-6.061508236911438,-4.965670532859684,0.0,0.0,0.0,-9.58039247992818,5.552902047021372,0.4707829268925812,0.0,0.0,0.0
1574,1574,6.763706651031979,-7.579657252742254,-4.431855824287339,0.0,0.0,0.0,4.38747631619345,-6.048910692179081,8.185414393322748,0.0,0.0,0.0
1575,1575,-3.0588311194216953,1.7517214056733386,-10.507868579178908,0.0,0.0,0.0,3.49634831603078,10.053136943026585,-3.0903501153226873,0.0,0.0,0.0
1576,1576,-3.323170315539388,-10.42742607104738,-1.7508861654291923,0.0,0.0,0.0,-9.07682095837707,-1.9157279253576127,6.064782401958368,0.0,0.0,0.0
1577,1577,7.106411995749871,-1.6320742655334048,-8.34718634726565,0.0,0.0,0.0,10.311901527254875,-0.15460819986690655,4.059687300059524,0.0,0.0,0.0
1578,1578,-8.144950082861417,-2.1325819262405576,-7.207784698026154,0.0,0.0,0.0,-5.6868713274537415,9.331264971247995,-1.851287746104536,0.0,0.0,0.0
1579,1579,3.9408225659325455,-10.177173925991536,-1.9326991906364943,0.0,0.0,0.0,-1.4279655731914855,-6.194964013713337,9.078745120781216,0.0,0.0,0.0
1580,1580,1.5010755248244771,2.4815343075523977,-10.697150906981983,0.0,0.0,0.0,8.22524400254647,7.377406229588396,-0.8715022660531384,0.0,0.0,0.0
1581,1581,-7.163197800559615,-7.987666538291979,-2.7795788027398367,0.0,0.0,0.0,-10.189180652485637,3.028516636086331,3.1383056564797456,0.0,0.0,0.0
1582,1582,8.21928722867327,-5.120601086162356,-5.391014723268108,0.0,0.0,0.0,7.299487716736416,-3.8924075490118786,7.376104684936462,0.0,0.0,0.0
1583,1583,-5.83380097907877,1.4394787097037192,-9.313159773049177,0.0,0.0,0.0,-0.1010089634920296,10.775313545604199,-2.592815643416448,0.0,0.0,0.0
1584,1584,-0.5664940619073058,-11.053671151967231,-0.5794103205184273,0.0,0.0,0.0,-6.585863409259195,-3.734917933832345,8.094261483276313,0.0,0.0,0.0
1585,1585,5.894860318147836,1.0266188807549468,-9.329359746560081,0.0,0.0,0.0,10.305822847006336,3.1957092826388567,2.5333249701746032,0.0,0.0,0.0
1586,1586,-9.046836299333673,-4.062048192267409,-4.9492216796469926,0.0,0.0,0.0,-8.066637559694405,7.5931477043055935,0.3372598384899933,0.0,0.0,0.0
1587,1587,6.605286094855116,-8.59048233706797,-2.3268189871945304,0.0,0.0,0.0,2.170082073051742,-5.575949135427584,9.32951299976992,0.0,0.0,0.0
1588,1588,-1.4721745282802523,3.476156022416262,-10.420619906878576,0.0,0.0,0.0,5.3776936730629235,9.580953941534576,-1.4580843961939252,0.0,0.0,0.0
1589,1589,-5.342226483063692,-9.676809858812822,-0.8125545751320303,0.0,0.0,0.0,-9.482900963627158,0.5566854927254464,5.710076037476232,0.0,0.0,0.0
1590,1590,8.606551823997778,-2.2060277824027454,-6.625781833235973,0.0,0.0,0.0,9.174638388587157,-1.0529086930755192,6.1284314061789855,0.0,0.0,0.0
1591,1591,-8.169169692102653,0.21000216520958387,-7.487378941243113,0.0,0.0,0.0,-3.4765367957944404,10.436676833030047,-1.3526811774817251,0.0,0.0,0.0
1592,1592,2.6098542789378345,-10.771438949778812,-0.07100261565551898,0.0,0.0,0.0,-3.390342840786296,-4.667593875948713,9.463583919882955,0.0,0.0,0.0
1593,1593,3.6157980286101585,3.254654580385033,-9.958589556569228,0.0,0.0,0.0,9.038592948097548,6.292853544947527,1.2426220495286262,0.0,0.0,0.0
1594,1594,-8.78082085312764,-6.264089415382246,-2.549244342723351,0.0,0.0,0.0,-9.285365259486369,5.346585329999872,2.834835988992291,0.0,0.0,0.0
1595,1595,8.604477924900335,-6.164480538591335,-3.286703075539929,0.0,0.0,0.0,5.308707681547269,-3.954200787302298,8.889442989474142,0.0,0.0,0.0
1596,1596,-4.629986451693123,3.4952115225733205,-9.443886892966312,0.0,0.0,0.0,2.053275301527683,10.809720200111704,-1.332023839488425,0.0,0.0,0.0
1597,1597,-2.5769762217182297,-10.758036150661987,0.6812705125578188,0.0,0.0,0.0,-7.615328016796168,-1.4733545876538532,7.916835430471623,0.0,0.0,0.0
1598,1598,7.773812459394492,0.7853076476016403,-7.860751205979834,0.0,0.0,0.0,9.809280736025265,2.103950509238317,4.710804758642789,0.0,0.0,0.0
1599,1599,-9.638895966718025,-1.7455156274271133,-5.1850879948875335,0.0,0.0,0.0,-6.175327079250014,9.189889711323,0.5015379701809887,0.0,0.0,0.0
1600,1600,5.725687980407406,-9.485938854849147,-0.2715492047741667,0.0,0.0,0.0,0.03966363905433749,-4.574763272758007,10.095060454078197,0.0,0.0,0.0
1601,1601,0.5556444086563742,4.72047205475618,-10.01242631178512,0.0,0.0,0.0,6.751978382721915,8.77869145505109,0.43086196606453353,0.0,0.0,0.0
1602,1602,-7.291815511763671,-8.34173285783614,-0.2918856769896792,0.0,0.0,0.0,-9.231727378825099,2.983008142435942,5.358838475149634,0.0,0.0,0.0
1603,1603,9.570412896241962,-3.1565091149937143,-4.613450441907797,0.0,0.0,0.0,7.581753074902403,-1.5517239945992078,7.934068989700376,0.0,0.0,0.0
1604,1604,-7.481645099164453,2.5235061188952055,-7.777993395187416,0.0,0.0,0.0,-1.2577903403012898,11.001650110305874,-0.4711009316309965,0.0,0.0,0.0
1605,1605,0.7726688375463736,-10.951472652522536,1.5193773020773456,0.0,0.0,0.0,-4.906862605047741,-2.748087183761908,9.550444700806334,0.0,0.0,0.0
1606,1606,5.764094584300963,3.4534585020521416,-8.81414294048878,0.0,0.0,0.0,9.188455313119059,5.175858346689284,3.4092604933259536,0.0,0.0,0.0
1607,1607,-9.946789201008764,-4.11377439970159,-2.6416893376374455,0.0,0.0,0.0,-7.855330652628142,7.317738433487178,2.754044722671993,0.0,0.0,0.0
1608,1608,8.29858374792671,-7.261768614647335,-1.113778318832683,0.0,0.0,0.0,3.212485610104988,-3.473557494321919,10.022704840313343,0.0,0.0,0.0
1609,1609,-2.866344599629801,5.206384176278146,-9.355100759623367,0.0,0.0,0.0,3.832704144561186,10.396220950820647,0.2631476002426382,0.0,0.0,0.0
1610,1610,-4.718948880302032,-9.90739697134135,1.5541185588250834,0.0,0.0,0.0,-7.987613248173764,0.9002429500820369,7.630719167022114,0.0,0.0,0.0
1611,1611,9.289827355491182,0.07636244694764331,-6.044299319143285,0.0,0.0,0.0,8.724309573731079,1.2987587358155535,6.711179179948864,0.0,0.0,0.0
1612,1612,-9.5715035226668,0.7027419639988728,-5.543712819505007,0.0,0.0,0.0,-4.0811946200866265,10.252382116714164,1.0357553685053582,0.0,0.0,0.0
1613,1613,4.244293402912822,-10.109836570532151,1.6178553101725464,0.0,0.0,0.0,-1.7957454348956792,-3.076870652408909,10.495162842897114,0.0,0.0,0.0
1614,1614,2.807131398157546,5.438056960934897,-9.240553423937207,0.0,0.0,0.0,7.487801464478251,7.784726860851248,2.4841768673004236,0.0,0.0,0.0
1615,1615,-8.97059031855634,-6.507685109983301,-0.13719192198145563,0.0,0.0,0.0,-8.339007558460956,5.19015498051536,5.134542043424587,0.0,0.0,0.0
1616,1616,9.917119383373397,-4.312238848487754,-2.428089171971403,0.0,0.0,0.0,5.689412615397004,-1.5345461793992123,9.387013896473405,0.0,0.0,0.0
1617,1617,-6.162333332019842,4.641127094351461,-7.957755021153021,0.0,0.0,0.0,0.7537720935725204,11.028598264339305,0.801327481305539,0.0,0.0,0.0
1618,1618,-1.3737558635010196,-10.641727900445797,2.7760943604103527,0.0,0.0,0.0,-5.815860304552907,-0.5579404733874883,9.418319867344387,0.0,0.0,0.0
1619,1619,7.736173070937844,3.131830770111696,-7.292704575218294,0.0,0.0,0.0,8.653265083457228,4.204236231292214,5.5032425791020625,0.0,0.0,0.0
1620,1620,-10.548124662111602,-1.6902738716917696,-2.95301847755161,0.0,0.0,0.0,-6.03081432513383,8.801091926270189,3.0017223820057723,0.0,0.0,0.0
1621,1621,7.3432557072407105,-8.240676589925656,1.0040531539017834,0.0,0.0,0.0,1.228326993582191,-2.421426715234449,10.745612278372896,0.0,0.0,0.0
1622,1622,-0.7155317041307915,6.473002384022059,-8.968195598578374,0.0,0.0,0.0,5.047618910675515,9.634470964351392,2.1304436972595635,0.0,0.0,0.0
1623,1623,-6.780616150153498,-8.525047101956597,2.0462390650241913,0.0,0.0,0.0,-7.641326523189765,3.2082364884324184,7.359186461683082,0.0,0.0,0.0
1624,1624,10.303332340104244,-0.9672197047373318,-3.9681364026028523,0.0,0.0,0.0,7.152023963988649,0.9432983091170408,8.41421531077504,0.0,0.0,0.0
1625,1625,-8.849679589332306,3.110928962714866,-5.903013631411426,0.0,0.0,0.0,-1.9971066803832358,10.718058344806286,1.9937572575489515,0.0,0.0,0.0
1626,1626,2.306555439520106,-10.342105725047983,3.2497582916090937,0.0,0.0,0.0,-3.1217233746059816,-1.1548016765265203,10.571733729046638,0.0,0.0,0.0
1627,1627,5.074191174030452,5.623064213348652,-8.091601235817377,0.0,0.0,0.0,7.481825886901427,6.770792091505292,4.584641057840097,0.0,0.0,0.0
1628,1628,-10.217744018689892,-4.284979302713497,-0.2773757764765721,0.0,0.0,0.0,-6.868616513030517,6.995639134143531,5.1694698064014455,0.0,0.0,0.0
1629,1629,9.617219793067685,-5.505847041031993,-0.18710849825313713,0.0,0.0,0.0,3.6981750792524304,-0.9036081709387239,10.408999526089966,0.0,0.0,0.0
1630,1630,-4.327399653144221,6.426997614419611,-7.925124080021966,0.0,0.0,0.0,2.323398594557359,10.557218116507483,2.4468842205603445,0.0,0.0,0.0
1631,1631,-3.630089734300346,-9.809053133222521,3.6667700947941637,0.0,0.0,0.0,-5.970469089868912,1.7438072686502522,9.173489675922385,0.0,0.0,0.0
1632,1632,9.355223865147133,2.375887304868979,-5.447497014691799,0.0,0.0,0.0,7.452465909274006,3.5757279537455453,7.383440881421315,0.0,0.0,0.0
1633,1633,-10.523490286579747,0.847413036825053,-3.3731767090997082,0.0,0.0,0.0,-3.9909069146098375,9.662456016308145,3.6810166407341907,0.0,0.0,0.0
1634,1634,5.824002461939012,-8.953728667389866,2.9583806468440352,0.0,0.0,0.0,-0.39472066007722634,-0.7983727867349428,11.047491763809619,0.0,0.0,0.0
1635,1635,1.636366761440614,7.2367875767720555,-8.233558596880334,0.0,0.0,0.0,5.506740566007776,8.662580957306714,4.1804039606626,0.0,0.0,0.0
1636,1636,-8.57426847832603,-6.671956039474868,2.192532883774289,0.0,0.0,0.0,-6.54347204029616,5.243231643939492,7.247880611833097,0.0,0.0,0.0
1637,1637,10.724075143662429,-2.1982993718791892,-1.7326193933490759,0.0,0.0,0.0,5.238783774814613,1.2087651825532406,9.691971371796262,0.0,0.0,0.0
1638,1638,-7.5275691132263285,5.324054868214726,-6.15064393241652,0.0,0.0,0.0,-0.17808190655366443,10.541198196472312,3.4193135560780603,0.0,0.0,0.0
1639,1639,0.08139366053337824,-10.101826209431316,4.559249947524662,0.0,0.0,0.0,-3.7027186723033148,1.084608090673414,10.390080726392563,0.0,0.0,0.0
1640,1640,7.163173735280887,5.310893318804012,-6.582068973506514,0.0,0.0,0.0,6.639405256213812,5.94606119222006,6.588090157220611,0.0,0.0,0.0
1641,1641,-10.917420449589628,-1.805849565994099,-0.6237915111744008,0.0,0.0,0.0,-4.919751636107251,8.191655382139183,5.615434419243294,0.0,0.0,0.0
1642,1642,8.693411060353231,-6.5788085184182385,1.9960361698245392,0.0,0.0,0.0,1.8571710309495892,0.4415304238734368,10.917703257742806,0.0,0.0,0.0
1643,1643,-2.12522557436984,7.780314129294005,-7.602000137140524,0.0,0.0,0.0,3.1730592917740346,9.64943215606232,4.4340085220902585,0.0,0.0,0.0
1644,1644,-5.801532235561037,-8.463352930583401,4.189768331264103,0.0,0.0,0.0,-5.203335064040944,3.957735602347452,8.949967088809077,0.0,0.0,0.0
1645,1645,10.483396245136404,1.3003532280921801,-3.353768392000596,0.0,0.0,0.0,5.618539229835177,3.5326675381002373,8.876517040235322,0.0,0.0,0.0
1646,1646,-9.86464216994268,3.3410669701717715,-3.7903013254024955,0.0,0.0,0.0,-1.9610493743312327,9.736208186505172,4.919432210936224,0.0,0.0,0.0
1647,1647,3.865846398118737,-9.28323199719429,4.660162345879444,0.0,0.0,0.0,-1.3409382987276304,1.397779459784739,10.912762016938768,0.0,0.0,0.0
1648,1648,3.997984968219432,7.482699632052195,-7.132012351917902,0.0,0.0,0.0,4.955961217796682,7.6522233663575845,6.302555333878342,0.0,0.0,0.0
1649,1649,-9.94392106126696,-4.443183514044745,2.0534926260750197,0.0,0.0,0.0,-4.631224576178759,6.733694136728771,7.486614720654092,0.0,0.0,0.0
1650,1650,10.513940622842775,-3.4626318819307373,0.5545365696736411,0.0,0.0,0.0,3.1574727846298214,2.339855334037976,10.363190648040213,0.0,0.0,0.0
1651,1651,-5.704573161106329,7.210727959945303,-6.188984174707551,0.0,0.0,0.0,1.0333794903567555,9.625994916266668,5.395611779812404,0.0,0.0,0.0
1652,1652,-2.2475999455348132,-9.350015531993744,5.51051556697191,0.0,0.0,0.0,-3.178546236638191,3.5282528909982607,10.014417263937416,0.0,0.0,0.0
1653,1653,8.904020615024615,4.575238103723754,-4.7566680522171225,0.0,0.0,0.0,4.75581529761274,5.598789179433192,8.299160099479137,0.0,0.0,0.0
1654,1654,-11.003234951899897,0.7828949885557988,-1.07525522910366,0.0,0.0,0.0,-2.560212870716807,8.434021705190457,6.719588209892359,0.0,0.0,0.0
1655,1655,7.217779286523009,-7.389375894797277,4.0175942843896575,0.0,0.0,0.0,0.5102314738087027,2.7422859965037065,10.726593547536272,0.0,0.0,0.0
1656,1656,0.2724182463103122,8.639581144930881,-6.9371250325162865,0.0,0.0,0.0,2.806268666629097,8.298778352031716,6.789360191658536,0.0,0.0,0.0
1657,1657,-7.708155691959049,-6.655719436659714,4.373329668172929,0.0,0.0,0.0,-3.077676127118628,5.810265500925189,8.922387698528615,0.0,0.0,0.0
1658,1658,11.028135929731535,0.04138805115504763,-1.1039849283926086,0.0,0.0,0.0,2.998488853229741,4.554720222055854,9.649034463270642,0.0,0.0,0.0
1659,1659,-8.615234840781778,5.642033562996377,-4.097006674358034,0.0,0.0,0.0,-0.2168362102519623,8.51968559910329,7.085775689921867,0.0,0.0,0.0
1660,1660,1.625028401252805,-9.147005785335192,6.044157975739745,0.0,0.0,0.0,-0.915225621371211,4.451445132095703,10.108772233830342,0.0,0.0,0.0
1661,1661,6.183814235704361,7.2384649156441325,-5.674975325128839,0.0,0.0,0.0,2.477062808334764,6.759043524768326,8.427322721445059,0.0,0.0,0.0
1662,1662,-10.773408971451296,-1.961311885204215,1.710904030137719,0.0,0.0,0.0,-1.1290862764304235,6.958973747560153,8.552083157843896,0.0,0.0,0.0
1663,1663,9.687617076542493,-4.608159376009094,2.784819620929486,0.0,0.0,0.0,0.7667363363672771,5.635350172086793,9.512897645091506,0.0,0.0,0.0
1664,1664,-3.5180806950542034,8.670274895754662,-5.940515064593766,0.0,0.0,0.0,-1.2253146400027217,-5.937285022459906,-9.27833650891152,0.0,0.0,0.0
1665,1665,-4.493643723311744,-8.090745166967672,6.09813795421704,0.0,0.0,0.0,0.04179745082019707,-7.674861058997284,-7.995938873936199,0.0,0.0,0.0
1666,1666,10.15992926747938,3.5225015540937563,-2.684790095846417,0.0,0.0,0.0,0.6103228359027844,-4.726262394159029,-10.006509261229207,0.0,0.0,0.0
1667,1667,-10.460956382231526,3.3292979441781934,-1.5246129166029236,0.0,0.0,0.0,-2.807097660312386,-6.9022787502272385,-8.204817399379607,0.0,0.0,0.0
1668,1668,5.305970813664506,-7.82090275709391,5.78968320084557,0.0,0.0,0.0,2.303160083599879,-7.146018590578773,-8.15292277100347,0.0,0.0,0.0
1669,1669,2.6817385500570774,8.985399450287417,-5.9085660566202085,0.0,0.0,0.0,-1.7455660789297363,-3.7297770283018186,-10.289899910143639,0.0,0.0,0.0
1670,1670,-9.195855820237856,-4.474135914495276,4.273010803818915,0.0,0.0,0.0,-1.4244668693936724,-8.774544144798663,-6.619557913222862,0.0,0.0,0.0
1671,1671,10.946913298887258,-1.2526045598403621,1.1984777097821075,0.0,0.0,0.0,2.85412419498206,-4.5718905813398285,-9.684630574751226,0.0,0.0,0.0
1672,1672,-6.866754115448432,7.620496145505549,-4.197142384032163,0.0,0.0,0.0,-4.251305238088197,-5.205465214311723,-8.813047909362943,0.0,0.0,0.0
1673,1673,-0.7217936194283807,-8.50283009939525,7.072564743380066,0.0,0.0,0.0,2.036160096153994,-8.779065931707157,-6.451537119718139,0.0,0.0,0.0
1674,1674,8.026090141031169,6.571801382020488,-3.9030220881834636,0.0,0.0,0.0,0.1961707100549207,-2.3383271331008304,-10.832082950598796,0.0,0.0,0.0
1675,1675,-10.993084340142929,0.6321499091755617,1.262046338438387,0.0,0.0,0.0,-3.874361996366106,-8.171993720307722,-6.406880327733408,0.0,0.0,0.0
1676,1676,8.310520647439663,-5.494932951484128,4.856051503506227,0.0,0.0,0.0,4.407405897115737,-6.043700008602186,-8.178553737771947,0.0,0.0,0.0
1677,1677,-1.1336493451684269,9.638756702769076,-5.352521477262424,0.0,0.0,0.0,-3.8685244251409068,-2.80802242564102,-9.999490317347053,0.0,0.0,0.0
1678,1678,-6.479197976152259,-6.370045000937498,6.346873092270536,0.0,0.0,0.0,-0.12005020490395057,-9.862004893550242,-5.056354932698621,0.0,0.0,0.0
1679,1679,10.835850034046421,2.2841203774463676,-0.45544035671264976,0.0,0.0,0.0,3.0322526277513715,-2.3926632583388625,-10.388497692699474,0.0,0.0,0.0
1680,1680,-9.32856011488046,5.686499147807667,-1.8660041271594794,0.0,0.0,0.0,-5.7410269993974055,-6.060651897676497,-7.2903624974971155,0.0,0.0,0.0
1681,1681,3.1087260540481885,-7.789263723953457,7.245927872751479,0.0,0.0,0.0,4.241859279014764,-8.234488650625062,-6.0860581904296245,0.0,0.0,0.0
1682,1682,4.9194816710131795,8.841133192131194,-4.524747699606418,0.0,0.0,0.0,-1.6021197456493588,-0.8881965581619939,-10.930901013740897,0.0,0.0,0.0
1683,1683,-10.146402645571458,-2.037007190951769,3.9675424176035468,0.0,0.0,0.0,-3.262494033706201,-9.531764773916256,-4.619726263783679,0.0,0.0,0.0
1684,1684,10.249451515823258,-2.4312016122305318,3.446488085429585,0.0,0.0,0.0,5.390736034223608,-4.01090054677691,-8.81435871693,0.0,0.0,0.0
1685,1685,-4.7517171063027615,9.174079085730005,-4.012198306162485,0.0,0.0,0.0,-5.911687463475924,-3.1110850074310976,-8.843832833576807,0.0,0.0,0.0
1686,1686,-2.989819734278397,-7.350886482637754,7.7372943367449265,0.0,0.0,0.0,2.0898751293272855,-10.054888624696163,-4.167962867673735,0.0,0.0,0.0
1687,1687,9.386089779380422,5.585390616723733,-1.8828191866339705,0.0,0.0,0.0,1.8373009315311284,-0.3648703810470168,-10.923894574260663,0.0,0.0,0.0
1688,1688,-10.584179512789113,3.1866340826737423,0.8128868566592827,0.0,0.0,0.0,-6.09362895785086,-7.534670669876502,-5.379284506147295,0.0,0.0,0.0
1689,1689,6.493908315744347,-6.004632679572286,6.67935767478064,0.0,0.0,0.0,6.093154759943072,-6.646625289782683,-6.444851829649496,0.0,0.0,0.0
1690,1690,1.266576890291717,10.093124964470013,-4.400555556984061,0.0,0.0,0.0,-3.967802609437858,-0.3719320725852471,-10.342073620094407,0.0,0.0,0.0
1691,1691,-8.048153810684022,-4.2724967331115735,6.309775723641475,0.0,0.0,0.0,-1.477716211942911,-10.524502597132745,-3.145071963793406,0.0,0.0,0.0
1692,1692,10.884863052563022,1.0073784040589713,1.828995039773511,0.0,0.0,0.0,5.196869291664578,-1.6151632857593199,-9.655261513973661,0.0,0.0,0.0
1693,1693,-7.69342812522177,7.722870701689746,-2.002176212165369,0.0,0.0,0.0,-7.358193550278937,-4.306262503469469,-7.081904313486482,0.0,0.0,0.0
1694,1694,0.8013687495502771,-7.248604040239356,8.346006552393906,0.0,0.0,0.0,4.5668747920983295,-9.283230105421042,-3.9756221174343778,0.0,0.0,0.0
1695,1695,6.815626533028987,8.271243744882451,-2.823834211235901,0.0,0.0,0.0,-0.33779725406550287,1.1086768661834616,-11.022568049191964,0.0,0.0,0.0
1696,1696,-10.485635458515658,0.5150474198838212,3.553372055375328,0.0,0.0,0.0,-5.255191347381892,-9.134950891431224,-3.431605147897187,0.0,0.0,0.0
1697,1697,8.997110675409488,-3.3523896628095833,5.536583858359972,0.0,0.0,0.0,7.14232411026373,-4.3248439594743235,-7.288566992741164,0.0,0.0,0.0
1698,1698,-2.4345722160082217,10.23501020524996,-3.486789641059823,0.0,0.0,0.0,-6.318538018836594,-0.8216781886959204,-9.068693402925806,0.0,0.0,0.0
1699,1699,-4.998899493243969,-5.733887585523111,8.060633646963572,0.0,0.0,0.0,1.079418278431594,-10.807334299149769,-2.20831594300745,0.0,0.0,0.0
1700,1700,10.163882694375568,4.409912743819624,0.2973818158567055,0.0,0.0,0.0,3.838532582970542,0.6827021398486931,-10.374963285489335,0.0,0.0,0.0
1701,1701,-9.58039247992818,5.552902047021372,0.4707829268925812,0.0,0.0,0.0,-7.838399825887675,-6.061508236911438,-4.965670532859684,0.0,0.0,0.0
1702,1702,4.38747631619345,-6.048910692179081,8.185414393322748,0.0,0.0,0.0,6.763706651031979,-7.579657252742254,-4.431855824287339,0.0,0.0,0.0
1703,1703,3.49634831603078,10.053136943026585,-3.0903501153226873,0.0,0.0,0.0,-3.0588311194216953,1.7517214056733386,-10.507868579178908,0.0,0.0,0.0
1704,1704,-9.07682095837707,-1.9157279253576127,6.064782401958368,0.0,0.0,0.0,-3.323170315539388,-10.42742607104738,-1.7508861654291923,0.0,0.0,0.0
1705,1705,10.311901527254875,-0.15460819986690655,4.059687300059524,0.0,0.0,0.0,7.106411995749871,-1.6320742655334048,-8.34718634726565,0.0,0.0,0.0
1706,1706,-5.6868713274537415,9.331264971247995,-1.851287746104536,0.0,0.0,0.0,-8.144950082861417,-2.1325819262405576,-7.207784698026154,0.0,0.0,0.0
1707,1707,-1.4279655731914855,-6.194964013713337,9.078745120781216,0.0,0.0,0.0,3.9408225659325455,-10.177173925991536,-1.9326991906364943,0.0,0.0,0.0
1708,1708,8.22524400254647,7.377406229588396,-0.8715022660531384,0.0,0.0,0.0,1.5010755248244771,2.4815343075523977,-10.697150906981983,0.0,0.0,0.0
1709,1709,-10.189180652485637,3.028516636086331,3.1383056564797456,0.0,0.0,0.0,-7.163197800559615,-7.987666538291979,-2.7795788027398367,0.0,0.0,0.0
1710,1710,7.299487716736416,-3.8924075490118786,7.376104684936462,0.0,0.0,0.0,8.21928722867327,-5.120601086162356,-5.391014723268108,0.0,0.0,0.0
1711,1711,-0.1010089634920296,10.775313545604199,-2.592815643416448,0.0,0.0,0.0,-5.83380097907877,1.4394787097037192,-9.313159773049177,0.0,0.0,0.0
1712,1712,-6.585863409259195,-3.734917933832345,8.094261483276313,0.0,0.0,0.0,-0.5664940619073058,-11.053671151967231,-0.5794103205184273,0.0,0.0,0.0
1713,1713,10.305822847006336,3.1957092826388567,2.5333249701746032,0.0,0.0,0.0,5.894860318147836,1.0266188807549468,-9.329359746560081,0.0,0.0,0.0
1714,1714,-8.066637559694405,7.5931477043055935,0.3372598384899933,0.0,0.0,0.0,-9.046836299333673,-4.062048192267409,-4.9492216796469926,0.0,0.0,0.0
1715,1715,2.170082073051742,-5.575949135427584,9.32951299976992,0.0,0.0,0.0,6.605286094855116,-8.59048233706797,-2.3268189871945304,0.0,0.0,0.0
1716,1716,5.3776936730629235,9.580953941534576,-1.4580843961939252,0.0,0.0,0.0,-1.4721745282802523,3.476156022416262,-10.420619906878576,0.0,0.0,0.0
1717,1717,-9.482900963627158,0.5566854927254464,5.710076037476232,0.0,0.0,0.0,-5.342226483063692,-9.676809858812822,-0.8125545751320303,0.0,0.0,0.0
1718,1718,9.174638388587157,-1.0529086930755192,6.1284314061789855,0.0,0.0,0.0,8.606551823997778,-2.2060277824027454,-6.625781833235973,0.0,0.0,0.0
1719,1719,-3.4765367957944404,10.436676833030047,-1.3526811774817251,0.0,0.0,0.0,-8.169169692102653,0.21000216520958387,-7.487378941243113,0.0,0.0,0.0
1720,1720,-3.390342840786296,-4.667593875948713,9.463583919882955,0.0,0.0,0.0,2.6098542789378345,-10.771438949778812,-0.07100261565551898,0.0,0.0,0.0
1721,1721,9.038592948097548,6.292853544947527,1.2426220495286262,0.0,0.0,0.0,3.6157980286101585,3.254654580385033,-9.958589556569228,0.0,0.0,0.0
1722,1722,-9.285365259486369,5.346585329999872,2.834835988992291,0.0,0.0,0.0,-8.78082085312764,-6.264089415382246,-2.549244342723351,0.0,0.0,0.0
1723,1723,5.308707681547269,-3.954200787302298,8.889442989474142,0.0,0.0,0.0,8.604477924900335,-6.164480538591335,-3.286703075539929,0.0,0.0,0.0
1724,1724,2.053275301527683,10.809720200111704,-1.332023839488425,0.0,0.0,0.0,-4.629986451693123,3.4952115225733205,-9.443886892966312,0.0,0.0,0.0
1725,1725,-7.615328016796168,-1.4733545876538532,7.916835430471623,0.0,0.0,0.0,-2.5769762217182297,-10.758036150661987,0.6812705125578188,0.0,0.0,0.0
1726,1726,9.809280736025265,2.103950509238317,4.710804758642789,0.0,0.0,0.0,7.773812459394492,0.7853076476016403,-7.860751205979834,0.0,0.0,0.0
1727,1727,-6.175327079250014,9.189889711323,0.5015379701809887,0.0,0.0,0.0,-9.638895966718025,-1.7455156274271133,-5.1850879948875335,0.0,0.0,0.0
1728,1728,0.03966363905433749,-4.574763272758007,10.095060454078197,0.0,0.0,0.0,5.725687980407406,-9.485938854849147,-0.2715492047741667,0.0,0.0,0.0
1729,1729,6.751978382721915,8.77869145505109,0.43086196606453353,0.0,0.0,0.0,0.5556444086563742,4.72047205475618,-10.01242631178512,0.0,0.0,0.0
1730,1730,-9.231727378825099,2.983008142435942,5.358838475149634,0.0,0.0,0.0,-7.291815511763671,-8.34173285783614,-0.2918856769896792,0.0,0.0,0.0
1731,1731,7.581753074902403,-1.5517239945992078,7.934068989700376,0.0,0.0,0.0,9.570412896241962,-3.1565091149937143,-4.613450441907797,0.0,0.0,0.0
1732,1732,-1.2577903403012898,11.001650110305874,-0.4711009316309965,0.0,0.0,0.0,-7.481645099164453,2.5235061188952055,-7.777993395187416,0.0,0.0,0.0
1733,1733,-4.906862605047741,-2.748087183761908,9.550444700806334,0.0,0.0,0.0,0.7726688375463736,-10.951472652522536,1.5193773020773456,0.0,0.0,0.0
1734,1734,9.188455313119059,5.175858346689284,3.4092604933259536,0.0,0.0,0.0,5.764094584300963,3.4534585020521416,-8.81414294048878,0.0,0.0,0.0
1735,1735,-7.855330652628142,7.317738433487178,2.754044722671993,0.0,0.0,0.0,-9.946789201008764,-4.11377439970159,-2.6416893376374455,0.0,0.0,0.0
1736,1736,3.212485610104988,-3.473557494321919,10.022704840313343,0.0,0.0,0.0,8.29858374792671,-7.261768614647335,-1.113778318832683,0.0,0.0,0.0
1737,1737,3.832704144561186,10.396220950820647,0.2631476002426382,0.0,0.0,0.0,-2.866344599629801,5.206384176278146,-9.355100759623367,0.0,0.0,0.0
1738,1738,-7.987613248173764,0.9002429500820369,7.630719167022114,0.0,0.0,0.0,-4.718948880302032,-9.90739697134135,1.5541185588250834,0.0,0.0,0.0
1739,1739,8.724309573731079,1.2987587358155535,6.711179179948864,0.0,0.0,0.0,9.289827355491182,0.07636244694764331,-6.044299319143285,0.0,0.0,0.0
1740,1740,-4.0811946200866265,10.252382116714164,1.0357553685053582,0.0,0.0,0.0,-9.5715035226668,0.7027419639988728,-5.543712819505007,0.0,0.0,0.0
1741,1741,-1.7957454348956792,-3.076870652408909,10.495162842897114,0.0,0.0,0.0,4.244293402912822,-10.109836570532151,1.6178553101725464,0.0,0.0,0.0
1742,1742,7.487801464478251,7.784726860851248,2.4841768673004236,0.0,0.0,0.0,2.807131398157546,5.438056960934897,-9.240553423937207,0.0,0.0,0.0
1743,1743,-8.339007558460956,5.19015498051536,5.134542043424587,0.0,0.0,0.0,-8.97059031855634,-6.507685109983301,-0.13719192198145563,0.0,0.0,0.0
1744,1744,5.689412615397004,-1.5345461793992123,9.387013896473405,0.0,0.0,0.0,9.917119383373397,-4.312238848487754,-2.428089171971403,0.0,0.0,0.0
1745,1745,0.7537720935725204,11.028598264339305,0.801327481305539,0.0,0.0,0.0,-6.162333332019842,4.641127094351461,-7.957755021153021,0.0,0.0,0.0
1746,1746,-5.815860304552907,-0.5579404733874883,9.418319867344387,0.0,0.0,0.0,-1.3737558635010196,-10.641727900445797,2.7760943604103527,0.0,0.0,0.0
1747,1747,8.653265083457228,4.204236231292214,5.5032425791020625,0.0,0.0,0.0,7.736173070937844,3.131830770111696,-7.292704575218294,0.0,0.0,0.0
1748,1748,-6.03081432513383,8.801091926270189,3.0017223820057723,0.0,0.0,0.0,-10.548124662111602,-1.6902738716917696,-2.95301847755161,0.0,0.0,0.0
1749,1749,1.228326993582191,-2.421426715234449,10.745612278372896,0.0,0.0,0.0,7.3432557072407105,-8.240676589925656,1.0040531539017834,0.0,0.0,0.0
1750,1750,5.047618910675515,9.634470964351392,2.1304436972595635,0.0,0.0,0.0,-0.7155317041307915,6.473002384022059,-8.968195598578374,0.0,0.0,0.0
1751,1751,-7.641326523189765,3.2082364884324184,7.359186461683082,0.0,0.0,0.0,-6.780616150153498,-8.525047101956597,2.0462390650241913,0.0,0.0,0.0
1752,1752,7.152023963988649,0.9432983091170408,8.41421531077504,0.0,0.0,0.0,10.303332340104244,-0.9672197047373318,-3.9681364026028523,0.0,0.0,0.0
1753,1753,-1.9971066803832358,10.718058344806286,1.9937572575489515,0.0,0.0,0.0,-8.849679589332306,3.110928962714866,-5.903013631411426,0.0,0.0,0.0
1754,1754,-3.1217233746059816,-1.1548016765265203,10.571733729046638,0.0,0.0,0.0,2.306555439520106,-10.342105725047983,3.2497582916090937,0.0,0.0,0.0
1755,1755,7.481825886901427,6.770792091505292,4.584641057840097,0.0,0.0,0.0,5.074191174030452,5.623064213348652,-8.091601235817377,0.0,0.0,0.0
1756,1756,-6.868616513030517,6.995639134143531,5.1694698064014455,0.0,0.0,0.0,-10.217744018689892,-4.284979302713497,-0.2773757764765721,0.0,0.0,0.0
1757,1757,3.6981750792524304,-0.9036081709387239,10.408999526089966,0.0,0.0,0.0,9.617219793067685,-5.505847041031993,-0.18710849825313713,0.0,0.0,0.0
1758,1758,2.323398594557359,10.557218116507483,2.4468842205603445,0.0,0.0,0.0,-4.327399653144221,6.426997614419611,-7.925124080021966,0.0,0.0,0.0
1759,1759,-5.970469089868912,1.7438072686502522,9.173489675922385,0.0,0.0,0.0,-3.630089734300346,-9.809053133222521,3.6667700947941637,0.0,0.0,0.0
1760,1760,7.452465909274006,3.5757279537455453,7.383440881421315,0.0,0.0,0.0,9.355223865147133,2.375887304868979,-5.447497014691799,0.0,0.0,0.0
1761,1761,-3.9909069146098375,9.662456016308145,3.6810166407341907,0.0,0.0,0.0,-10.523490286579747,0.847413036825053,-3.3731767090997082,0.0,0.0,0.0
1762,1762,-0.39472066007722634,-0.7983727867349428,11.047491763809619,0.0,0.0,0.0,5.824002461939012,-8.953728667389866,2.9583806468440352,0.0,0.0,0.0
1763,1763,5.506740566007776,8.662580957306714,4.1804039606626,0.0,0.0,0.0,1.636366761440614,7.2367875767720555,-8.233558596880334,0.0,0.0,0.0
1764,1764,-6.54347204029616,5.243231643939492,7.247880611833097,0.0,0.0,0.0,-8.57426847832603,-6.671956039474868,2.192532883774289,0.0,0.0,0.0
1765,1765,5.238783774814613,1.2087651825532406,9.691971371796262,0.0,0.0,0.0,10.724075143662429,-2.1982993718791892,-1.7326193933490759,0.0,0.0,0.0
1766,1766,-0.17808190655366443,10.541198196472312,3.4193135560780603,0.0,0.0,0.0,-7.5275691132263285,5.324054868214726,-6.15064393241652,0.0,0.0,0.0
1767,1767,-3.7027186723033148,1.084608090673414,10.390080726392563,0.0,0.0,0.0,0.08139366053337824,-10.101826209431316,4.559249947524662,0.0,0.0,0.0
1768,1768,6.639405256213812,5.94606119222006,6.588090157220611,0.0,0.0,0.0,7.163173735280887,5.310893318804012,-6.582068973506514,0.0,0.0,0.0
1769,1769,-4.919751636107251,8.191655382139183,5.615434419243294,0.0,0.0,0.0,-10.917420449589628,-1.805849565994099,-0.6237915111744008,0.0,0.0,0.0
1770,1770,1.8571710309495892,0.4415304238734368,10.917703257742806,0.0,0.0,0.0,8.693411060353231,-6.5788085184182385,1.9960361698245392,0.0,0.0,0.0
1771,1771,3.1730592917740346,9.64943215606232,4.4340085220902585,0.0,0.0,0.0,-2.12522557436984,7.780314129294005,-7.602000137140524,0.0,0.0,0.0
1772,1772,-5.203335064040944,3.957735602347452,8.949967088809077,0.0,0.0,0.0,-5.801532235561037,-8.463352930583401,4.189768331264103,0.0,0.0,0.0
1773,1773,5.618539229835177,3.5326675381002373,8.876517040235322,0.0,0.0,0.0,10.483396245136404,1.3003532280921801,-3.353768392000596,0.0,0.0,0.0
1774,1774,-1.9610493743312327,9.736208186505172,4.919432210936224,0.0,0.0,0.0,-9.86464216994268,3.3410669701717715,-3.7903013254024955,0.0,0.0,0.0
1775,1775,-1.3409382987276304,1.397779459784739,10.912762016938768,0.0,0.0,0.0,3.865846398118737,-9.28323199719429,4.660162345879444,0.0,0.0,0.0
1776,1776,4.955961217796682,7.6522233663575845,6.302555333878342,0.0,0.0,0.0,3.997984968219432,7.482699632052195,-7.132012351917902,0.0,0.0,0.0
1777,1777,-4.631224576178759,6.733694136728771,7.486614720654092,0.0,0.0,0.0,-9.94392106126696,-4.443183514044745,2.0534926260750197,0.0,0.0,0.0
1778,1778,3.1574727846298214,2.339855334037976,10.363190648040213,0.0,0.0,0.0,10.513940622842775,-3.4626318819307373,0.5545365696736411,0.0,0.0,0.0
1779,1779,1.0333794903567555,9.625994916266668,5.395611779812404,0.0,0.0,0.0,-5.704573161106329,7.210727959945303,-6.188984174707551,0.0,0.0,0.0
1780,1780,-3.178546236638191,3.5282528909982607,10.014417263937416,0.0,0.0,0.0,-2.2475999455348132,-9.350015531993744,5.51051556697191,0.0,0.0,0.0
1781,1781,4.75581529761274,5.598789179433192,8.299160099479137,0.0,0.0,0.0,8.904020615024615,4.575238103723754,-4.7566680522171225,0.0,0.0,0.0
1782,1782,-2.560212870716807,8.434021705190457,6.719588209892359,0.0,0.0,0.0,-11.003234951899897,0.7828949885557988,-1.07525522910366,0.0,0.0,0.0
1783,1783,0.5102314738087027,2.7422859965037065,10.726593547536272,0.0,0.0,0.0,7.217779286523009,-7.389375894797277,4.0175942843896575,0.0,0.0,0.0
1784,1784,2.806268666629097,8.298778352031716,6.789360191658536,0.0,0.0,0.0,0.2724182463103122,8.639581144930881,-6.9371250325162865,0.0,0.0,0.0
1785,1785,-3.077676127118628,5.810265500925189,8.922387698528615,0.0,0.0,0.0,-7.708155691959049,-6.655719436659714,4.373329668172929,0.0,0.0,0.0
1786,1786,2.998488853229741,4.554720222055854,9.649034463270642,0.0,0.0,0.0,11.028135929731535,0.04138805115504763,-1.1039849283926086,0.0,0.0,0.0
1787,1787,-0.2168362102519623,8.51968559910329,7.085775689921867,0.0,0.0,0.0,-8.615234840781778,5.642033562996377,-4.097006674358034,0.0,0.0,0.0
1788,1788,-0.915225621371211,4.451445132095703,10.108772233830342,0.0,0.0,0.0,1.625028401252805,-9.147005785335192,6.044157975739745,0.0,0.0,0.0
1789,1789,2.477062808334764,6.759043524768326,8.427322721445059,0.0,0.0,0.0,6.183814235704361,7.2384649156441325,-5.674975325128839,0.0,0.0,0.0
1790,1790,-1.1290862764304235,6.958973747560153,8.552083157843896,0.0,0.0,0.0,-10.773408971451296,-1.961311885204215,1.710904030137719,0.0,0.0,0.0
1791,1791,0.7667363363672771,5.635350172086793,9.512897645091506,0.0,0.0,0.0,9.687617076542493,-4.608159376009094,2.784819620929486,0.0,0.0,0.0
1792,1792,-4.931541976566785,-9.33508648655145,-6.998606894667527,0.0,0.0,0.0,5.499524339461266,3.9952880215183817,-10.688187409888942,0.0,0.0,0.0
1793,1793,-5.62484091501883,-10.43978857967724,-4.451564167401654,0.0,0.0,0.0,-11.00013763521793,1.7045054815585006,6.044508045633052,0.0,0.0,0.0
1794,1794,-2.4384311035838464,-10.22301033414187,-7.0702586872919255,0.0,0.0,0.0,10.91518460837414,-6.1001172800555565,2.022809575517039,0.0,0.0,0.0
1795,1795,-7.0641992107400915,-8.218760093760777,-6.556944141618716,0.0,0.0,0.0,-4.775052322177244,7.970116560841827,-8.60932992579493,0.0,0.0,0.0
1796,1796,-3.4653194473114146,-11.669256691645607,-3.5020642250954097,0.0,0.0,0.0,-3.419161118767472,-4.7019613813622145,11.253681213550113,0.0,0.0,0.0
1797,1797,-3.309160996620525,-8.22572920343722,-9.04606417257191,0.0,0.0,0.0,10.393237905817902,0.18957488331741473,-7.23803230448778,0.0,0.0,0.0
1798,1798,-7.821912332325011,-9.283697731353424,-3.6159491620332203,0.0,0.0,0.0,-11.195985379881845,5.914342538873525,0.3389810473560531,0.0,0.0,0.0
1799,1799,-0.6687098912483848,-11.36543548953796,-5.5519498969840475,0.0,0.0,0.0,6.956750574094233,-7.1410657254340615,7.813657670962686,0.0,0.0,0.0
1800,1800,-6.616177447108386,-6.572796129098189,-8.571405455222019,0.0,0.0,0.0,1.8978147146856297,6.655530931282346,-10.60880067564615,0.0,0.0,0.0
1801,1801,-5.2624857752461445,-11.425632545220846,-1.4851292371527054,0.0,0.0,0.0,-8.651477976789801,-0.36607023753991796,9.24458575829291,0.0,0.0,0.0
1802,1802,-0.6036675619000187,-8.93923696648107,-8.953774197283039,0.0,0.0,0.0,12.079263882415297,-3.5265885779067285,-1.4487931202482471,0.0,0.0,0.0
1803,1803,-9.15818496415568,-7.1508623325090594,-5.043536508040716,0.0,0.0,0.0,-7.80858070484699,8.416110402943415,-5.351597659155862,0.0,0.0,0.0
1804,1804,-0.9464056223051021,-12.331513479680922,-2.7354224797351825,0.0,0.0,0.0,0.9264688405972465,-5.75600976765609,11.245196818472039,0.0,0.0,0.0
1805,1805,-4.136653683824286,-6.04371602491232,-10.334700641743067,0.0,0.0,0.0,8.041631203326558,3.4749323085144397,-9.148850063535349,0.0,0.0,0.0
1806,1806,-7.962304218066013,-9.796968523200782,-1.032261468090718,0.0,0.0,0.0,-11.034983310910164,4.2939972303057425,4.498352538228225,0.0,0.0,0.0
1807,1807,1.4149733782868301,-10.522425502120106,-6.908028397104026,0.0,0.0,0.0,10.099066082762954,-5.8561583785016165,4.9151518538104,0.0,0.0,0.0
1808,1808,-8.638005849617679,-5.142550806511038,-7.706067128473969,0.0,0.0,0.0,-1.86853105010363,8.55256846631207,-9.154594954882853,0.0,0.0,0.0
1809,1809,-3.191570200429685,-12.257630041420663,-0.09396737473433113,0.0,0.0,0.0,-5.2006927509226895,-2.273347237082385,11.32383025721746,0.0,0.0,0.0
1810,1810,-0.6905388760847061,-6.882786153349841,-10.611072296049771,0.0,0.0,0.0,11.779202508366891,-0.4318479308865176,-4.637708494029758,0.0,0.0,0.0
1811,1811,-10.074971413971094,-7.2419749997988845,-2.5481745532982734,0.0,0.0,0.0,-9.77964210082997,7.92879402695242,-1.3918585064442328,0.0,0.0,0.0
1812,1812,1.6047438912614496,-12.06292850275131,-3.514967627886869,0.0,0.0,0.0,5.164746081978785,-5.951643026430892,9.917045307890094,0.0,0.0,0.0
1813,1813,-6.055426618140779,-4.137138897813229,-10.327649038219512,0.0,0.0,0.0,4.787430781073912,6.424149550676069,-9.810976175238531,0.0,0.0,0.0
1814,1814,-6.5813762572418355,-10.764984588410535,1.1158126258564858,0.0,0.0,0.0,-9.433190275922982,2.31297653995421,8.130775189855953,0.0,0.0,0.0
1815,1815,2.3244667655598183,-8.772291278643905,-8.83675304750334,0.0,0.0,0.0,12.01405682924438,-3.7026957645329364,1.5482012217796273,0.0,0.0,0.0
1816,1816,-10.386963950555726,-4.597909559538201,-5.60487752018602,0.0,0.0,0.0,-5.260321117858391,9.526559983594632,-6.482138617779636,0.0,0.0,0.0
1817,1817,-0.4063659608243614,-12.660077710666506,0.041755357644078374,0.0,0.0,0.0,-1.0778443560677495,-3.684173302957682,12.071021624617794,0.0,0.0,0.0
1818,1818,-2.08156916567762,-4.608792040619941,-11.613378069233,0.0,0.0,0.0,10.112375729802066,2.851008316583207,-7.075030255921673,0.0,0.0,0.0
1819,1819,-9.765345031588144,-8.065059314929542,0.19312976163337314,0.0,0.0,0.0,-10.402548983176501,6.668005214298078,2.787315116528942,0.0,0.0,0.0
1820,1820,3.612382366733444,-10.927664137492235,-5.289734830669963,0.0,0.0,0.0,8.775778036874783,-5.192476383400726,7.514542787119884,0.0,0.0,0.0
1821,1821,-8.36434739332287,-2.7976869644723896,-9.09148418998558,0.0,0.0,0.0,1.114231346412136,8.734955056492913,-9.105135535061795,0.0,0.0,0.0
1822,1822,-4.093140907206484,-11.740620928033051,2.4183593988712184,0.0,0.0,0.0,-6.586527508517004,0.32210460463799434,10.814728311305066,0.0,0.0,0.0
1823,1823,1.9764394656809248,-6.455172225595006,-10.717690190546154,0.0,0.0,0.0,12.508403459523585,-0.897635079879231,-1.782845647068823,0.0,0.0,0.0
1824,1824,-11.359548640213594,-4.886638557090664,-2.7433305938402572,0.0,0.0,0.0,-7.795881779071321,9.547958092663643,-2.916362115994199,0.0,0.0,0.0
1825,1825,2.465884285380777,-12.384127060070943,-0.9986271052071212,0.0,0.0,0.0,3.1977043090246027,-4.338118371741486,11.46297782379989,0.0,0.0,0.0
1826,1826,-4.36935131837447,-2.5193757113965485,-11.619206492939524,0.0,0.0,0.0,7.365868857330402,5.96627731180674,-8.401901895365945,0.0,0.0,0.0
1827,1827,-8.208038949933457,-9.285611661526293,2.6172422722831277,0.0,0.0,0.0,-9.583187245725414,4.899756428521569,6.678274747167183,0.0,0.0,0.0
1828,1828,4.6529439995155,-9.01757714629867,-7.58141536865302,0.0,0.0,0.0,11.333618743559715,-3.5167103846539156,4.430155605644435,0.0,0.0,0.0
1829,1829,-10.473532805052285,-2.2169764013598234,-6.77012338598277,0.0,0.0,0.0,-2.4419258591741118,10.198175215435878,-7.104833905003672,0.0,0.0,0.0
1830,1830,-0.9395115017127708,-12.357336717125321,2.618776783511606,0.0,0.0,0.0,-2.8624882804157448,-1.331068947325617,12.266982544459397,0.0,0.0,0.0
1831,1831,0.43753223385485857,-3.9164510864963096,-12.038040574592836,0.0,0.0,0.0,11.59036420281491,2.253837288602166,-4.585642764840787,0.0,0.0,0.0
1832,1832,-11.221003771228947,-5.86404589553314,0.382732994749967,0.0,0.0,0.0,-9.120444993315568,8.721114017948631,1.0973139268087777,0.0,0.0,0.0
1833,1833,4.871414008062884,-11.302733695961345,-2.9936567946830976,0.0,0.0,0.0,7.092946557215768,-4.08478479712853,9.666906782510743,0.0,0.0,0.0
1834,1834,-7.072541306776212,-0.9422680816029264,-10.465932102324196,0.0,0.0,0.0,3.9738448996370646,8.587296778125602,-8.420886841784878,0.0,0.0,0.0
1835,1835,-5.563927252262007,-10.548405011841467,4.268291189904638,0.0,0.0,0.0,-7.431562163645254,2.9570713758108553,9.822018994603907,0.0,0.0,0.0
1836,1836,4.488651974253141,-6.531235544210438,-9.881265615506909,0.0,0.0,0.0,12.567496155369065,-1.0907968896477584,1.1457080668486752,0.0,0.0,0.0
1837,1837,-11.875090270631478,-2.45344822580742,-3.661593548137144,0.0,0.0,0.0,-5.37067819861005,10.727531838058786,-4.064519749556323,0.0,0.0,0.0
1838,1838,2.3671805288531176,-12.333189777665604,1.653278771419658,0.0,0.0,0.0,1.254313048507237,-2.352735095179133,12.382882572017733,0.0,0.0,0.0
1839,1839,-2.0398126312689273,-1.5134923445390467,-12.40938958194403,0.0,0.0,0.0,9.467290191166335,5.40323638984376,-6.451348494372122,0.0,0.0,0.0
1840,1840,-9.836530034440512,-7.282398949096712,3.264013920293292,0.0,0.0,0.0,-9.056942992321758,7.26822246172156,5.058573941822295,0.0,0.0,0.0
1841,1841,6.36143634119254,-9.427398411009932,-5.576802965962297,0.0,0.0,0.0,10.138946197077068,-2.904980145533925,7.014791857992204,0.0,0.0,0.0
1842,1842,-9.662369198785086,-0.10603275642136747,-8.189738882593177,0.0,0.0,0.0,0.45326465436054636,10.463865713385797,-7.123658465245238,0.0,0.0,0.0
1843,1843,-2.1687392586713092,-11.504474500767317,4.836122510153773,0.0,0.0,0.0,-4.244348639461302,1.190935234375398,11.874831465681936,0.0,0.0,0.0
1844,1844,3.090666363956613,-3.7573916465406194,-11.695051683739477,0.0,0.0,0.0,12.40028097544453,1.8157621833692645,-1.8386092210141,0.0,0.0,0.0
1845,1845,-12.192839052175891,-3.426894600421773,-0.188450761362756,0.0,0.0,0.0,-7.261776800042562,10.371393108688043,-0.38111302200973196,0.0,0.0,0.0
1846,1846,5.299202410876592,-11.499749091340357,-0.3444838006349487,0.0,0.0,0.0,5.233896927399901,-2.5454453537765356,11.250398897302036,0.0,0.0,0.0
1847,1847,-5.0489408187396565,0.4246922084173189,-11.609146289934404,0.0,0.0,0.0,6.513825281529238,8.210146104170207,-7.113931795709942,0.0,0.0,0.0
1848,1848,-7.282770971137889,-8.822346384749318,5.438004752993093,0.0,0.0,0.0,-7.630707799085099,5.49588565860846,8.48598749448803,0.0,0.0,0.0
1849,1849,6.644449532913706,-6.903308890115163,-8.284929765323504,0.0,0.0,0.0,11.999241493013153,-0.9125937669361882,3.9534567979205595,0.0,0.0,0.0
1850,1850,-11.630736321999601,-0.11383660444292143,-5.01572111263492,0.0,0.0,0.0,-2.672714374987147,11.458481870218659,-4.690867248572588,0.0,0.0,0.0
1851,1851,1.5154006379058036,-11.856255738896168,4.192517764380957,0.0,0.0,0.0,-0.459883067381624,-0.08150115596136057,12.658053150861559,0.0,0.0,0.0
1852,1852,0.6370186149947666,-1.0340725004009463,-12.608304635921053,0.0,0.0,0.0,10.958477018884533,4.87087029781664,-4.078093722874788,0.0,0.0,0.0
1853,1853,-11.229573649979214,-4.933225838499634,3.1629737447812754,0.0,0.0,0.0,-7.864924982668593,9.304685435645112,3.465577643743215,0.0,0.0,0.0
1854,1854,7.38655850264747,-9.822162821167408,-3.0672977432206756,0.0,0.0,0.0,8.579552321106354,-1.8366175667976328,9.135784713250006,0.0,0.0,0.0
1855,1855,-8.08997975347536,1.642673810859308,-9.607200153197564,0.0,0.0,0.0,3.215319769869442,10.392535837989655,-6.488556239851124,0.0,0.0,0.0
1856,1856,-3.83148385197062,-10.139978306568805,6.553244683248598,0.0,0.0,0.0,-5.064352668405727,3.7491135725119866,10.988217503969503,0.0,0.0,0.0
1857,1857,5.624049199000196,-3.9852513824127422,-10.62696035893266,0.0,0.0,0.0,12.51889590304047,1.6631795689019138,0.9775088411607072,0.0,0.0,0.0
1858,1858,-12.56311704630281,-0.9315004083633158,-1.3209244922546886,0.0,0.0,0.0,-4.952513347264809,11.566049892970357,-1.4640853331032042,0.0,0.0,0.0
1859,1859,4.970073650851781,-11.399773155221377,2.4058230106818814,0.0,0.0,0.0,3.4079422806395385,-0.6239036266910662,12.183641414640974,0.0,0.0,0.0
1860,1860,-2.5178072465518313,1.3020171465369414,-12.345438123592798,0.0,0.0,0.0,8.552151369249692,7.7296989397596505,-5.249467182699849,0.0,0.0,0.0
1861,1861,-8.992680806464142,-6.676990225932506,5.915567418259788,0.0,0.0,0.0,-7.126215499599232,7.802063793682343,6.984933618632772,0.0,0.0,0.0
1862,1862,8.285658996086875,-7.401919430870552,-6.083082128624368,0.0,0.0,0.0,10.901891582895487,-0.28870493608084186,6.442814122632956,0.0,0.0,0.0
1863,1863,-10.645864997960224,1.9954405035961442,-6.567207936858472,0.0,0.0,0.0,0.09461908822160715,11.76867504583705,-4.683351293439346,0.0,0.0,0.0
1864,1864,0.09407901717892225,-10.918638932664802,6.420196059369731,0.0,0.0,0.0,-1.7434638131330096,2.3594248734927867,12.322251930664413,0.0,0.0,0.0
1865,1865,3.4106895022558144,-0.997856620890621,-12.157957218524432,0.0,0.0,0.0,11.746963626769501,4.512750433487716,-1.4451205903087547,0.0,0.0,0.0
1866,1866,-12.199764235307644,-2.3943640926951213,2.424297349469401,0.0,0.0,0.0,-6.07374070855945,10.914124748828815,2.1061811926597582,0.0,0.0,0.0
1867,1867,7.699393751512893,-10.054353783989333,-0.2715700456000584,0.0,0.0,0.0,6.847315330820575,-0.3160559902958961,10.651705300815976,0.0,0.0,0.0
1868,1868,-5.898208058754894,2.9663649984819354,-10.810007624213023,0.0,0.0,0.0,5.627634427470946,10.086718986202744,-5.199257186199234,0.0,0.0,0.0
1869,1869,-5.691223686171781,-8.316895383264223,7.673569481142337,0.0,0.0,0.0,-5.195790243031867,6.196196365579271,9.749633777415472,0.0,0.0,0.0
1870,1870,7.830423986484984,-4.460427716722403,-8.901319521278786,0.0,0.0,0.0,11.977528251939164,1.9104986743984003,3.6514731593214087,0.0,0.0,0.0
1871,1871,-12.260882918774268,1.4696732445748906,-2.820506169185538,0.0,0.0,0.0,-2.3671467492047435,12.284525123386365,-1.98280185715624,0.0,0.0,0.0
1872,1872,3.984241675699,-10.916841906314994,5.039129439324973,0.0,0.0,0.0,1.8419496700560998,1.5945937629682472,12.430162371755511,0.0,0.0,0.0
1873,1873,0.30398935328517435,1.714007491223703,-12.54648210604239,0.0,0.0,0.0,9.929074123294717,7.293117155972766,-2.944210190780972,0.0,0.0,0.0
1874,1874,-10.474621249561313,-4.2327525584751315,5.728050270474628,0.0,0.0,0.0,-5.9107949970414815,9.743648040798268,5.528857911370219,0.0,0.0,0.0
1875,1875,9.305272305898658,-7.8745624495073585,-3.4420368949224986,0.0,0.0,0.0,9.42637449108258,0.8276497042880757,8.42038623609292,0.0,0.0,0.0
1876,1876,-8.979903534045928,3.769771982978789,-8.099049089843893,0.0,0.0,0.0,2.6999017321902836,11.722331302398704,-3.967609345366927,0.0,0.0,0.0
1877,1877,-1.704014354194671,-9.517670384691106,8.182586997594093,0.0,0.0,0.0,-2.4056707259752597,4.827262197313274,11.461009226097826,0.0,0.0,0.0
1878,1878,6.057463224292864,-1.3053947476849872,-11.047512311972298,0.0,0.0,0.0,11.783893140634133,4.475942942130526,1.2450870142409032,0.0,0.0,0.0
1879,1879,-12.60983425865589,0.18584087343155575,1.1840555658895457,0.0,0.0,0.0,-3.804222343953025,12.022687930865777,1.1947015187512398,0.0,0.0,0.0
1880,1880,7.320063263709687,-10.0049721206946,2.600317504370437,0.0,0.0,0.0,5.171584985772314,1.6173479099391792,11.44916324092173,0.0,0.0,0.0
1881,1881,-3.2523033180455463,3.837441383047624,-11.625016610879618,0.0,0.0,0.0,7.4714338883964295,9.679987872337366,-3.304535502433964,0.0,0.0,0.0
1882,1882,-7.525795219560296,-6.112537797311646,8.151302499220813,0.0,0.0,0.0,-4.545699883855692,8.373161810302701,8.346928675179052,0.0,0.0,0.0
1883,1883,9.547914517859269,-5.0423547182684345,-6.6224188706945935,0.0,0.0,0.0,10.859938006518822,2.659051392401139,5.9527839395749185,0.0,0.0,0.0
1884,1884,-11.268978872225047,3.647271469580273,-4.489094613466601,0.0,0.0,0.0,0.27479643275620724,12.537343147510901,-1.784364919580485,0.0,0.0,0.0
1885,1885,2.476890508496641,-10.000694571777023,7.368552499308964,0.0,0.0,0.0,0.7785303030383391,3.991205890648189,11.996191501882162,0.0,0.0,0.0
1886,1886,3.2014460609458215,1.7151910256369898,-12.134797374021224,0.0,0.0,0.0,10.505492885451106,7.06733062133255,-0.3631825527678883,0.0,0.0,0.0
1887,1887,-11.54763812169357,-1.6193043833014005,4.947155907059515,0.0,0.0,0.0,-4.023563676091888,11.191973426541567,4.35833805574383,0.0,0.0,0.0
1888,1888,9.651362490624205,-8.185360745109916,-0.5436138253478572,0.0,0.0,0.0,7.773164811782332,2.4589380078368577,9.694120750568759,0.0,0.0,0.0
1889,1889,-6.736206453808393,5.138708349319926,-9.416031199843351,0.0,0.0,0.0,4.882419952258326,11.417105856299667,-2.501222445117831,0.0,0.0,0.0
1890,1890,-3.676003556253253,-7.684918411750964,9.37408509153123,0.0,0.0,0.0,-2.259878303085042,7.152416967546682,10.206876408662906,0.0,0.0,0.0
1891,1891,8.38272106825751,-1.8405661173914454,-9.315940548512845,0.0,0.0,0.0,11.055336610771448,4.915559563170352,3.7498334693136086,0.0,0.0,0.0
1892,1892,-12.37602965549101,2.6686337709536647,-0.3958891348044893,0.0,0.0,0.0,-1.2265106800784111,12.57047601303689,0.9608583670038766,0.0,0.0,0.0
1893,1893,6.3190447656875435,-9.586030883830938,5.349965381906679,0.0,0.0,0.0,3.8232614365412685,3.8948953478363135,11.430525213715377,0.0,0.0,0.0
1894,1894,-0.3386353453725239,4.264769652364436,-11.922311452032252,0.0,0.0,0.0,8.512101081839981,9.33764378116199,-0.8927419743626699,0.0,0.0,0.0
1895,1895,-9.132198173320063,-3.627256131426565,7.993147935848659,0.0,0.0,0.0,-3.0374859271687122,10.100414525811944,7.014253352506074,0.0,0.0,0.0
1896,1896,10.664268497021535,-5.592850710083378,-3.9291020351064287,0.0,0.0,0.0,9.291609106973096,4.01101496867125,7.617230702061829,0.0,0.0,0.0
1897,1897,-9.624631662851796,5.498573342508488,-6.129975611338863,0.0,0.0,0.0,2.7034477925064695,12.354496324862977,-0.7086854282844506,0.0,0.0,0.0
1898,1898,0.614079548817135,-8.638157401003067,9.243894604945693,0.0,0.0,0.0,0.4993097180708059,6.414517942340206,10.910962094011657,0.0,0.0,0.0
1899,1899,5.968307589028659,1.388351146876258,-11.085857209067502,0.0,0.0,0.0,10.130674803260485,7.252735143911499,2.28291598771785,0.0,0.0,0.0
1900,1900,-12.07465100387612,1.028992507196901,3.68624768549939,0.0,0.0,0.0,-1.5261990106333474,11.997141763235305,3.766132039228134,0.0,0.0,0.0
1901,1901,9.328170398816289,-8.219785864512625,2.4217352861800596,0.0,0.0,0.0,6.1944495261521695,4.6268057622147,10.033240152154915,0.0,0.0,0.0
1902,1902,-4.0572940723268145,6.068073943698116,-10.351873640486406,0.0,0.0,0.0,6.317083851230984,10.976523214523597,-0.23416699525095716,0.0,0.0,0.0
1903,1903,-5.617312578117372,-5.484219884715275,9.940501803226109,0.0,0.0,0.0,-1.066783299332529,9.120415894103676,8.724931618928016,0.0,0.0,0.0
1904,1904,10.228517420847739,-2.475850024059277,-7.0492582924662095,0.0,0.0,0.0,9.531695771347826,6.035530179879189,5.758784213213845,0.0,0.0,0.0
1905,1905,-11.47047961030229,4.930695224149421,-2.135599812772301,0.0,0.0,0.0,1.4513827438616507,12.46570937091886,1.7158153906320788,0.0,0.0,0.0
1906,1906,4.812674794144117,-8.743742817200356,7.799331209571152,0.0,0.0,0.0,3.162262260725645,6.443106219186973,10.436997848365593,0.0,0.0,0.0
1907,1907,2.644597921731926,4.292276596197401,-11.620107912503686,0.0,0.0,0.0,8.402199708741731,9.275481808974922,1.9526704048351815,0.0,0.0,0.0
1908,1908,-10.335824664428568,-0.9789579263875262,7.256501521303274,0.0,0.0,0.0,-0.5067857617420451,11.1124063736088,6.058220631802512,0.0,0.0,0.0
1909,1909,11.120956429225838,-5.9828757685819784,-0.9868992254017935,0.0,0.0,0.0,7.389634175671781,6.157758743287359,8.241344456660896,0.0,0.0,0.0
1910,1910,-7.415944731464023,6.951894912120109,-7.557735462083406,0.0,0.0,0.0,4.544348723458986,11.719987452119549,1.5605233884439242,0.0,0.0,0.0
1911,1911,-1.4167864791822857,-6.852698061323702,10.558299569384276,0.0,0.0,0.0,1.4895875042553162,8.67411773836617,9.109624304670929,0.0,0.0,0.0
1912,1912,8.417688928897473,0.8392857277851924,-9.427754611124358,0.0,0.0,0.0,8.425443638122761,8.186052620742668,4.737603448514066,0.0,0.0,0.0
1913,1913,-11.96846976659186,3.5804621380759523,2.0929564658885593,0.0,0.0,0.0,1.6523892324105272,11.812503887734522,4.26366112290765,0.0,0.0,0.0
1914,1914,8.394123438659427,-7.890266534950675,5.265627232164224,0.0,0.0,0.0,5.026106905366878,7.521975718136018,8.865809332244808,0.0,0.0,0.0
1915,1915,-1.1156972530862022,6.5607400232995055,-10.777585742189922,0.0,0.0,0.0,6.32431867068002,10.497390613821297,3.2019100700469814,0.0,0.0,0.0
1916,1916,-7.333284047871329,-3.007069164757669,9.88053260486109,0.0,0.0,0.0,1.9633040393768302,10.309549755051899,7.0924654064154256,0.0,0.0,0.0
1917,1917,11.48150584772266,-3.0799907754153453,-4.374142743005803,0.0,0.0,0.0,6.6692378694337515,8.488858435741772,6.626084299416217,0.0,0.0,0.0
1918,1918,-9.921106834564556,6.870836721969794,-3.8480756699045537,0.0,0.0,0.0,4.134871908908233,11.05050722590805,4.607989669172358,0.0,0.0,0.0
1919,1919,2.954915524141831,-7.460651426370432,9.800591767006013,0.0,0.0,0.0,4.303128032453901,9.592665074862499,7.06458139891857,0.0,0.0,0.0
1920,1920,5.499524339461266,3.9952880215183817,-10.688187409888942,0.0,0.0,0.0,-4.931541976566785,-9.33508648655145,-6.998606894667527,0.0,0.0,0.0
1921,1921,-11.00013763521793,1.7045054815585006,6.044508045633052,0.0,0.0,0.0,-5.62484091501883,-10.43978857967724,-4.451564167401654,0.0,0.0,0.0
1922,1922,10.91518460837414,-6.1001172800555565,2.022809575517039,0.0,0.0,0.0,-2.4384311035838464,-10.22301033414187,-7.0702586872919255,0.0,0.0,0.0
1923,1923,-4.775052322177244,7.970116560841827,-8.60932992579493,0.0,0.0,0.0,-7.0641992107400915,-8.218760093760777,-6.556944141618716,0.0,0.0,0.0
1924,1924,-3.419161118767472,-4.7019613813622145,11.253681213550113,0.0,0.0,0.0,-3.4653194473114146,-11.669256691645607,-3.5020642250954097,0.0,0.0,0.0
1925,1925,10.393237905817902,0.18957488331741473,-7.23803230448778,0.0,0.0,0.0,-3.309160996620525,-8.22572920343722,-9.04606417257191,0.0,0.0,0.0
1926,1926,-11.195985379881845,5.914342538873525,0.3389810473560531,0.0,0.0,0.0,-7.821912332325011,-9.283697731353424,-3.6159491620332203,0.0,0.0,0.0
1927,1927,6.956750574094233,-7.1410657254340615,7.813657670962686,0.0,0.0,0.0,-0.6687098912483848,-11.36543548953796,-5.5519498969840475,0.0,0.0,0.0
1928,1928,1.8978147146856297,6.655530931282346,-10.60880067564615,0.0,0.0,0.0,-6.616177447108386,-6.572796129098189,-8.571405455222019,0.0,0.0,0.0
1929,1929,-8.651477976789801,-0.36607023753991796,9.24458575829291,0.0,0.0,0.0,-5.2624857752461445,-11.425632545220846,-1.4851292371527054,0.0,0.0,0.0
1930,1930,12.079263882415297,-3.5265885779067285,-1.4487931202482471,0.0,0.0,0.0,-0.6036675619000187,-8.93923696648107,-8.953774197283039,0.0,0.0,0.0
1931,1931,-7.80858070484699,8.416110402943415,-5.351597659155862,0.0,0.0,0.0,-9.15818496415568,-7.1508623325090594,-5.043536508040716,0.0,0.0,0.0
1932,1932,0.9264688405972465,-5.75600976765609,11.245196818472039,0.0,0.0,0.0,-0.9464056223051021,-12.331513479680922,-2.7354224797351825,0.0,0.0,0.0
1933,1933,8.041631203326558,3.4749323085144397,-9.148850063535349,0.0,0.0,0.0,-4.136653683824286,-6.04371602491232,-10.334700641743067,0.0,0.0,0.0
1934,1934,-11.034983310910164,4.2939972303057425,4.498352538228225,0.0,0.0,0.0,-7.962304218066013,-9.796968523200782,-1.032261468090718,0.0,0.0,0.0
1935,1935,10.099066082762954,-5.8561583785016165,4.9151518538104,0.0,0.0,0.0,1.4149733782868301,-10.522425502120106,-6.908028397104026,0.0,0.0,0.0
1936,1936,-1.86853105010363,8.55256846631207,-9.154594954882853,0.0,0.0,0.0,-8.638005849617679,-5.142550806511038,-7.706067128473969,0.0,0.0,0.0
1937,1937,-5.2006927509226895,-2.273347237082385,11.32383025721746,0.0,0.0,0.0,-3.191570200429685,-12.257630041420663,-0.09396737473433113,0.0,0.0,0.0
1938,1938,11.779202508366891,-0.4318479308865176,-4.637708494029758,0.0,0.0,0.0,-0.6905388760847061,-6.882786153349841,-10.611072296049771,0.0,0.0,0.0
1939,1939,-9.77964210082997,7.92879402695242,-1.3918585064442328,0.0,0.0,0.0,-10.074971413971094,-7.2419749997988845,-2.5481745532982734,0.0,0.0,0.0
1940,1940,5.164746081978785,-5.951643026430892,9.917045307890094,0.0,0.0,0.0,1.6047438912614496,-12.06292850275131,-3.514967627886869,0.0,0.0,0.0
1941,1941,4.787430781073912,6.424149550676069,-9.810976175238531,0.0,0.0,0.0,-6.055426618140779,-4.137138897813229,-10.327649038219512,0.0,0.0,0.0
1942,1942,-9.433190275922982,2.31297653995421,8.130775189855953,0.0,0.0,0.0,-6.5813762572418355,-10.764984588410535,1.1158126258564858,0.0,0.0,0.0
1943,1943,12.01405682924438,-3.7026957645329364,1.5482012217796273,0.0,0.0,0.0,2.3244667655598183,-8.772291278643905,-8.83675304750334,0.0,0.0,0.0
1944,1944,-5.260321117858391,9.526559983594632,-6.482138617779636,0.0,0.0,0.0,-10.386963950555726,-4.597909559538201,-5.60487752018602,0.0,0.0,0.0
1945,1945,-1.0778443560677495,-3.684173302957682,12.071021624617794,0.0,0.0,0.0,-0.4063659608243614,-12.660077710666506,0.041755357644078374,0.0,0.0,0.0
1946,1946,10.112375729802066,2.851008316583207,-7.075030255921673,0.0,0.0,0.0,-2.08156916567762,-4.608792040619941,-11.613378069233,0.0,0.0,0.0
1947,1947,-10.402548983176501,6.668005214298078,2.787315116528942,0.0,0.0,0.0,-9.765345031588144,-8.065059314929542,0.19312976163337314,0.0,0.0,0.0
1948,1948,8.775778036874783,-5.192476383400726,7.514542787119884,0.0,0.0,0.0,3.612382366733444,-10.927664137492235,-5.289734830669963,0.0,0.0,0.0
1949,1949,1.114231346412136,8.734955056492913,-9.105135535061795,0.0,0.0,0.0,-8.36434739332287,-2.7976869644723896,-9.09148418998558,0.0,0.0,0.0
1950,1950,-6.586527508517004,0.32210460463799434,10.814728311305066,0.0,0.0,0.0,-4.093140907206484,-11.740620928033051,2.4183593988712184,0.0,0.0,0.0
1951,1951,12.508403459523585,-0.897635079879231,-1.782845647068823,0.0,0.0,0.0,1.9764394656809248,-6.455172225595006,-10.717690190546154,0.0,0.0,0.0
1952,1952,-7.795881779071321,9.547958092663643,-2.916362115994199,0.0,0.0,0.0,-11.359548640213594,-4.886638557090664,-2.7433305938402572,0.0,0.0,0.0
1953,1953,3.1977043090246027,-4.338118371741486,11.46297782379989,0.0,0.0,0.0,2.465884285380777,-12.384127060070943,-0.9986271052071212,0.0,0.0,0.0
1954,1954,7.365868857330402,5.96627731180674,-8.401901895365945,0.0,0.0,0.0,-4.36935131837447,-2.5193757113965485,-11.619206492939524,0.0,0.0,0.0
1955,1955,-9.583187245725414,4.899756428521569,6.678274747167183,0.0,0.0,0.0,-8.208038949933457,-9.285611661526293,2.6172422722831277,0.0,0.0,0.0
1956,1956,11.333618743559715,-3.5167103846539156,4.430155605644435,0.0,0.0,0.0,4.6529439995155,-9.01757714629867,-7.58141536865302,0.0,0.0,0.0
1957,1957,-2.4419258591741118,10.198175215435878,-7.104833905003672,0.0,0.0,0.0,-10.473532805052285,-2.2169764013598234,-6.77012338598277,0.0,0.0,0.0
1958,1958,-2.8624882804157448,-1.331068947325617,12.266982544459397,0.0,0.0,0.0,-0.9395115017127708,-12.357336717125321,2.618776783511606,0.0,0.0,0.0
1959,1959,11.59036420281491,2.253837288602166,-4.585642764840787,0.0,0.0,0.0,0.43753223385485857,-3.9164510864963096,-12.038040574592836,0.0,0.0,0.0
1960,1960,-9.120444993315568,8.721114017948631,1.0973139268087777,0.0,0.0,0.0,-11.221003771228947,-5.86404589553314,0.382732994749967,0.0,0.0,0.0
1961,1961,7.092946557215768,-4.08478479712853,9.666906782510743,0.0,0.0,0.0,4.871414008062884,-11.302733695961345,-2.9936567946830976,0.0,0.0,0.0
1962,1962,3.9738448996370646,8.587296778125602,-8.420886841784878,0.0,0.0,0.0,-7.072541306776212,-0.9422680816029264,-10.465932102324196,0.0,0.0,0.0
1963,1963,-7.431562163645254,2.9570713758108553,9.822018994603907,0.0,0.0,0.0,-5.563927252262007,-10.548405011841467,4.268291189904638,0.0,0.0,0.0
1964,1964,12.567496155369065,-1.0907968896477584,1.1457080668486752,0.0,0.0,0.0,4.488651974253141,-6.531235544210438,-9.881265615506909,0.0,0.0,0.0
1965,1965,-5.37067819861005,10.727531838058786,-4.064519749556323,0.0,0.0,0.0,-11.875090270631478,-2.45344822580742,-3.661593548137144,0.0,0.0,0.0
1966,1966,1.254313048507237,-2.352735095179133,12.382882572017733,0.0,0.0,0.0,2.3671805288531176,-12.333189777665604,1.653278771419658,0.0,0.0,0.0
1967,1967,9.467290191166335,5.40323638984376,-6.451348494372122,0.0,0.0,0.0,-2.0398126312689273,-1.5134923445390467,-12.40938958194403,0.0,0.0,0.0
1968,1968,-9.056942992321758,7.26822246172156,5.058573941822295,0.0,0.0,0.0,-9.836530034440512,-7.282398949096712,3.264013920293292,0.0,0.0,0.0
1969,1969,10.138946197077068,-2.904980145533925,7.014791857992204,0.0,0.0,0.0,6.36143634119254,-9.427398411009932,-5.576802965962297,0.0,0.0,0.0
1970,1970,0.45326465436054636,10.463865713385797,-7.123658465245238,0.0,0.0,0.0,-9.662369198785086,-0.10603275642136747,-8.189738882593177,0.0,0.0,0.0
1971,1971,-4.244348639461302,1.190935234375398,11.874831465681936,0.0,0.0,0.0,-2.1687392586713092,-11.504474500767317,4.836122510153773,0.0,0.0,0.0
1972,1972,12.40028097544453,1.8157621833692645,-1.8386092210141,0.0,0.0,0.0,3.090666363956613,-3.7573916465406194,-11.695051683739477,0.0,0.0,0.0
1973,1973,-7.261776800042562,10.371393108688043,-0.38111302200973196,0.0,0.0,0.0,-12.192839052175891,-3.426894600421773,-0.188450761362756,0.0,0.0,0.0
1974,1974,5.233896927399901,-2.5454453537765356,11.250398897302036,0.0,0.0,0.0,5.299202410876592,-11.499749091340357,-0.3444838006349487,0.0,0.0,0.0
1975,1975,6.513825281529238,8.210146104170207,-7.113931795709942,0.0,0.0,0.0,-5.0489408187396565,0.4246922084173189,-11.609146289934404,0.0,0.0,0.0
1976,1976,-7.630707799085099,5.49588565860846,8.48598749448803,0.0,0.0,0.0,-7.282770971137889,-8.822346384749318,5.438004752993093,0.0,0.0,0.0
1977,1977,11.999241493013153,-0.9125937669361882,3.9534567979205595,0.0,0.0,0.0,6.644449532913706,-6.903308890115163,-8.284929765323504,0.0,0.0,0.0
1978,1978,-2.672714374987147,11.458481870218659,-4.690867248572588,0.0,0.0,0.0,-11.630736321999601,-0.11383660444292143,-5.01572111263492,0.0,0.0,0.0
1979,1979,-0.459883067381624,-0.08150115596136057,12.658053150861559,0.0,0.0,0.0,1.5154006379058036,-11.856255738896168,4.192517764380957,0.0,0.0,0.0
1980,1980,10.958477018884533,4.87087029781664,-4.078093722874788,0.0,0.0,0.0,0.6370186149947666,-1.0340725004009463,-12.608304635921053,0.0,0.0,0.0
1981,1981,-7.864924982668593,9.304685435645112,3.465577643743215,0.0,0.0,0.0,-11.229573649979214,-4.933225838499634,3.1629737447812754,0.0,0.0,0.0
1982,1982,8.579552321106354,-1.8366175667976328,9.135784713250006,0.0,0.0,0.0,7.38655850264747,-9.822162821167408,-3.0672977432206756,0.0,0.0,0.0
1983,1983,3.215319769869442,10.392535837989655,-6.488556239851124,0.0,0.0,0.0,-8.08997975347536,1.642673810859308,-9.607200153197564,0.0,0.0,0.0
1984,1984,-5.064352668405727,3.7491135725119866,10.988217503969503,0.0,0.0,0.0,-3.83148385197062,-10.139978306568805,6.553244683248598,0.0,0.0,0.0
1985,1985,12.51889590304047,1.6631795689019138,0.9775088411607072,0.0,0.0,0.0,5.624049199000196,-3.9852513824127422,-10.62696035893266,0.0,0.0,0.0
1986,1986,-4.952513347264809,11.566049892970357,-1.4640853331032042,0.0,0.0,0.0,-12.56311704630281,-0.9315004083633158,-1.3209244922546886,0.0,0.0,0.0
1987,1987,3.4079422806395385,-0.6239036266910662,12.183641414640974,0.0,0.0,0.0,4.970073650851781,-11.399773155221377,2.4058230106818814,0.0,0.0,0.0
1988,1988,8.552151369249692,7.7296989397596505,-5.249467182699849,0.0,0.0,0.0,-2.5178072465518313,1.3020171465369414,-12.345438123592798,0.0,0.0,0.0
1989,1989,-7.126215499599232,7.802063793682343,6.984933618632772,0.0,0.0,0.0,-8.992680806464142,-6.676990225932506,5.915567418259788,0.0,0.0,0.0
1990,1990,10.901891582895487,-0.28870493608084186,6.442814122632956,0.0,0.0,0.0,8.285658996086875,-7.401919430870552,-6.083082128624368,0.0,0.0,0.0
1991,1991,0.09461908822160715,11.76867504583705,-4.683351293439346,0.0,0.0,0.0,-10.645864997960224,1.9954405035961442,-6.567207936858472,0.0,0.0,0.0
1992,1992,-1.7434638131330096,2.3594248734927867,12.322251930664413,0.0,0.0,0.0,0.09407901717892225,-10.918638932664802,6.420196059369731,0.0,0.0,0.0
1993,1993,11.746963626769501,4.512750433487716,-1.4451205903087547,0.0,0.0,0.0,3.4106895022558144,-0.997856620890621,-12.157957218524432,0.0,0.0,0.0
1994,1994,-6.07374070855945,10.914124748828815,2.1061811926597582,0.0,0.0,0.0,-12.199764235307644,-2.3943640926951213,2.424297349469401,0.0,0.0,0.0
1995,1995,6.847315330820575,-0.3160559902958961,10.651705300815976,0.0,0.0,0.0,7.699393751512893,-10.054353783989333,-0.2715700456000584,0.0,0.0,0.0
1996,1996,5.627634427470946,10.086718986202744,-5.199257186199234,0.0,0.0,0.0,-5.898208058754894,2.9663649984819354,-10.810007624213023,0.0,0.0,0.0
1997,1997,-5.195790243031867,6.196196365579271,9.749633777415472,0.0,0.0,0.0,-5.691223686171781,-8.316895383264223,7.673569481142337,0.0,0.0,0.0
1998,1998,11.977528251939164,1.9104986743984003,3.6514731593214087,0.0,0.0,0.0,7.830423986484984,-4.460427716722403,-8.901319521278786,0.0,0.0,0.0
1999,1999,-2.3671467492047435,12.284525123386365,-1.98280185715624,0.0,0.0,0.0,-12.260882918774268,1.4696732445748906,-2.820506169185538,0.0,0.0,0.0
2000,2000,1.8419496700560998,1.5945937629682472,12.430162371755511,0.0,0.0,0.0,3.984241675699,-10.916841906314994,5.039129439324973,0.0,0.0,0.0
2001,2001,9.929074123294717,7.293117155972766,-2.944210190780972,0.0,0.0,0.0,0.30398935328517435,1.714007491223703,-12.54648210604239,0.0,0.0,0.0
2002,2002,-5.9107949970414815,9.743648040798268,5.528857911370219,0.0,0.0,0.0,-10.474621249561313,-4.2327525584751315,5.728050270474628,0.0,0.0,0.0
2003,2003,9.42637449108258,0.8276497042880757,8.42038623609292,0.0,0.0,0.0,9.305272305898658,-7.8745624495073585,-3.4420368949224986,0.0,0.0,0.0
2004,2004,2.6999017321902836,11.722331302398704,-3.967609345366927,0.0,0.0,0.0,-8.979903534045928,3.769771982978789,-8.099049089843893,0.0,0.0,0.0
2005,2005,-2.4056707259752597,4.827262197313274,11.461009226097826,0.0,0.0,0.0,-1.704014354194671,-9.517670384691106,8.182586997594093,0.0,0.0,0.0
2006,2006,11.783893140634133,4.475942942130526,1.2450870142409032,0.0,0.0,0.0,6.057463224292864,-1.3053947476849872,-11.047512311972298,0.0,0.0,0.0
2007,2007,-3.804222343953025,12.022687930865777,1.1947015187512398,0.0,0.0,0.0,-12.60983425865589,0.18584087343155575,1.1840555658895457,0.0,0.0,0.0
2008,2008,5.171584985772314,1.6173479099391792,11.44916324092173,0.0,0.0,0.0,7.320063263709687,-10.0049721206946,2.600317504370437,0.0,0.0,0.0
2009,2009,7.4714338883964295,9.679987872337366,-3.304535502433964,0.0,0.0,0.0,-3.2523033180455463,3.837441383047624,-11.625016610879618,0.0,0.0,0.0
2010,2010,-4.545699883855692,8.373161810302701,8.346928675179052,0.0,0.0,0.0,-7.525795219560296,-6.112537797311646,8.151302499220813,0.0,0.0,0.0
2011,2011,10.859938006518822,2.659051392401139,5.9527839395749185,0.0,0.0,0.0,9.547914517859269,-5.0423547182684345,-6.6224188706945935,0.0,0.0,0.0
2012,2012,0.27479643275620724,12.537343147510901,-1.784364919580485,0.0,0.0,0.0,-11.268978872225047,3.647271469580273,-4.489094613466601,0.0,0.0,0.0
2013,2013,0.7785303030383391,3.991205890648189,11.996191501882162,0.0,0.0,0.0,2.476890508496641,-10.000694571777023,7.368552499308964,0.0,0.0,0.0
2014,2014,10.505492885451106,7.06733062133255,-0.3631825527678883,0.0,0.0,0.0,3.2014460609458215,1.7151910256369898,-12.134797374021224,0.0,0.0,0.0
2015,2015,-4.023563676091888,11.191973426541567,4.35833805574383,0.0,0.0,0.0,-11.54763812169357,-1.6193043833014005,4.947155907059515,0.0,0.0,0.0
2016,2016,7.773164811782332,2.4589380078368577,9.694120750568759,0.0,0.0,0.0,9.651362490624205,-8.185360745109916,-0.5436138253478572,0.0,0.0,0.0
2017,2017,4.882419952258326,11.417105856299667,-2.501222445117831,0.0,0.0,0.0,-6.736206453808393,5.138708349319926,-9.416031199843351,0.0,0.0,0.0
2018,2018,-2.259878303085042,7.152416967546682,10.206876408662906,0.0,0.0,0.0,-3.676003556253253,-7.684918411750964,9.37408509153123,0.0,0.0,0.0
2019,2019,11.055336610771448,4.915559563170352,3.7498334693136086,0.0,0.0,0.0,8.38272106825751,-1.8405661173914454,-9.315940548512845,0.0,0.0,0.0
2020,2020,-1.2265106800784111,12.57047601303689,0.9608583670038766,0.0,0.0,0.0,-12.37602965549101,2.6686337709536647,-0.3958891348044893,0.0,0.0,0.0
2021,2021,3.8232614365412685,3.8948953478363135,11.430525213715377,0.0,0.0,0.0,6.3190447656875435,-9.586030883830938,5.349965381906679,0.0,0.0,0.0
2022,2022,8.512101081839981,9.33764378116199,-0.8927419743626699,0.0,0.0,0.0,-0.3386353453725239,4.264769652364436,-11.922311452032252,0.0,0.0,0.0
2023,2023,-3.0374859271687122,10.100414525811944,7.014253352506074,0.0,0.0,0.0,-9.132198173320063,-3.627256131426565,7.993147935848659,0.0,0.0,0.0
2024,2024,9.291609106973096,4.01101496867125,7.617230702061829,0.0,0.0,0.0,10.664268497021535,-5.592850710083378,-3.9291020351064287,0.0,0.0,0.0
2025,2025,2.7034477925064695,12.354496324862977,-0.7086854282844506,0.0,0.0,0.0,-9.624631662851796,5.498573342508488,-6.129975611338863,0.0,0.0,0.0
2026,2026,0.4993097180708059,6.414517942340206,10.910962094011657,0.0,0.0,0.0,0.614079548817135,-8.638157401003067,9.243894604945693,0.0,0.0,0.0
2027,2027,10.130674803260485,7.252735143911499,2.28291598771785,0.0,0.0,0.0,5.968307589028659,1.388351146876258,-11.085857209067502,0.0,0.0,0.0
2028,2028,-1.5261990106333474,11.997141763235305,3.766132039228134,0.0,0.0,0.0,-12.07465100387612,1.028992507196901,3.68624768549939,0.0,0.0,0.0
2029,2029,6.1944495261521695,4.6268057622147,10.033240152154915,0.0,0.0,0.0,9.328170398816289,-8.219785864512625,2.4217352861800596,0.0,0.0,0.0
2030,2030,6.317083851230984,10.976523214523597,-0.23416699525095716,0.0,0.0,0.0,-4.0572940723268145,6.068073943698116,-10.351873640486406,0.0,0.0,0.0
2031,2031,-1.066783299332529,9.120415894103676,8.724931618928016,0.0,0.0,0.0,-5.617312578117372,-5.484219884715275,9.940501803226109,0.0,0.0,0.0
2032,2032,9.531695771347826,6.035530179879189,5.758784213213845,0.0,0.0,0.0,10.228517420847739,-2.475850024059277,-7.0492582924662095,0.0,0.0,0.0
2033,2033,1.4513827438616507,12.46570937091886,1.7158153906320788,0.0,0.0,0.0,-11.47047961030229,4.930695224149421,-2.135599812772301,0.0,0.0,0.0
2034,2034,3.162262260725645,6.443106219186973,10.436997848365593,0.0,0.0,0.0,4.812674794144117,-8.743742817200356,7.799331209571152,0.0,0.0,0.0
2035,2035,8.402199708741731,9.275481808974922,1.9526704048351815,0.0,0.0,0.0,2.644597921731926,4.292276596197401,-11.620107912503686,0.0,0.0,0.0
2036,2036,-0.5067857617420451,11.1124063736088,6.058220631802512,0.0,0.0,0.0,-10.335824664428568,-0.9789579263875262,7.256501521303274,0.0,0.0,0.0
2037,2037,7.389634175671781,6.157758743287359,8.241344456660896,0.0,0.0,0.0,11.120956429225838,-5.9828757685819784,-0.9868992254017935,0.0,0.0,0.0
2038,2038,4.544348723458986,11.719987452119549,1.5605233884439242,0.0,0.0,0.0,-7.415944731464023,6.951894912120109,-7.557735462083406,0.0,0.0,0.0
2039,2039,1.4895875042553162,8.67411773836617,9.109624304670929,0.0,0.0,0.0,-1.4167864791822857,-6.852698061323702,10.558299569384276,0.0,0.0,0.0
2040,2040,8.425443638122761,8.186052620742668,4.737603448514066,0.0,0.0,0.0,8.417688928897473,0.8392857277851924,-9.427754611124358,0.0,0.0,0.0
2041,2041,1.6523892324105272,11.812503887734522,4.26366112290765,0.0,0.0,0.0,-11.96846976659186,3.5804621380759523,2.0929564658885593,0.0,0.0,0.0
2042,2042,5.026106905366878,7.521975718136018,8.865809332244808,0.0,0.0,0.0,8.394123438659427,-7.890266534950675,5.265627232164224,0.0,0.0,0.0
2043,2043,6.32431867068002,10.497390613821297,3.2019100700469814,0.0,0.0,0.0,-1.1156972530862022,6.5607400232995055,-10.777585742189922,0.0,0.0,0.0
2044,2044,1.9633040393768302,10.309549755051899,7.0924654064154256,0.0,0.0,0.0,-7.333284047871329,-3.007069164757669,9.88053260486109,0.0,0.0,0.0
2045,2045,6.6692378694337515,8.488858435741772,6.626084299416217,0.0,0.0,0.0,11.48150584772266,-3.0799907754153453,-4.374142743005803,0.0,0.0,0.0
2046,2046,4.134871908908233,11.05050722590805,4.607989669172358,0.0,0.0,0.0,-9.921106834564556,6.870836721969794,-3.8480756699045537,0.0,0.0,0.0
2047,2047,4.303128032453901,9.592665074862499,7.06458139891857,0.0,0.0,0.0,2.954915524141831,-7.460651426370432,9.800591767006013,0.0,0.0,0.0
2048,2048,-5.602456164157164,-2.198443537054026,12.91672678903896,0.0,0.0,0.0,-13.133254422940679,3.7810967975799845,-4.035273877846886,0.0,0.0,0.0
2049,2049,-2.7757366024281236,-3.624731737701882,13.498855734588446,0.0,0.0,0.0,11.4707657964495,6.284257957103234,5.6561589414710465,0.0,0.0,0.0
2050,2050,-6.922233687478345,-4.52410353224626,11.605070788454968,0.0,0.0,0.0,-3.5855655598783045,-12.916114623924845,-4.835307915432403,0.0,0.0,0.0
2051,2051,-4.055806826861346,-0.045533252051417186,13.660558469760176,0.0,0.0,0.0,-5.850665661656772,12.98002408440796,0.5926095538324982,0.0,0.0,0.0
2052,2052,-2.9275053723986675,-6.400523792067723,12.390541048773692,0.0,0.0,0.0,12.671811329382571,-5.921720142853596,2.724138062185441,0.0,0.0,0.0
2053,2053,-8.356480875918216,-1.5468149672549294,11.438491632513577,0.0,0.0,0.0,-12.240874873619436,-3.8502710025027596,-6.196684237176578,0.0,0.0,0.0
2054,2054,-0.7941545058198656,-1.5410924634587568,14.144145525253569,0.0,0.0,0.0,6.107588773911716,12.07324310116214,4.471762559508537,0.0,0.0,0.0
2055,2055,-6.304042968274644,-7.184499540419917,10.569035367877568,0.0,0.0,0.0,4.08517310172171,-13.383443719298548,-2.693936699503467,0.0,0.0,0.0
2056,2056,-6.178903294816076,1.8023171337675954,12.713587496148863,0.0,0.0,0.0,-11.134495059648003,8.318954009048364,-3.143330075191958,0.0,0.0,0.0
2057,2057,-0.007813843558365846,-5.780506734908599,13.024906173601371,0.0,0.0,0.0,13.451381408770807,1.8488264149756435,4.324890644011398,0.0,0.0,0.0
2058,2058,-9.594288142080826,-3.920636725453228,9.779608515341941,0.0,0.0,0.0,-7.4508692654809705,-10.206184449572243,-6.5864137563331635,0.0,0.0,0.0
2059,2059,-1.439713825644107,1.648867263013929,14.080872162220778,0.0,0.0,0.0,-1.0689143090516418,14.109854564356102,1.6828328414366724,0.0,0.0,0.0
2060,2060,-3.386373244855276,-8.858270166264953,10.636071920948192,0.0,0.0,0.0,10.531765798520585,-9.599104115097001,0.04011673259120916,0.0,0.0,0.0
2061,2061,-9.095420134259934,1.3078264820317829,10.891529850015989,0.0,0.0,0.0,-12.803903205011279,1.1458667400889873,-6.148947237556492,0.0,0.0,0.0
2062,2062,1.8601751390698678,-2.83324222383738,13.841061626647189,0.0,0.0,0.0,10.13154707589883,9.070971365420947,4.258137190856236,0.0,0.0,0.0
2063,2063,-8.59314412472718,-7.307943295469217,8.707142978122455,0.0,0.0,0.0,-0.23513899137216546,-13.24541250705102,-5.2503578137482,0.0,0.0,0.0
2064,2064,-4.226168459499659,3.9954299885688473,13.009171355546398,0.0,0.0,0.0,-7.7225856687501775,11.810903141948893,-1.9815997476559193,0.0,0.0,0.0
2065,2065,0.36562151138250915,-8.323916429631716,11.560330279992673,0.0,0.0,0.0,13.786196542437137,-2.7439304066255605,2.33968605083757,0.0,0.0,0.0
2066,2066,-11.067431266826468,-1.5123042711491321,8.848016780337272,0.0,0.0,0.0,-10.296029510295464,-6.218801677677613,-7.640731772312979,0.0,0.0,0.0
2067,2067,1.5252531654485482,1.2451193261543425,14.113319263891116,0.0,0.0,0.0,3.8495823869612926,13.509215459182007,2.396729672488984,0.0,0.0,0.0
2068,2068,-5.356533102103918,-9.980164039806803,8.646755395187608,0.0,0.0,0.0,7.170629459194636,-11.995608076524794,-2.783875003109354,0.0,0.0,0.0
2069,2069,-8.025041833709198,4.153603431863096,11.018565337539473,0.0,0.0,0.0,-11.699296924528396,5.977870808724516,-5.518515385999537,0.0,0.0,0.0
2070,2070,3.317346164068994,-5.327061182814333,12.793753693966574,0.0,0.0,0.0,12.911121023799971,5.031960096135931,3.3233765208414137,0.0,0.0,0.0
2071,2071,-10.836936416225267,-5.698911867205719,7.290110605478247,0.0,0.0,0.0,-4.38229715351217,-11.411753052630113,-7.323241353642551,0.0,0.0,0.0
2072,2072,-1.2178044321625376,4.809182245216459,13.358563489271367,0.0,0.0,0.0,-3.32393196934329,13.832971972024744,-0.8141637943002529,0.0,0.0,0.0
2073,2073,-0.8390488346305581,-10.50071922398597,9.5965302496116,0.0,0.0,0.0,12.490374550746356,-6.858159261695062,-0.1367301096609937,0.0,0.0,0.0
2074,2074,-11.242092463951252,1.6767810303508932,8.594548412093552,0.0,0.0,0.0,-11.717379132396108,-1.4708978876542849,-7.975085308093972,0.0,0.0,0.0
2075,2075,4.102416676656712,-0.656230107583488,13.630922179243184,0.0,0.0,0.0,8.292548748090926,11.307415681287246,2.5374171652900896,0.0,0.0,0.0
2076,2076,-8.011631635732007,-9.653413379859069,6.759280187304703,0.0,0.0,0.0,3.0907647314490916,-12.786004393721186,-5.479759576675497,0.0,0.0,0.0
2077,2077,-5.567350323416364,6.317849043573274,11.495733723367545,0.0,0.0,0.0,-9.058417606332041,10.035464318665978,-4.505222123011208,0.0,0.0,0.0
2078,2078,3.392238441705425,-8.227456935478378,11.129428140253147,0.0,0.0,0.0,14.138722948479172,0.5340034516192907,1.6952444364754704,0.0,0.0,0.0
2079,2079,-12.393080283537289,-2.8199805849920283,6.443738866967004,0.0,0.0,0.0,-7.770088576000593,-8.127448317355453,-8.75401664205723,0.0,0.0,0.0
2080,2080,2.129651179697928,4.139322126733841,13.46822550240145,0.0,0.0,0.0,1.5016277278110548,14.170330464684929,0.09668861507506608,0.0,0.0,0.0
2081,2081,-3.225175421297263,-11.726653444264649,7.4260583420526665,0.0,0.0,0.0,9.806424466155786,-9.93137072885316,-2.8747894940767007,0.0,0.0,0.0
2082,2082,-9.995938953151052,4.9190282181795,8.885204884144496,0.0,0.0,0.0,-11.514415809295942,3.420105793264831,-7.667046689117389,0.0,0.0,0.0
2083,2083,5.736492267685821,-3.5785931971854903,12.543876083230113,0.0,0.0,0.0,11.721185163264243,7.855881916121211,1.9903360741412057,0.0,0.0,0.0
2084,2084,-10.673185089054048,-7.859674294154608,5.231743499464925,0.0,0.0,0.0,-1.1111226849401508,-11.873433066007426,-7.800608540725959,0.0,0.0,0.0
2085,2085,-2.1623774088199443,7.312489182051518,12.038028322935553,0.0,0.0,0.0,-5.225759201356005,12.824392386709176,-3.3598959330242177,0.0,0.0,0.0
2086,2086,2.062185030342249,-10.846013819952294,9.009654661396858,0.0,0.0,0.0,13.727981859568398,-3.788556087549386,-0.5018533993581363,0.0,0.0,0.0
2087,2087,-12.799795651570234,0.8051135668301064,6.211241697289175,0.0,0.0,0.0,-9.926727048072603,-3.8371970710906256,-9.476207508822885,0.0,0.0,0.0
2088,2088,5.166065633899548,2.075707268062537,13.117381796804894,0.0,0.0,0.0,6.142498769695476,12.847295697950122,0.5283957922956384,0.0,0.0,0.0
2089,2089,-6.296183065702028,-11.62001222805217,5.328779843705214,0.0,0.0,0.0,6.167883322928625,-11.555470486447872,-5.6116679473366045,0.0,0.0,0.0
2090,2090,-7.417273261250826,7.568112664582104,9.527341080475676,0.0,0.0,0.0,-9.717720270181394,7.826285324122994,-6.883143960104033,0.0,0.0,0.0
2091,2091,6.068804560131659,-6.950322085207657,10.859333963111814,0.0,0.0,0.0,13.747842939153516,3.675952236291884,0.7393846606884691,0.0,0.0,0.0
2092,2092,-12.728054266991862,-4.801431049469898,4.2432763819118104,0.0,0.0,0.0,-4.831088608570465,-9.402104731051871,-9.556333474825301,0.0,0.0,0.0
2093,2093,1.642674890620619,6.87150532014088,12.37523873865042,0.0,0.0,0.0,-0.707652153254938,14.037460613084656,-2.34764306607383,0.0,0.0,0.0
2094,2094,-0.47314751257581034,-12.591615972251029,6.655061129568234,0.0,0.0,0.0,11.82491381188918,-7.337326682118493,-3.0655424480601283,0.0,0.0,0.0
2095,2095,-11.810332484345954,4.568919295900453,6.534793269595079,0.0,0.0,0.0,-10.562713238928104,0.8805095045536895,-9.524510068457978,0.0,0.0,0.0
2096,2096,7.3302901913625425,-1.0712285614096717,12.172995320759313,0.0,0.0,0.0,10.024657205869271,10.122237085294651,0.3302488357176006,0.0,0.0,0.0
2097,2097,-9.468789637409346,-10.037129313605641,3.5581677790741693,0.0,0.0,0.0,2.1349108908513164,-11.535167042786918,-8.089782245692453,0.0,0.0,0.0
2098,2098,-3.810797740163909,9.104310428129818,10.27870868404209,0.0,0.0,0.0,-6.5829384251776695,11.200815631477514,-5.853985896768313,0.0,0.0,0.0
2099,2099,4.970749449662797,-10.146372330833286,8.683621274121279,0.0,0.0,0.0,14.191548720323917,-0.6183553888149412,-1.1314068814489615,0.0,0.0,0.0
2100,2100,-13.683704377692328,-0.8863425413238114,3.877258232689352,0.0,0.0,0.0,-7.546207426068246,-5.7345641892942805,-10.641053850122645,0.0,0.0,0.0
2101,2101,5.2473949065513725,4.97661872075378,12.27846133693207,0.0,0.0,0.0,3.9028990217649935,13.598133604521111,-1.7089885017440893,0.0,0.0,0.0
2102,2102,-3.8153552148344785,-13.03195018655688,4.321323746183497,0.0,0.0,0.0,8.784905223106641,-9.637190567790766,-5.745650370559656,0.0,0.0,0.0
2103,2103,-9.41692047087639,7.849938219068515,7.263785431962495,0.0,0.0,0.0,-9.611950876913276,5.399100189042409,-9.028987622545632,0.0,0.0,0.0
2104,2104,8.214269073679967,-4.811854976213577,10.603505801038986,0.0,0.0,0.0,12.695579106429598,6.44800180977474,-0.5550169485015131,0.0,0.0,0.0
2105,2105,-12.146544896028658,-7.084031078463586,2.310941532734248,0.0,0.0,0.0,-1.688879487590612,-9.915122931554588,-10.094578907916365,0.0,0.0,0.0
2106,2106,0.34669152991184954,9.196789937503704,10.879400710889913,0.0,0.0,0.0,-2.551579569727241,13.157786399800962,-4.839896564613471,0.0,0.0,0.0
2107,2107,2.554090318995939,-12.570950053608877,6.205669777846395,0.0,0.0,0.0,13.10316612487505,-4.41139366320312,-3.4509626847840877,0.0,0.0,0.0
2108,2108,-13.230239980851044,3.332711001342219,4.1129414571832905,0.0,0.0,0.0,-8.89107026104875,-1.3967009848173229,-11.048103727413984,0.0,0.0,0.0
2109,2109,8.081006668883456,1.852798793839805,11.589951158076587,0.0,0.0,0.0,8.01434314667356,11.670202777518375,-1.6245525718064249,0.0,0.0,0.0
2110,2110,-7.427685617507874,-11.948679968865171,2.262970032656366,0.0,0.0,0.0,5.118735779965846,-10.40565452697753,-8.281509396220196,0.0,0.0,0.0
2111,2111,-5.845428380163149,10.099882393700353,8.178376531158172,0.0,0.0,0.0,-7.239992252366818,9.136969201573024,-8.195169674556372,0.0,0.0,0.0
2112,2112,7.616831433950082,-8.551296229788893,8.480666937026953,0.0,0.0,0.0,13.890473536368292,2.4035029628231745,-2.0833670926522485,0.0,0.0,0.0
2113,2113,-13.805502386223273,-3.095076453560906,1.7003251483731712,0.0,0.0,0.0,-4.74627155588412,-6.97174557223077,-11.48608593009298,0.0,0.0,0.0
2114,2114,4.479222874401411,7.746949942646545,11.089807438687192,0.0,0.0,0.0,1.8157799136052022,13.528511569183326,-4.092043258253111,0.0,0.0,0.0
2115,2115,-0.8506562896484311,-13.743619390797672,3.667670911813886,0.0,0.0,0.0,10.756386347174326,-7.177505492475497,-5.987158562740738,0.0,0.0,0.0
2116,2116,-11.282043450725341,7.241731856995891,4.830664062725767,0.0,0.0,0.0,-8.71129449419858,3.001594627185322,-10.870431358920015,0.0,0.0,0.0
2117,2117,9.686007071623758,-2.0696576668525486,10.245012647629427,0.0,0.0,0.0,11.124854083951236,8.631967099917945,-2.1884390775896843,0.0,0.0,0.0
2118,2118,-10.717142740682041,-9.365971661436895,0.6956481241268133,0.0,0.0,0.0,1.4153954864198754,-9.594022777240923,-10.440971342092581,0.0,0.0,0.0
2119,2119,-1.5178280250959708,10.924147938994604,9.023396804573492,0.0,0.0,0.0,-3.8180743727211985,11.644298471698008,-7.272903215771198,0.0,0.0,0.0
2120,2120,5.570629222112927,-11.680009869289075,5.967240528304963,0.0,0.0,0.0,13.57108050196517,-1.3936582737276328,-4.1165508165022295,0.0,0.0,0.0
2121,2121,-14.07183928808557,1.4203847344544198,1.740214428170916,0.0,0.0,0.0,-6.609892613395897,-3.170679942011186,-12.219599352855075,0.0,0.0,0.0
2122,2122,7.999565612494685,4.900345785585351,10.726418842870267,0.0,0.0,0.0,5.924244543588588,12.386032500849138,-3.814711715878886,0.0,0.0,0.0
2123,2123,-4.746532761524447,-13.370470607749732,1.327946712285376,0.0,0.0,0.0,7.605743981691394,-8.559854408145203,-8.481983906841382,0.0,0.0,0.0
2124,2124,-7.988472500295303,10.259003871077452,5.83092159824135,0.0,0.0,0.0,-7.086171725086348,6.858641884597966,-10.286287074596894,0.0,0.0,0.0
2125,2125,9.786416609078454,-6.222058963638,8.280974109738498,0.0,0.0,0.0,12.897884778399341,5.018587430273034,-3.3942375355054355,0.0,0.0,0.0
2126,2126,-13.12478022962945,-5.5449821288552155,-0.2362564585321181,0.0,0.0,0.0,-1.7471195807869866,-7.394324749858991,-12.055456634389568,0.0,0.0,0.0
2127,2127,3.0130908596738437,10.140668228420717,9.547283977762604,0.0,0.0,0.0,0.1333444232567478,12.671001829915394,-6.5184685234080035,0.0,0.0,0.0
2128,2128,2.3359041680964445,-13.666387280243972,3.291794407834324,0.0,0.0,0.0,11.931343297106768,-4.380847657410337,-6.443114225957951,0.0,0.0,0.0
2129,2129,-12.777954436633435,5.856137458163926,2.3435090112912382,0.0,0.0,0.0,-7.047106709081131,0.9038460857301756,-12.352483526956345,0.0,0.0,0.0
2130,2130,10.398463171690828,1.0237282588370007,9.689501747697967,0.0,0.0,0.0,9.234977089916415,10.034238755378263,-4.1342170659482536,0.0,0.0,0.0
2131,2131,-8.54605622239152,-11.388281592949257,-0.5783298392874358,0.0,0.0,0.0,4.217776993079812,-8.425005120936135,-10.690750485744228,0.0,0.0,0.0
2132,2132,-3.710770864114932,11.923385936299047,6.864804979582141,0.0,0.0,0.0,-4.317198024844881,9.672620230023199,-9.532298731135914,0.0,0.0,0.0
2133,2133,8.329516851766757,-9.983792455117008,5.8314266889738215,0.0,0.0,0.0,13.214043584367742,1.4410664967409776,-5.135647914527857,0.0,0.0,0.0
2134,2134,-14.210529435387887,-0.9441863430308106,-0.4815239508086821,0.0,0.0,0.0,-3.890019761197367,-4.211100810038067,-13.045952484383218,0.0,0.0,0.0
2135,2135,7.147501226675185,7.8076525486301644,9.540245693594033,0.0,0.0,0.0,4.02319754586971,12.205989906817845,-6.155500946402553,0.0,0.0,0.0
2136,2136,-1.6386825836825367,-14.137440811500767,0.7141335245190231,0.0,0.0,0.0,9.369321198660117,-6.136661520586283,-8.810204631998495,0.0,0.0,0.0
2137,2137,-9.988242513421316,9.600754934160172,3.3351186166126183,0.0,0.0,0.0,-6.057036982714061,4.637326058363279,-12.036195828335998,0.0,0.0,0.0
2138,2138,11.321907877779076,-3.349927717833695,7.978401236586655,0.0,0.0,0.0,11.347975074941813,6.963511153498194,-5.0789245035932025,0.0,0.0,0.0
2139,2139,-11.659793590482607,-7.974769703163772,-1.8747697481119685,0.0,0.0,0.0,1.1856769252922257,-6.885546937223176,-12.41957783516493,0.0,0.0,0.0
2140,2140,1.0317704899288358,11.964406953672132,7.671435061488031,0.0,0.0,0.0,-0.8846083226171686,11.119256237905285,-8.868038612396472,0.0,0.0,0.0
2141,2141,5.4946923432822,-12.775792526386384,3.1064419156005005,0.0,0.0,0.0,12.19204562658268,-1.5059003253214474,-7.221411749036111,0.0,0.0,0.0
2142,2142,-13.720074512138062,3.8488847110156508,-0.09023226852607706,0.0,0.0,0.0,-4.707976313862672,-0.6028302703125733,-13.436296167206825,0.0,0.0,0.0
2143,2143,10.328656477471265,4.215968110872353,8.866057086331681,0.0,0.0,0.0,7.278491267865525,10.482551116601739,-6.3405194543531564,0.0,0.0,0.0
2144,2144,-5.7825807653437655,-12.9357333173262,-1.5136258569696548,0.0,0.0,0.0,6.430329445885097,-6.447160874194025,-10.961180587839921,0.0,0.0,0.0
2145,2145,-5.990685260703391,12.129450032063838,4.477793209433817,0.0,0.0,0.0,-3.8749528322682303,7.477235659505747,-11.49513755635425,0.0,0.0,0.0
2146,2146,10.625169338544723,-7.600462365849624,5.692209443805327,0.0,0.0,0.0,12.065010009676485,3.7806328661508433,-6.573039525012779,0.0,0.0,0.0
2147,2147,-13.584714229325453,-3.5233999584269333,-2.4705651256572065,0.0,0.0,0.0,-0.9589841072816477,-4.288468031915705,-13.555511477654106,0.0,0.0,0.0
2148,2148,5.638579633416725,10.343956464316733,8.016949817825484,0.0,0.0,0.0,2.6200814870478064,11.104149723607042,-8.537888024361816,0.0,0.0,0.0
2149,2149,1.6681029223071568,-14.147407612094023,0.3616496888542593,0.0,0.0,0.0,10.176892610555067,-3.3322850070378225,-9.401554840806627,0.0,0.0,0.0
2150,2150,-11.624071131047188,8.204543934727996,0.7930505425679156,0.0,0.0,0.0,-4.11832969142371,2.796099440516306,-13.352291506369841,0.0,0.0,0.0
2151,2151,12.126238608369889,-0.15267188705342513,7.482882366266155,0.0,0.0,0.0,9.428050456039385,7.950953703706365,-7.138396164369663,0.0,0.0,0.0
2152,2152,-9.487517403814758,-10.144326853274952,-3.1846736419656363,0.0,0.0,0.0,3.732672061693532,-5.342338141293469,-12.67237477600499,0.0,0.0,0.0
2153,2153,-1.2555665525348851,13.082778388056266,5.506992126447744,0.0,0.0,0.0,-0.9456477296099821,9.01308890543476,-10.996930424159563,0.0,0.0,0.0
2154,2154,8.39579256398794,-11.1120853774188,3.0157463068093233,0.0,0.0,0.0,11.423101873598682,1.1275669429945991,-8.444159897470323,0.0,0.0,0.0
2155,2155,-13.97948274320676,1.4134777350477352,-2.3745826842842677,0.0,0.0,0.0,-1.8207200108975385,-1.1745230664489474,-14.084316604219408,0.0,0.0,0.0
2156,2156,9.516263118953374,7.263609768194781,7.7293731560733345,0.0,0.0,0.0,5.569895180926203,9.781962836088217,-8.737961475451693,0.0,0.0,0.0
2157,2157,-2.613007810723545,-13.844064977824798,-2.13928844956835,0.0,0.0,0.0,7.701299995743787,-3.7192432995353295,-11.39823265484664,0.0,0.0,0.0
2158,2158,-8.124113537395885,11.543782285399265,1.9499666095594834,0.0,0.0,0.0,-2.277151313929203,5.353069992146366,-13.008525033694117,0.0,0.0,0.0
2159,2159,12.300845369801404,-4.695499288642778,5.4501366605053505,0.0,0.0,0.0,10.161510857026572,5.229114035519354,-8.5124945524599,0.0,0.0,0.0
2160,2160,-12.196987699531112,-6.076252915496229,-4.1683499809881885,0.0,0.0,0.0,1.8982815658064953,-3.0970258324645012,-13.779240112922075,0.0,0.0,0.0
2161,2161,3.632546734083136,12.320800296270708,6.169682672853727,0.0,0.0,0.0,2.1218328860085625,9.021968310964796,-10.82425115189931,0.0,0.0,0.0
2162,2162,4.942350912983671,-13.364072592154711,0.19295389123480808,0.0,0.0,0.0,9.691347221035393,-0.38165318335278703,-10.440049324048243,0.0,0.0,0.0
2163,2163,-12.715790987892753,6.204752928639167,-1.6947568103899149,0.0,0.0,0.0,-1.1735084866550813,1.7714288419162774,-14.090685493948461,0.0,0.0,0.0
2164,2164,12.165833243949722,3.1366681112949553,6.724307744265354,0.0,0.0,0.0,7.350703713196997,7.537828767595966,-9.602645072623922,0.0,0.0,0.0
2165,2165,-6.738130529795143,-11.845964272940272,-4.163319277602813,0.0,0.0,0.0,5.444065532115207,-2.5295237895231657,-12.923860099825648,0.0,0.0,0.0
2166,2166,-3.624722245381968,13.423493864332261,3.1198879976148404,0.0,0.0,0.0,0.4470185728201461,6.463106505791418,-12.692160127021102,0.0,0.0,0.0
2167,2167,10.840303476835567,-8.77617838220334,2.9204474885618814,0.0,0.0,0.0,9.314269367745418,3.070581586181526,-10.338201723088801,0.0,0.0,0.0
2168,2168,-13.488011351967746,-1.230185888137774,-4.429750833783978,0.0,0.0,0.0,1.5601098474677735,-0.18838933258693666,-14.163088177470176,0.0,0.0,0.0
2169,2169,8.059537439371553,9.944910308773034,6.261398822421548,0.0,0.0,0.0,4.567367036810896,7.405314402679968,-11.285520676872107,0.0,0.0,0.0
2170,2170,0.7507311297340037,-14.007390731171089,-2.5083675318311087,0.0,0.0,0.0,7.3064156256551405,-0.08516723031006468,-12.234031929321485,0.0,0.0,0.0
2171,2171,-9.898341782735566,10.232169350160026,-0.6229288413542025,0.0,0.0,0.0,1.1789728649415498,3.6830032157808925,-13.715247365464213,0.0,0.0,0.0
2172,2172,13.255991127016559,-1.4708732734331684,5.017741628815913,0.0,0.0,0.0,7.175458259907503,4.894008715898939,-11.297078270447821,0.0,0.0,0.0
2173,2173,-10.112004205740028,-8.372267218815775,-5.5421126440584665,0.0,0.0,0.0,4.334718761838812,0.5026598233724999,-13.565398864660178,0.0,0.0,0.0
2174,2174,1.3244374176214642,13.601690896416523,4.037619383341865,0.0,0.0,0.0,3.6869852732893666,5.040969069646462,-12.808484314430373,0.0,0.0,0.0
2175,2175,7.962611908238075,-11.81716553888262,0.11794161701498515,0.0,0.0,0.0,5.986787226732993,2.795760181841427,-12.625553600022876,0.0,0.0,0.0
2176,2176,-13.133254422940679,3.7810967975799845,-4.035273877846886,0.0,0.0,0.0,-5.602456164157164,-2.198443537054026,12.91672678903896,0.0,0.0,0.0
2177,2177,11.4707657964495,6.284257957103234,5.6561589414710465,0.0,0.0,0.0,-2.7757366024281236,-3.624731737701882,13.498855734588446,0.0,0.0,0.0
2178,2178,-3.5855655598783045,-12.916114623924845,-4.835307915432403,0.0,0.0,0.0,-6.922233687478345,-4.52410353224626,11.605070788454968,0.0,0.0,0.0
2179,2179,-5.850665661656772,12.98002408440796,0.5926095538324982,0.0,0.0,0.0,-4.055806826861346,-0.045533252051417186,13.660558469760176,0.0,0.0,0.0
2180,2180,12.671811329382571,-5.921720142853596,2.724138062185441,0.0,0.0,0.0,-2.9275053723986675,-6.400523792067723,12.390541048773692,0.0,0.0,0.0
2181,2181,-12.240874873619436,-3.8502710025027596,-6.196684237176578,0.0,0.0,0.0,-8.356480875918216,-1.5468149672549294,11.438491632513577,0.0,0.0,0.0
2182,2182,6.107588773911716,12.07324310116214,4.471762559508537,0.0,0.0,0.0,-0.7941545058198656,-1.5410924634587568,14.144145525253569,0.0,0.0,0.0
2183,2183,4.08517310172171,-13.383443719298548,-2.693936699503467,0.0,0.0,0.0,-6.304042968274644,-7.184499540419917,10.569035367877568,0.0,0.0,0.0
2184,2184,-11.134495059648003,8.318954009048364,-3.143330075191958,0.0,0.0,0.0,-6.178903294816076,1.8023171337675954,12.713587496148863,0.0,0.0,0.0
2185,2185,13.451381408770807,1.8488264149756435,4.324890644011398,0.0,0.0,0.0,-0.007813843558365846,-5.780506734908599,13.024906173601371,0.0,0.0,0.0
2186,2186,-7.4508692654809705,-10.206184449572243,-6.5864137563331635,0.0,0.0,0.0,-9.594288142080826,-3.920636725453228,9.779608515341941,0.0,0.0,0.0
2187,2187,-1.0689143090516418,14.109854564356102,1.6828328414366724,0.0,0.0,0.0,-1.439713825644107,1.648867263013929,14.080872162220778,0.0,0.0,0.0
2188,2188,10.531765798520585,-9.599104115097001,0.04011673259120916,0.0,0.0,0.0,-3.386373244855276,-8.858270166264953,10.636071920948192,0.0,0.0,0.0
2189,2189,-12.803903205011279,1.1458667400889873,-6.148947237556492,0.0,0.0,0.0,-9.095420134259934,1.3078264820317829,10.891529850015989,0.0,0.0,0.0
2190,2190,10.13154707589883,9.070971365420947,4.258137190856236,0.0,0.0,0.0,1.8601751390698678,-2.83324222383738,13.841061626647189,0.0,0.0,0.0
2191,2191,-0.23513899137216546,-13.24541250705102,-5.2503578137482,0.0,0.0,0.0,-8.59314412472718,-7.307943295469217,8.707142978122455,0.0,0.0,0.0
2192,2192,-7.7225856687501775,11.810903141948893,-1.9815997476559193,0.0,0.0,0.0,-4.226168459499659,3.9954299885688473,13.009171355546398,0.0,0.0,0.0
2193,2193,13.786196542437137,-2.7439304066255605,2.33968605083757,0.0,0.0,0.0,0.36562151138250915,-8.323916429631716,11.560330279992673,0.0,0.0,0.0
2194,2194,-10.296029510295464,-6.218801677677613,-7.640731772312979,0.0,0.0,0.0,-11.067431266826468,-1.5123042711491321,8.848016780337272,0.0,0.0,0.0
2195,2195,3.8495823869612926,13.509215459182007,2.396729672488984,0.0,0.0,0.0,1.5252531654485482,1.2451193261543425,14.113319263891116,0.0,0.0,0.0
2196,2196,7.170629459194636,-11.995608076524794,-2.783875003109354,0.0,0.0,0.0,-5.356533102103918,-9.980164039806803,8.646755395187608,0.0,0.0,0.0
2197,2197,-11.699296924528396,5.977870808724516,-5.518515385999537,0.0,0.0,0.0,-8.025041833709198,4.153603431863096,11.018565337539473,0.0,0.0,0.0
2198,2198,12.911121023799971,5.031960096135931,3.3233765208414137,0.0,0.0,0.0,3.317346164068994,-5.327061182814333,12.793753693966574,0.0,0.0,0.0
2199,2199,-4.38229715351217,-11.411753052630113,-7.323241353642551,0.0,0.0,0.0,-10.836936416225267,-5.698911867205719,7.290110605478247,0.0,0.0,0.0
2200,2200,-3.32393196934329,13.832971972024744,-0.8141637943002529,0.0,0.0,0.0,-1.2178044321625376,4.809182245216459,13.358563489271367,0.0,0.0,0.0
2201,2201,12.490374550746356,-6.858159261695062,-0.1367301096609937,0.0,0.0,0.0,-0.8390488346305581,-10.50071922398597,9.5965302496116,0.0,0.0,0.0
2202,2202,-11.717379132396108,-1.4708978876542849,-7.975085308093972,0.0,0.0,0.0,-11.242092463951252,1.6767810303508932,8.594548412093552,0.0,0.0,0.0
2203,2203,8.292548748090926,11.307415681287246,2.5374171652900896,0.0,0.0,0.0,4.102416676656712,-0.656230107583488,13.630922179243184,0.0,0.0,0.0
2204,2204,3.0907647314490916,-12.786004393721186,-5.479759576675497,0.0,0.0,0.0,-8.011631635732007,-9.653413379859069,6.759280187304703,0.0,0.0,0.0
2205,2205,-9.058417606332041,10.035464318665978,-4.505222123011208,0.0,0.0,0.0,-5.567350323416364,6.317849043573274,11.495733723367545,0.0,0.0,0.0
2206,2206,14.138722948479172,0.5340034516192907,1.6952444364754704,0.0,0.0,0.0,3.392238441705425,-8.227456935478378,11.129428140253147,0.0,0.0,0.0
2207,2207,-7.770088576000593,-8.127448317355453,-8.75401664205723,0.0,0.0,0.0,-12.393080283537289,-2.8199805849920283,6.443738866967004,0.0,0.0,0.0
2208,2208,1.5016277278110548,14.170330464684929,0.09668861507506608,0.0,0.0,0.0,2.129651179697928,4.139322126733841,13.46822550240145,0.0,0.0,0.0
2209,2209,9.806424466155786,-9.93137072885316,-2.8747894940767007,0.0,0.0,0.0,-3.225175421297263,-11.726653444264649,7.4260583420526665,0.0,0.0,0.0
2210,2210,-11.514415809295942,3.420105793264831,-7.667046689117389,0.0,0.0,0.0,-9.995938953151052,4.9190282181795,8.885204884144496,0.0,0.0,0.0
2211,2211,11.721185163264243,7.855881916121211,1.9903360741412057,0.0,0.0,0.0,5.736492267685821,-3.5785931971854903,12.543876083230113,0.0,0.0,0.0
2212,2212,-1.1111226849401508,-11.873433066007426,-7.800608540725959,0.0,0.0,0.0,-10.673185089054048,-7.859674294154608,5.231743499464925,0.0,0.0,0.0
2213,2213,-5.225759201356005,12.824392386709176,-3.3598959330242177,0.0,0.0,0.0,-2.1623774088199443,7.312489182051518,12.038028322935553,0.0,0.0,0.0
2214,2214,13.727981859568398,-3.788556087549386,-0.5018533993581363,0.0,0.0,0.0,2.062185030342249,-10.846013819952294,9.009654661396858,0.0,0.0,0.0
2215,2215,-9.926727048072603,-3.8371970710906256,-9.476207508822885,0.0,0.0,0.0,-12.799795651570234,0.8051135668301064,6.211241697289175,0.0,0.0,0.0
2216,2216,6.142498769695476,12.847295697950122,0.5283957922956384,0.0,0.0,0.0,5.166065633899548,2.075707268062537,13.117381796804894,0.0,0.0,0.0
2217,2217,6.167883322928625,-11.555470486447872,-5.6116679473366045,0.0,0.0,0.0,-6.296183065702028,-11.62001222805217,5.328779843705214,0.0,0.0,0.0
2218,2218,-9.717720270181394,7.826285324122994,-6.883143960104033,0.0,0.0,0.0,-7.417273261250826,7.568112664582104,9.527341080475676,0.0,0.0,0.0
2219,2219,13.747842939153516,3.675952236291884,0.7393846606884691,0.0,0.0,0.0,6.068804560131659,-6.950322085207657,10.859333963111814,0.0,0.0,0.0
2220,2220,-4.831088608570465,-9.402104731051871,-9.556333474825301,0.0,0.0,0.0,-12.728054266991862,-4.801431049469898,4.2432763819118104,0.0,0.0,0.0
2221,2221,-0.707652153254938,14.037460613084656,-2.34764306607383,0.0,0.0,0.0,1.642674890620619,6.87150532014088,12.37523873865042,0.0,0.0,0.0
2222,2222,11.82491381188918,-7.337326682118493,-3.0655424480601283,0.0,0.0,0.0,-0.47314751257581034,-12.591615972251029,6.655061129568234,0.0,0.0,0.0
2223,2223,-10.562713238928104,0.8805095045536895,-9.524510068457978,0.0,0.0,0.0,-11.810332484345954,4.568919295900453,6.534793269595079,0.0,0.0,0.0
2224,2224,10.024657205869271,10.122237085294651,0.3302488357176006,0.0,0.0,0.0,7.3302901913625425,-1.0712285614096717,12.172995320759313,0.0,0.0,0.0
2225,2225,2.1349108908513164,-11.535167042786918,-8.089782245692453,0.0,0.0,0.0,-9.468789637409346,-10.037129313605641,3.5581677790741693,0.0,0.0,0.0
2226,2226,-6.5829384251776695,11.200815631477514,-5.853985896768313,0.0,0.0,0.0,-3.810797740163909,9.104310428129818,10.27870868404209,0.0,0.0,0.0
2227,2227,14.191548720323917,-0.6183553888149412,-1.1314068814489615,0.0,0.0,0.0,4.970749449662797,-10.146372330833286,8.683621274121279,0.0,0.0,0.0
2228,2228,-7.546207426068246,-5.7345641892942805,-10.641053850122645,0.0,0.0,0.0,-13.683704377692328,-0.8863425413238114,3.877258232689352,0.0,0.0,0.0
2229,2229,3.9028990217649935,13.598133604521111,-1.7089885017440893,0.0,0.0,0.0,5.2473949065513725,4.97661872075378,12.27846133693207,0.0,0.0,0.0
2230,2230,8.784905223106641,-9.637190567790766,-5.745650370559656,0.0,0.0,0.0,-3.8153552148344785,-13.03195018655688,4.321323746183497,0.0,0.0,0.0
2231,2231,-9.611950876913276,5.399100189042409,-9.028987622545632,0.0,0.0,0.0,-9.41692047087639,7.849938219068515,7.263785431962495,0.0,0.0,0.0
2232,2232,12.695579106429598,6.44800180977474,-0.5550169485015131,0.0,0.0,0.0,8.214269073679967,-4.811854976213577,10.603505801038986,0.0,0.0,0.0
2233,2233,-1.688879487590612,-9.915122931554588,-10.094578907916365,0.0,0.0,0.0,-12.146544896028658,-7.084031078463586,2.310941532734248,0.0,0.0,0.0
2234,2234,-2.551579569727241,13.157786399800962,-4.839896564613471,0.0,0.0,0.0,0.34669152991184954,9.196789937503704,10.879400710889913,0.0,0.0,0.0
2235,2235,13.10316612487505,-4.41139366320312,-3.4509626847840877,0.0,0.0,0.0,2.554090318995939,-12.570950053608877,6.205669777846395,0.0,0.0,0.0
2236,2236,-8.89107026104875,-1.3967009848173229,-11.048103727413984,0.0,0.0,0.0,-13.230239980851044,3.332711001342219,4.1129414571832905,0.0,0.0,0.0
2237,2237,8.01434314667356,11.670202777518375,-1.6245525718064249,0.0,0.0,0.0,8.081006668883456,1.852798793839805,11.589951158076587,0.0,0.0,0.0
2238,2238,5.118735779965846,-10.40565452697753,-8.281509396220196,0.0,0.0,0.0,-7.427685617507874,-11.948679968865171,2.262970032656366,0.0,0.0,0.0
2239,2239,-7.239992252366818,9.136969201573024,-8.195169674556372,0.0,0.0,0.0,-5.845428380163149,10.099882393700353,8.178376531158172,0.0,0.0,0.0
2240,2240,13.890473536368292,2.4035029628231745,-2.0833670926522485,0.0,0.0,0.0,7.616831433950082,-8.551296229788893,8.480666937026953,0.0,0.0,0.0
2241,2241,-4.74627155588412,-6.97174557223077,-11.48608593009298,0.0,0.0,0.0,-13.805502386223273,-3.095076453560906,1.7003251483731712,0.0,0.0,0.0
2242,2242,1.8157799136052022,13.528511569183326,-4.092043258253111,0.0,0.0,0.0,4.479222874401411,7.746949942646545,11.089807438687192,0.0,0.0,0.0
2243,2243,10.756386347174326,-7.177505492475497,-5.987158562740738,0.0,0.0,0.0,-0.8506562896484311,-13.743619390797672,3.667670911813886,0.0,0.0,0.0
2244,2244,-8.71129449419858,3.001594627185322,-10.870431358920015,0.0,0.0,0.0,-11.282043450725341,7.241731856995891,4.830664062725767,0.0,0.0,0.0
2245,2245,11.124854083951236,8.631967099917945,-2.1884390775896843,0.0,0.0,0.0,9.686007071623758,-2.0696576668525486,10.245012647629427,0.0,0.0,0.0
2246,2246,1.4153954864198754,-9.594022777240923,-10.440971342092581,0.0,0.0,0.0,-10.717142740682041,-9.365971661436895,0.6956481241268133,0.0,0.0,0.0
2247,2247,-3.8180743727211985,11.644298471698008,-7.272903215771198,0.0,0.0,0.0,-1.5178280250959708,10.924147938994604,9.023396804573492,0.0,0.0,0.0
2248,2248,13.57108050196517,-1.3936582737276328,-4.1165508165022295,0.0,0.0,0.0,5.570629222112927,-11.680009869289075,5.967240528304963,0.0,0.0,0.0
2249,2249,-6.609892613395897,-3.170679942011186,-12.219599352855075,0.0,0.0,0.0,-14.07183928808557,1.4203847344544198,1.740214428170916,0.0,0.0,0.0
2250,2250,5.924244543588588,12.386032500849138,-3.814711715878886,0.0,0.0,0.0,7.999565612494685,4.900345785585351,10.726418842870267,0.0,0.0,0.0
2251,2251,7.605743981691394,-8.559854408145203,-8.481983906841382,0.0,0.0,0.0,-4.746532761524447,-13.370470607749732,1.327946712285376,0.0,0.0,0.0
2252,2252,-7.086171725086348,6.858641884597966,-10.286287074596894,0.0,0.0,0.0,-7.988472500295303,10.259003871077452,5.83092159824135,0.0,0.0,0.0
2253,2253,12.897884778399341,5.018587430273034,-3.3942375355054355,0.0,0.0,0.0,9.786416609078454,-6.222058963638,8.280974109738498,0.0,0.0,0.0
2254,2254,-1.7471195807869866,-7.394324749858991,-12.055456634389568,0.0,0.0,0.0,-13.12478022962945,-5.5449821288552155,-0.2362564585321181,0.0,0.0,0.0
2255,2255,0.1333444232567478,12.671001829915394,-6.5184685234080035,0.0,0.0,0.0,3.0130908596738437,10.140668228420717,9.547283977762604,0.0,0.0,0.0
2256,2256,11.931343297106768,-4.380847657410337,-6.443114225957951,0.0,0.0,0.0,2.3359041680964445,-13.666387280243972,3.291794407834324,0.0,0.0,0.0
2257,2257,-7.047106709081131,0.9038460857301756,-12.352483526956345,0.0,0.0,0.0,-12.777954436633435,5.856137458163926,2.3435090112912382,0.0,0.0,0.0
2258,2258,9.234977089916415,10.034238755378263,-4.1342170659482536,0.0,0.0,0.0,10.398463171690828,1.0237282588370007,9.689501747697967,0.0,0.0,0.0
2259,2259,4.217776993079812,-8.425005120936135,-10.690750485744228,0.0,0.0,0.0,-8.54605622239152,-11.388281592949257,-0.5783298392874358,0.0,0.0,0.0
2260,2260,-4.317198024844881,9.672620230023199,-9.532298731135914,0.0,0.0,0.0,-3.710770864114932,11.923385936299047,6.864804979582141,0.0,0.0,0.0
2261,2261,13.214043584367742,1.4410664967409776,-5.135647914527857,0.0,0.0,0.0,8.329516851766757,-9.983792455117008,5.8314266889738215,0.0,0.0,0.0
2262,2262,-3.890019761197367,-4.211100810038067,-13.045952484383218,0.0,0.0,0.0,-14.210529435387887,-0.9441863430308106,-0.4815239508086821,0.0,0.0,0.0
2263,2263,4.02319754586971,12.205989906817845,-6.155500946402553,0.0,0.0,0.0,7.147501226675185,7.8076525486301644,9.540245693594033,0.0,0.0,0.0
2264,2264,9.369321198660117,-6.136661520586283,-8.810204631998495,0.0,0.0,0.0,-1.6386825836825367,-14.137440811500767,0.7141335245190231,0.0,0.0,0.0
2265,2265,-6.057036982714061,4.637326058363279,-12.036195828335998,0.0,0.0,0.0,-9.988242513421316,9.600754934160172,3.3351186166126183,0.0,0.0,0.0
2266,2266,11.347975074941813,6.963511153498194,-5.0789245035932025,0.0,0.0,0.0,11.321907877779076,-3.349927717833695,7.978401236586655,0.0,0.0,0.0
2267,2267,1.1856769252922257,-6.885546937223176,-12.41957783516493,0.0,0.0,0.0,-11.659793590482607,-7.974769703163772,-1.8747697481119685,0.0,0.0,0.0
2268,2268,-0.8846083226171686,11.119256237905285,-8.868038612396472,0.0,0.0,0.0,1.0317704899288358,11.964406953672132,7.671435061488031,0.0,0.0,0.0
2269,2269,12.19204562658268,-1.5059003253214474,-7.221411749036111,0.0,0.0,0.0,5.4946923432822,-12.775792526386384,3.1064419156005005,0.0,0.0,0.0
2270,2270,-4.707976313862672,-0.6028302703125733,-13.436296167206825,0.0,0.0,0.0,-13.720074512138062,3.8488847110156508,-0.09023226852607706,0.0,0.0,0.0
2271,2271,7.278491267865525,10.482551116601739,-6.3405194543531564,0.0,0.0,0.0,10.328656477471265,4.215968110872353,8.866057086331681,0.0,0.0,0.0
2272,2272,6.430329445885097,-6.447160874194025,-10.961180587839921,0.0,0.0,0.0,-5.7825807653437655,-12.9357333173262,-1.5136258569696548,0.0,0.0,0.0
2273,2273,-3.8749528322682303,7.477235659505747,-11.49513755635425,0.0,0.0,0.0,-5.990685260703391,12.129450032063838,4.477793209433817,0.0,0.0,0.0
2274,2274,12.065010009676485,3.7806328661508433,-6.573039525012779,0.0,0.0,0.0,10.625169338544723,-7.600462365849624,5.692209443805327,0.0,0.0,0.0
2275,2275,-0.9589841072816477,-4.288468031915705,-13.555511477654106,0.0,0.0,0.0,-13.584714229325453,-3.5233999584269333,-2.4705651256572065,0.0,0.0,0.0
2276,2276,2.6200814870478064,11.104149723607042,-8.537888024361816,0.0,0.0,0.0,5.638579633416725,10.343956464316733,8.016949817825484,0.0,0.0,0.0
2277,2277,10.176892610555067,-3.3322850070378225,-9.401554840806627,0.0,0.0,0.0,1.6681029223071568,-14.147407612094023,0.3616496888542593,0.0,0.0,0.0
2278,2278,-4.11832969142371,2.796099440516306,-13.352291506369841,0.0,0.0,0.0,-11.624071131047188,8.204543934727996,0.7930505425679156,0.0,0.0,0.0
2279,2279,9.428050456039385,7.950953703706365,-7.138396164369663,0.0,0.0,0.0,12.126238608369889,-0.15267188705342513,7.482882366266155,0.0,0.0,0.0
2280,2280,3.732672061693532,-5.342338141293469,-12.67237477600499,0.0,0.0,0.0,-9.487517403814758,-10.144326853274952,-3.1846736419656363,0.0,0.0,0.0
2281,2281,-0.9456477296099821,9.01308890543476,-10.996930424159563,0.0,0.0,0.0,-1.2555665525348851,13.082778388056266,5.506992126447744,0.0,0.0,0.0
2282,2282,11.423101873598682,1.1275669429945991,-8.444159897470323,0.0,0.0,0.0,8.39579256398794,-11.1120853774188,3.0157463068093233,0.0,0.0,0.0
2283,2283,-1.8207200108975385,-1.1745230664489474,-14.084316604219408,0.0,0.0,0.0,-13.97948274320676,1.4134777350477352,-2.3745826842842677,0.0,0.0,0.0
2284,2284,5.569895180926203,9.781962836088217,-8.737961475451693,0.0,0.0,0.0,9.516263118953374,7.263609768194781,7.7293731560733345,0.0,0.0,0.0
2285,2285,7.701299995743787,-3.7192432995353295,-11.39823265484664,0.0,0.0,0.0,-2.613007810723545,-13.844064977824798,-2.13928844956835,0.0,0.0,0.0
2286,2286,-2.277151313929203,5.353069992146366,-13.008525033694117,0.0,0.0,0.0,-8.124113537395885,11.543782285399265,1.9499666095594834,0.0,0.0,0.0
2287,2287,10.161510857026572,5.229114035519354,-8.5124945524599,0.0,0.0,0.0,12.300845369801404,-4.695499288642778,5.4501366605053505,0.0,0.0,0.0
2288,2288,1.8982815658064953,-3.0970258324645012,-13.779240112922075,0.0,0.0,0.0,-12.196987699531112,-6.076252915496229,-4.1683499809881885,0.0,0.0,0.0
2289,2289,2.1218328860085625,9.021968310964796,-10.82425115189931,0.0,0.0,0.0,3.632546734083136,12.320800296270708,6.169682672853727,0.0,0.0,0.0
2290,2290,9.691347221035393,-0.38165318335278703,-10.440049324048243,0.0,0.0,0.0,4.942350912983671,-13.364072592154711,0.19295389123480808,0.0,0.0,0.0
2291,2291,-1.1735084866550813,1.7714288419162774,-14.090685493948461,0.0,0.0,0.0,-12.715790987892753,6.204752928639167,-1.6947568103899149,0.0,0.0,0.0
2292,2292,7.350703713196997,7.537828767595966,-9.602645072623922,0.0,0.0,0.0,12.165833243949722,3.1366681112949553,6.724307744265354,0.0,0.0,0.0
2293,2293,5.444065532115207,-2.5295237895231657,-12.923860099825648,0.0,0.0,0.0,-6.738130529795143,-11.845964272940272,-4.163319277602813,0.0,0.0,0.0
2294,2294,0.4470185728201461,6.463106505791418,-12.692160127021102,0.0,0.0,0.0,-3.624722245381968,13.423493864332261,3.1198879976148404,0.0,0.0,0.0
2295,2295,9.314269367745418,3.070581586181526,-10.338201723088801,0.0,0.0,0.0,10.840303476835567,-8.77617838220334,2.9204474885618814,0.0,0.0,0.0
2296,2296,1.5601098474677735,-0.18838933258693666,-14.163088177470176,0.0,0.0,0.0,-13.488011351967746,-1.230185888137774,-4.429750833783978,0.0,0.0,0.0
2297,2297,4.567367036810896,7.405314402679968,-11.285520676872107,0.0,0.0,0.0,8.059537439371553,9.944910308773034,6.261398822421548,0.0,0.0,0.0
2298,2298,7.3064156256551405,-0.08516723031006468,-12.234031929321485,0.0,0.0,0.0,0.7507311297340037,-14.007390731171089,-2.5083675318311087,0.0,0.0,0.0
2299,2299,1.1789728649415498,3.6830032157808925,-13.715247365464213,0.0,0.0,0.0,-9.898341782735566,10.232169350160026,-0.6229288413542025,0.0,0.0,0.0
2300,2300,7.175458259907503,4.894008715898939,-11.297078270447821,0.0,0.0,0.0,13.255991127016559,-1.4708732734331684,5.017741628815913,0.0,0.0,0.0
2301,2301,4.334718761838812,0.5026598233724999,-13.565398864660178,0.0,0.0,0.0,-10.112004205740028,-8.372267218815775,-5.5421126440584665,0.0,0.0,0.0
2302,2302,3.6869852732893666,5.040969069646462,-12.808484314430373,0.0,0.0,0.0,1.3244374176214642,13.601690896416523,4.037619383341865,0.0,0.0,0.0
2303,2303,5.986787226732993,2.795760181841427,-12.625553600022876,0.0,0.0,0.0,7.962611908238075,-11.81716553888262,0.11794161701498515,0.0,0.0,0.0
2304,2304,14.329143987788974,-3.207478602201181,5.923019334560356,0.0,0.0,0.0,-2.98251287037763,-15.469645208123374,1.5777004014578928,0.0,0.0,0.0
2305,2305,15.075147897298358,0.11875279634426594,4.8394481185238885,0.0,0.0,0.0,-1.1651311195835963,13.07533691305125,8.852823195360921,0.0,0.0,0.0
2306,2306,14.81612235371925,-4.702261533631469,3.0109299747575857,0.0,0.0,0.0,4.0955063194409265,-3.720329518326585,-14.835107707948413,0.0,0.0,0.0
2307,2307,13.377099246069216,-1.5681066671089674,8.32398352264863,0.0,0.0,0.0,-5.881376772047794,-7.430521543827846,12.684289546358915,0.0,0.0,0.0
2308,2308,15.753564576778123,-0.02211753123223942,1.5871856803905389,0.0,0.0,0.0,3.1672545197115918,14.891564873131632,-4.347900514112722,0.0,0.0,0.0
2309,2309,13.21227934779114,-6.569841537139857,5.741715863463344,0.0,0.0,0.0,-0.6045073731692965,-14.248466672096395,-6.878241982795124,0.0,0.0,0.0
2310,2310,13.977102201106987,2.217049215580316,7.100686676614311,0.0,0.0,0.0,-4.489968879259659,6.465128088408865,13.738149173294401,0.0,0.0,0.0
2311,2311,15.31895882564036,-4.001250556640167,-0.11806322571090795,0.0,0.0,0.0,4.603960006101871,5.110581582922572,-14.261134337437893,0.0,0.0,0.0
2312,2312,11.889907218934058,-4.243526155164744,9.55599479591296,0.0,0.0,0.0,-5.321916343605605,-13.526452056186308,6.277479243079967,0.0,0.0,0.0
2313,2313,15.307179668960407,3.2284482835791537,2.4416831707580386,0.0,0.0,0.0,-0.17916978761910657,15.359591191964078,3.8399610736161365,0.0,0.0,0.0
2314,2314,13.393354309455988,-8.043215800411858,2.5727775600165805,0.0,0.0,0.0,1.7530758916669966,-8.536818915972752,-13.219073044578009,0.0,0.0,0.0
2315,2315,12.16378196142704,1.2092484497369254,10.063526768763229,0.0,0.0,0.0,-6.633892555381421,-2.106708853482951,14.221381501607173,0.0,0.0,0.0
2316,2316,15.722920622149164,-0.6604526846836352,-1.7458561810280575,0.0,0.0,0.0,3.393679787119277,12.343362617129088,-9.317659644379663,0.0,0.0,0.0
2317,2317,11.17917960354617,-7.7489804274561855,8.103930538356146,0.0,0.0,0.0,-3.4112914626863287,-15.309055244369745,-2.165724480487237,0.0,0.0,0.0
2318,2318,13.87569585731935,5.159513232188438,5.615953358601388,0.0,0.0,0.0,-3.7982051344990326,11.072666163555134,10.661338857323198,0.0,0.0,0.0
2319,2319,14.210206988649269,-6.866602998044109,-1.2705215664986957,0.0,0.0,0.0,3.1624105336684236,-0.13232082493410607,-15.513738919415102,0.0,0.0,0.0
2320,2320,10.414637164403134,-2.259321019313412,11.710048920028676,0.0,0.0,0.0,-7.109400134144948,-9.894279652778366,10.112077152058273,0.0,0.0,0.0
2321,2321,15.40493749490339,3.563464305056402,-0.8270836527533053,0.0,0.0,0.0,0.674042063056165,15.732323903102815,-1.6535103111362461,0.0,0.0,0.0
2322,2322,11.440508562234127,-10.059916536442586,4.313616529224605,0.0,0.0,0.0,-0.9446133203381492,-12.21608634595592,-10.028428815479131,0.0,0.0,0.0
2323,2323,11.76900593859301,4.477841976602879,9.59863922094579,0.0,0.0,0.0,-6.728839208252539,3.4463048185260683,13.911870846555127,0.0,0.0,0.0
2324,2324,15.021444950133144,-3.113836669095514,-3.918501914285451,0.0,0.0,0.0,3.0033525711599376,8.320505553007077,-13.13177463710174,0.0,0.0,0.0
2325,2325,9.35944122940694,-6.819341040173973,10.797772552476719,0.0,0.0,0.0,-5.963587694390037,-14.419703059413434,2.6836970644254223,0.0,0.0,0.0
2326,2326,14.080893647353932,6.7554183185702446,2.605225878302377,0.0,0.0,0.0,-2.8664796429484767,14.271955228193596,6.22808420502987,0.0,0.0,0.0
2327,2327,12.464280054518538,-9.749087322101566,-0.5398736449512571,0.0,0.0,0.0,1.1121932257472733,-5.241888338758028,-14.898995849269092,0.0,0.0,0.0
2328,2328,9.573426891883274,1.0106995670105146,12.570697211171462,0.0,0.0,0.0,-8.237255671040991,-5.052910416068777,12.542334702160911,0.0,0.0,0.0
2329,2329,15.183521344211428,2.044695958463628,-3.996791522116407,0.0,0.0,0.0,1.1604781507313602,14.185539055618214,-6.936729532506546,0.0,0.0,0.0
2330,2330,9.348907052126847,-10.594994850073416,7.144121044715982,0.0,0.0,0.0,-3.7590044109324725,-14.266867599768391,-5.746374437261484,0.0,0.0,0.0
2331,2331,11.884543258974197,7.354973501792797,7.440190908668938,0.0,0.0,0.0,-6.285256437449501,8.509807420355422,11.780202614043043,0.0,0.0,0.0
2332,2332,13.703257378320867,-6.4238624191470475,-4.652867211441576,0.0,0.0,0.0,1.933999827901099,3.3952751936073473,-15.343604383237215,0.0,0.0,0.0
2333,2333,7.953504665189575,-4.245538333897873,13.015821612182396,0.0,0.0,0.0,-8.050345417209446,-11.708853754443908,6.984921392872136,0.0,0.0,0.0
2334,2334,14.276365994350897,6.756947985781213,-1.1061068468876258,0.0,0.0,0.0,-1.944762856538747,15.681237012076577,1.0055583756550257,0.0,0.0,0.0
2335,2335,10.327290075997505,-11.88150545424966,1.694506497710221,0.0,0.0,0.0,-1.3877840841827294,-9.525111145487315,-12.571426229578947,0.0,0.0,0.0
2336,2336,9.321740049269074,4.735753428313026,11.890006154919243,0.0,0.0,0.0,-8.690820851785407,0.3539405962105144,13.230223105468376,0.0,0.0,0.0
2337,2337,14.472329268337841,-0.8892197183327217,-6.360457395917629,0.0,0.0,0.0,1.0997133388019333,10.97913074263476,-11.355340732560013,0.0,0.0,0.0
2338,2338,7.402558453173495,-9.476525812949307,10.300098606702665,0.0,0.0,0.0,-6.437865817962633,-14.430592774489183,-1.003155187751132,0.0,0.0,0.0
2339,2339,12.269193455104993,9.17432576260678,3.999135307378514,0.0,0.0,0.0,-5.49601849747179,12.441743762455328,8.105013094918165,0.0,0.0,0.0
2340,2340,11.840332272588054,-9.800624741884889,-3.8011486142226363,0.0,0.0,0.0,0.21898561457227753,-1.7408895449855848,-15.735812446032567,0.0,0.0,0.0
2341,2341,7.091266644769006,-0.5206459207282264,14.146989419730216,0.0,0.0,0.0,-9.528283351249932,-7.55799999622393,10.138190019885972,0.0,0.0,0.0
2342,2342,14.20420308414108,5.109900458302891,-4.7774445569421315,0.0,0.0,0.0,-1.2783096726952214,15.174257260693228,-4.3361602150907546,0.0,0.0,0.0
2343,2343,8.047064846097975,-12.704598780499376,4.953015408129787,0.0,0.0,0.0,-4.117840741512218,-12.414260710841099,-8.923226046377636,0.0,0.0,0.0
2344,2344,9.550770770962561,8.154605640639973,9.64259451445061,0.0,0.0,0.0,-8.550123280550313,5.6125929052763395,12.086713250961834,0.0,0.0,0.0
2345,2345,13.187472679660795,-4.675024920703781,-7.411420292895406,0.0,0.0,0.0,0.39075488878173287,6.60183250046559,-14.386019696101929,0.0,0.0,0.0
2346,2346,5.830880078580574,-6.781320756913445,13.065564310239731,0.0,0.0,0.0,-8.751901628036991,-12.717552001057163,3.516039453349963,0.0,0.0,0.0
2347,2347,12.669333608749861,9.494855433558854,-0.1736394251379551,0.0,0.0,0.0,-4.599456453424684,14.769338292008515,3.3772905106318816,0.0,0.0,0.0
2348,2348,9.57894445621223,-12.521451615988191,-1.4668050235838488,0.0,0.0,0.0,-2.0180918543297306,-6.378383904906962,-14.350538961065363,0.0,0.0,0.0
2349,2349,6.807838127930343,3.7284125795406884,13.800243624826475,0.0,0.0,0.0,-10.342276244106102,-2.544775191706848,11.715625709206277,0.0,0.0,0.0
2350,2350,13.66839022723478,2.0230894570304128,-7.731536851676273,0.0,0.0,0.0,-1.072062048363027,12.897016398044274,-9.122066401697582,0.0,0.0,0.0
2351,2351,5.877508595025714,-11.90630678640002,8.6249171513393,0.0,0.0,0.0,-6.829848005164487,-13.548629197157112,-4.525733923711782,0.0,0.0,0.0
2352,2352,10.080250891726452,10.60081196250254,6.05852887584554,0.0,0.0,0.0,-7.977619539298281,10.04370018724332,9.2831092570818,0.0,0.0,0.0
2353,2353,11.343400387094691,-8.638812707946055,-6.884230320016385,0.0,0.0,0.0,-0.9737767034068111,1.6985226548488892,-15.711817977777441,0.0,0.0,0.0
2354,2354,4.791217713357096,-2.8434746475212656,14.820706096406479,0.0,0.0,0.0,-10.528020633962882,-9.403580228039594,7.171325182253118,0.0,0.0,0.0
2355,2355,12.838253162308705,8.141468795015312,-4.426080212129641,0.0,0.0,0.0,-3.8442724621176194,15.256915824061965,-1.7727191594933867,0.0,0.0,0.0
2356,2356,7.1274485253916495,-13.995931029240438,2.001958188019971,0.0,0.0,0.0,-4.582078589810495,-9.893202085826388,-11.481443843425957,0.0,0.0,0.0
2357,2357,7.040285295571997,7.802707728592992,11.842574867952116,0.0,0.0,0.0,-10.532795183038777,2.642874381658096,11.522581528410791,0.0,0.0,0.0
2358,2358,12.554874657339008,-2.056670068393677,-9.425480094521625,0.0,0.0,0.0,-1.460940154034574,9.24447268351577,-12.771054111309812,0.0,0.0,0.0
2359,2359,4.049987296373455,-9.452488024200372,12.03920751110742,0.0,0.0,0.0,-9.28378674791171,-12.825902418878293,-0.04444327456500501,0.0,0.0,0.0
2360,2360,10.681237775336635,11.579096080502598,1.5906407479862175,0.0,0.0,0.0,-7.193775390446571,13.101651577128855,5.224056472442207,0.0,0.0,0.0
2361,2361,9.048681034550233,-12.081252402613368,-4.7811250102107525,0.0,0.0,0.0,-2.907236024860552,-3.0255977982128464,-15.267225717305212,0.0,0.0,0.0
2362,2362,4.350890879773485,1.7947499805264506,15.117640870970819,0.0,0.0,0.0,-11.674381996187531,-4.987596618926912,9.461877689861796,0.0,0.0,0.0
2363,2363,12.56799656157106,5.220356068057061,-8.092452619260799,0.0,0.0,0.0,-3.4528549959769963,13.938897941970698,-6.66928489300201,0.0,0.0,0.0
2364,2364,4.726844306669154,-13.840621080407733,6.065360290454778,0.0,0.0,0.0,-7.235537947938005,-11.838301153935593,-7.628634270734137,0.0,0.0,0.0
2365,2365,7.638914054858414,11.028026296535542,8.409760550060287,0.0,0.0,0.0,-10.2292604060486,7.308995316965755,9.624721473671961,0.0,0.0,0.0
2366,2366,10.845013581514749,-6.512706830433522,-9.521805217579715,0.0,0.0,0.0,-2.4903929716266324,4.800441339134334,-14.881134037443047,0.0,0.0,0.0
2367,2367,2.741591949247173,-5.584218717808112,14.560035004746647,0.0,0.0,0.0,-11.283207904029162,-10.415524185012266,3.86011914192056,0.0,0.0,0.0
2368,2368,11.109782508574604,10.83101908975358,-3.1553450736023287,0.0,0.0,0.0,-6.44400721244479,14.454515210792096,0.4860097847601852,0.0,0.0,0.0
2369,2369,6.488135264724095,-14.378286319087492,-1.3650742679166379,0.0,0.0,0.0,-5.242429136414925,-6.910040652541901,-13.246234158198673,0.0,0.0,0.0
2370,2370,4.479588573254262,6.466146116035258,13.741058367694793,0.0,0.0,0.0,-12.193520398037657,-0.11603890430199587,10.099457397269969,0.0,0.0,0.0
2371,2371,11.718784016902145,1.0972796704689782,-10.590586524547044,0.0,0.0,0.0,-3.5883505786162964,11.113002430059574,-10.69202326776262,0.0,0.0,0.0
2372,2372,2.6147549910657673,-11.930966630690945,10.07519409430801,0.0,0.0,0.0,-9.734385777011148,-12.009159056908011,-3.422904721745915,0.0,0.0,0.0
2373,2373,8.391042653235214,12.85386536208121,3.881107173091123,0.0,0.0,0.0,-9.630218061731608,10.853533385449575,6.336730827356713,0.0,0.0,0.0
2374,2374,8.616619274014125,-10.653019701957536,-7.934827531858266,0.0,0.0,0.0,-4.110092052840998,0.24931421885796465,-15.288539177481663,0.0,0.0,0.0
2375,2375,2.0496555740610094,-0.777299843723436,15.680853338533948,0.0,0.0,0.0,-12.704413288312276,-6.731944861181954,6.631232602593835,0.0,0.0,0.0
2376,2376,11.143645914355611,8.370026708355212,-7.5137376239012355,0.0,0.0,0.0,-5.961775882545036,14.032776939874113,-4.269993457370259,0.0,0.0,0.0
2377,2377,3.8940433868484803,-15.073734270574585,2.8832977101558606,0.0,0.0,0.0,-7.757064833725373,-9.437987507010353,-10.07207930006713,0.0,0.0,0.0
2378,2378,5.055154489181206,10.480531174581333,10.737705706205725,0.0,0.0,0.0,-12.181592474343333,4.514905449628343,9.05090481741363,0.0,0.0,0.0
2379,2379,10.23932824016951,-3.660513034226631,-11.508746498218962,0.0,0.0,0.0,-4.330306570022154,7.294500553917452,-13.369111829978237,0.0,0.0,0.0
2380,2380,0.9895508751173014,-8.417535289598101,13.373867546744595,0.0,0.0,0.0,-11.864713353822346,-10.47388861697203,0.46976453126702367,0.0,0.0,0.0
2381,2381,9.05374593529991,12.935667462887341,-1.1801001112538123,0.0,0.0,0.0,-8.973191722840054,12.862704461853546,2.174191499410919,0.0,0.0,0.0
2382,2382,6.0314313455382464,-13.815719955963736,-4.8417106962712175,0.0,0.0,0.0,-6.181719790677127,-3.727611379438763,-14.092043793480508,0.0,0.0,0.0
2383,2383,1.9775093474544914,4.331444848828498,15.100413462757578,0.0,0.0,0.0,-13.515094845931197,-2.3715664254643958,7.900147368184798,0.0,0.0,0.0
2384,2384,10.615912953198421,4.477923659455806,-10.860250287822238,0.0,0.0,0.0,-5.933199056853885,12.039730747012278,-8.398599700851236,0.0,0.0,0.0
2385,2385,1.5106614703661214,-13.947818817073564,7.3396659741423536,0.0,0.0,0.0,-10.207489328261971,-10.314762574273358,-6.333030798419565,0.0,0.0,0.0
2386,2386,5.882462044089413,13.229658287074109,6.408371583408839,0.0,0.0,0.0,-11.813849149437978,8.265056237776886,6.54341333744492,0.0,0.0,0.0
2387,2387,8.174396043866311,-8.370972820418473,-10.66773208333342,0.0,0.0,0.0,-5.662424429140509,3.138200037980686,-14.449328515534342,0.0,0.0,0.0
2388,2388,-0.019710764024039092,-3.7026750852306147,15.394292875703556,0.0,0.0,0.0,-13.475441547915377,-7.5635711454826975,3.4495378038051197,0.0,0.0,0.0
2389,2389,9.390767591492423,11.186948297184337,-6.1122922281778305,0.0,0.0,0.0,-8.498615374634694,13.172717010061657,-2.2242993797594366,0.0,0.0,0.0
2390,2390,3.310556308993084,-15.46948385859794,-0.6555383417519745,0.0,0.0,0.0,-8.499673905623162,-6.55606669629964,-11.639071157772106,0.0,0.0,0.0
2391,2391,2.4339240698464257,9.040679770096798,12.768577342865095,0.0,0.0,0.0,-13.779767326447796,1.9772814244990697,7.543395458361956,0.0,0.0,0.0
2392,2392,9.440365141852709,-0.33751513436397024,-12.706692487288368,0.0,0.0,0.0,-6.468324052497017,8.922230264463176,-11.368774582325443,0.0,0.0,0.0
2393,2393,-0.44275811085538125,-11.050899819844457,11.330314332399462,0.0,0.0,0.0,-12.365729768516871,-9.51453965859161,-2.693827541073529,0.0,0.0,0.0
2394,2394,6.7227709559714235,14.279484484533732,1.262979799304288,0.0,0.0,0.0,-11.318576291925943,10.648491468110674,3.032145217724466,0.0,0.0,0.0
2395,2395,5.65832575224716,-12.34005240755283,-8.14867478208876,0.0,0.0,0.0,-7.474080206479065,-0.6601009294015415,-13.942626591645643,0.0,0.0,0.0
2396,2396,-0.37302720015766083,1.6193951882002626,15.745883728019827,0.0,0.0,0.0,-14.50208200012806,-3.824741228688654,5.074979471788438,0.0,0.0,0.0
2397,2397,9.208206519357695,7.793373105419904,-10.255082290285108,0.0,0.0,0.0,-8.413230078932015,11.897906544235118,-6.192884945446974,0.0,0.0,0.0
2398,2398,0.7013899966941423,-15.294238439807529,4.035934472063969,0.0,0.0,0.0,-10.821408546424772,-7.857705457149156,-8.476321517261862,0.0,0.0,0.0
2399,2399,3.2463983582937597,12.689880346942449,8.895070484459046,0.0,0.0,0.0,-13.651467169486182,5.637465284294064,5.705337302277871,0.0,0.0,0.0
2400,2400,7.624866518426082,-5.4177751895105555,-12.775115146880356,0.0,0.0,0.0,-7.583168783534914,5.3071025992242085,-12.846192340365777,0.0,0.0,0.0
2401,2401,-1.8050506640306292,-6.697383133912471,14.233105623925177,0.0,0.0,0.0,-14.054215702751076,-7.289178654793631,0.20332231306247872,0.0,0.0,0.0
2402,2402,7.329309622586073,13.436321049627896,-4.05474309316097,0.0,0.0,0.0,-10.943796693434512,11.409720362532234,-0.86373585402728,0.0,0.0,0.0
2403,2403,2.8954272340705183,-14.965681775696925,-4.2824425932776755,0.0,0.0,0.0,-9.574884696460495,-3.4669486105197627,-12.12420285319595,0.0,0.0,0.0
2404,2404,-0.12599686837868906,6.850359841165187,14.274142330790077,0.0,0.0,0.0,-14.9783083435514,0.05711067272631804,5.132393396896065,0.0,0.0,0.0
2405,2405,8.38378810100574,3.1867483720191423,-13.048033427869926,0.0,0.0,0.0,-8.858690761354689,9.420528039701377,-9.136284468635612,0.0,0.0,0.0
2406,2406,-1.5591601893499356,-13.230371242832154,8.55691186846805,0.0,0.0,0.0,-12.9020830720903,-7.510596584283839,-5.274621862557354,0.0,0.0,0.0
2407,2407,4.1863406271969,14.758147390420008,3.9199594640331332,0.0,0.0,0.0,-13.35186934971891,8.041743905722342,2.7843103754354397,0.0,0.0,0.0
2408,2408,5.270842806705314,-10.050675598102279,-11.040678447118067,0.0,0.0,0.0,-9.19482211248046,1.916075826742971,-12.746699344926698,0.0,0.0,0.0
2409,2409,-2.497530370364728,-1.4207875911165895,15.570425463486156,0.0,0.0,0.0,-15.172374467280767,-4.140433828474374,1.8303838888535906,0.0,0.0,0.0
2410,2410,7.483895502366808,10.777329079541122,-8.861993594269531,0.0,0.0,0.0,-10.923264565717908,10.565970110556789,-4.442635624727199,0.0,0.0,0.0
2411,2411,0.13015405734603358,-15.82780305522575,0.3976868243804876,0.0,0.0,0.0,-11.71839680590814,-4.799650686337265,-9.504576478327019,0.0,0.0,0.0
2412,2412,0.5777350881632692,11.290593510184523,11.085267917358932,0.0,0.0,0.0,-15.034268596815423,3.345118401128053,3.67088478233617,0.0,0.0,0.0
2413,2413,6.885489459940978,-2.01714494773237,-14.114375848787029,0.0,0.0,0.0,-9.891379184585949,6.348491450683005,-10.609039474490032,0.0,0.0,0.0
2414,2414,-3.2797928242171053,-9.489431035824914,12.242879648615354,0.0,0.0,0.0,-14.525231168886387,-5.6710766023828185,-2.747907222644276,0.0,0.0,0.0
2415,2415,5.002436373602235,14.94217188727773,-1.5497012818770974,0.0,0.0,0.0,-13.146144801493074,8.803503908434239,-0.6096230280285873,0.0,0.0,0.0
2416,2416,2.558986266559948,-13.57507890315763,-7.7371355490611196,0.0,0.0,0.0,-11.1291601030342,-0.5150107436264286,-11.250377939381604,0.0,0.0,0.0
2417,2417,-2.536177086693748,4.103332315162732,15.080613851571627,0.0,0.0,0.0,-15.708258261130652,-0.7690354742551915,1.8312977051536055,0.0,0.0,0.0
2418,2418,7.029261360093058,6.641074099279867,-12.537147362271845,0.0,0.0,0.0,-11.45343158088014,8.406037018844163,-6.989412786769863,0.0,0.0,0.0
2419,2419,-2.388568188696275,-14.751422559829892,5.233041076967868,0.0,0.0,0.0,-13.624414598463469,-4.367176389621921,-6.782148750583956,0.0,0.0,0.0
2420,2420,1.5269725516642978,14.341936773270676,6.532354006169076,0.0,0.0,0.0,-14.884082314670254,5.30808387737664,0.9913544496281014,0.0,0.0,0.0
2421,2421,4.776852578780036,-7.107671907787521,-13.317549471873336,0.0,0.0,0.0,-11.483377766322144,3.4672682019218186,-10.334627750229961,0.0,0.0,0.0
2422,2422,-4.343163172154069,-4.524924807583819,14.538102819477523,0.0,0.0,0.0,-15.509306352119316,-2.744190446111596,-1.6202714943874044,0.0,0.0,0.0
2423,2423,5.457306435937017,13.202082644378372,-6.827683703806657,0.0,0.0,0.0,-13.332836000405445,7.700514418241804,-3.692154699452033,0.0,0.0,0.0
2424,2424,-0.2766739338495092,-15.477951999845864,-3.3242890771921125,0.0,0.0,0.0,-13.13575039696963,-1.2293096835329294,-8.754159220303652,0.0,0.0,0.0
2425,2425,-2.029893136337379,9.155245386862633,12.757564822697315,0.0,0.0,0.0,-15.713574699990895,1.9432150503222738,-0.04393017129744256,0.0,0.0,0.0
2426,2426,5.892393612177188,1.5796774016399882,-14.61091240374346,0.0,0.0,0.0,-12.729028162192924,5.412061819815497,-7.705574173839218,0.0,0.0,0.0
2427,2427,-4.443634674470463,-11.833596059364853,9.53491267015968,0.0,0.0,0.0,-14.948871337882753,-1.9057773988294666,-4.857334935278958,0.0,0.0,0.0
2428,2428,2.473367307893854,15.595476647171337,1.1653354674592655,0.0,0.0,0.0,-14.81279598329105,5.007768300895847,-2.4895333389778775,0.0,0.0,0.0
2429,2429,2.2082608296870845,-11.382320957246424,-10.782430068321412,0.0,0.0,0.0,-13.625320491401546,1.8493223487294188,-7.8501651448250565,0.0,0.0,0.0
2430,2430,-4.723357354461906,1.0323833039385617,15.077086073235193,0.0,0.0,0.0,-15.494514218065724,0.8859706989791079,-3.135208049022055,0.0,0.0,0.0
2431,2431,5.362097496103063,9.76860422275803,-11.247965434928323,0.0,0.0,0.0,-14.506017226481005,3.6312338963379363,-5.2042337629151385,0.0,0.0,0.0
2432,2432,-2.98251287037763,-15.469645208123374,1.5777004014578928,0.0,0.0,0.0,14.329143987788974,-3.207478602201181,5.923019334560356,0.0,0.0,0.0
2433,2433,-1.1651311195835963,13.07533691305125,8.852823195360921,0.0,0.0,0.0,15.075147897298358,0.11875279634426594,4.8394481185238885,0.0,0.0,0.0
2434,2434,4.0955063194409265,-3.720329518326585,-14.835107707948413,0.0,0.0,0.0,14.81612235371925,-4.702261533631469,3.0109299747575857,0.0,0.0,0.0
2435,2435,-5.881376772047794,-7.430521543827846,12.684289546358915,0.0,0.0,0.0,13.377099246069216,-1.5681066671089674,8.32398352264863,0.0,0.0,0.0
2436,2436,3.1672545197115918,14.891564873131632,-4.347900514112722,0.0,0.0,0.0,15.753564576778123,-0.02211753123223942,1.5871856803905389,0.0,0.0,0.0
2437,2437,-0.6045073731692965,-14.248466672096395,-6.878241982795124,0.0,0.0,0.0,13.21227934779114,-6.569841537139857,5.741715863463344,0.0,0.0,0.0
2438,2438,-4.489968879259659,6.465128088408865,13.738149173294401,0.0,0.0,0.0,13.977102201106987,2.217049215580316,7.100686676614311,0.0,0.0,0.0
2439,2439,4.603960006101871,5.110581582922572,-14.261134337437893,0.0,0.0,0.0,15.31895882564036,-4.001250556640167,-0.11806322571090795,0.0,0.0,0.0
2440,2440,-5.321916343605605,-13.526452056186308,6.277479243079967,0.0,0.0,0.0,11.889907218934058,-4.243526155164744,9.55599479591296,0.0,0.0,0.0
2441,2441,-0.17916978761910657,15.359591191964078,3.8399610736161365,0.0,0.0,0.0,15.307179668960407,3.2284482835791537,2.4416831707580386,0.0,0.0,0.0
2442,2442,1.7530758916669966,-8.536818915972752,-13.219073044578009,0.0,0.0,0.0,13.393354309455988,-8.043215800411858,2.5727775600165805,0.0,0.0,0.0
2443,2443,-6.633892555381421,-2.106708853482951,14.221381501607173,0.0,0.0,0.0,12.16378196142704,1.2092484497369254,10.063526768763229,0.0,0.0,0.0
2444,2444,3.393679787119277,12.343362617129088,-9.317659644379663,0.0,0.0,0.0,15.722920622149164,-0.6604526846836352,-1.7458561810280575,0.0,0.0,0.0
2445,2445,-3.4112914626863287,-15.309055244369745,-2.165724480487237,0.0,0.0,0.0,11.17917960354617,-7.7489804274561855,8.103930538356146,0.0,0.0,0.0
2446,2446,-3.7982051344990326,11.072666163555134,10.661338857323198,0.0,0.0,0.0,13.87569585731935,5.159513232188438,5.615953358601388,0.0,0.0,0.0
2447,2447,3.1624105336684236,-0.13232082493410607,-15.513738919415102,0.0,0.0,0.0,14.210206988649269,-6.866602998044109,-1.2705215664986957,0.0,0.0,0.0
2448,2448,-7.109400134144948,-9.894279652778366,10.112077152058273,0.0,0.0,0.0,10.414637164403134,-2.259321019313412,11.710048920028676,0.0,0.0,0.0
2449,2449,0.674042063056165,15.732323903102815,-1.6535103111362461,0.0,0.0,0.0,15.40493749490339,3.563464305056402,-0.8270836527533053,0.0,0.0,0.0
2450,2450,-0.9446133203381492,-12.21608634595592,-10.028428815479131,0.0,0.0,0.0,11.440508562234127,-10.059916536442586,4.313616529224605,0.0,0.0,0.0
2451,2451,-6.728839208252539,3.4463048185260683,13.911870846555127,0.0,0.0,0.0,11.76900593859301,4.477841976602879,9.59863922094579,0.0,0.0,0.0
2452,2452,3.0033525711599376,8.320505553007077,-13.13177463710174,0.0,0.0,0.0,15.021444950133144,-3.113836669095514,-3.918501914285451,0.0,0.0,0.0
2453,2453,-5.963587694390037,-14.419703059413434,2.6836970644254223,0.0,0.0,0.0,9.35944122940694,-6.819341040173973,10.797772552476719,0.0,0.0,0.0
2454,2454,-2.8664796429484767,14.271955228193596,6.22808420502987,0.0,0.0,0.0,14.080893647353932,6.7554183185702446,2.605225878302377,0.0,0.0,0.0
2455,2455,1.1121932257472733,-5.241888338758028,-14.898995849269092,0.0,0.0,0.0,12.464280054518538,-9.749087322101566,-0.5398736449512571,0.0,0.0,0.0
2456,2456,-8.237255671040991,-5.052910416068777,12.542334702160911,0.0,0.0,0.0,9.573426891883274,1.0106995670105146,12.570697211171462,0.0,0.0,0.0
2457,2457,1.1604781507313602,14.185539055618214,-6.936729532506546,0.0,0.0,0.0,15.183521344211428,2.044695958463628,-3.996791522116407,0.0,0.0,0.0
2458,2458,-3.7590044109324725,-14.266867599768391,-5.746374437261484,0.0,0.0,0.0,9.348907052126847,-10.594994850073416,7.144121044715982,0.0,0.0,0.0
2459,2459,-6.285256437449501,8.509807420355422,11.780202614043043,0.0,0.0,0.0,11.884543258974197,7.354973501792797,7.440190908668938,0.0,0.0,0.0
2460,2460,1.933999827901099,3.3952751936073473,-15.343604383237215,0.0,0.0,0.0,13.703257378320867,-6.4238624191470475,-4.652867211441576,0.0,0.0,0.0
2461,2461,-8.050345417209446,-11.708853754443908,6.984921392872136,0.0,0.0,0.0,7.953504665189575,-4.245538333897873,13.015821612182396,0.0,0.0,0.0
2462,2462,-1.944762856538747,15.681237012076577,1.0055583756550257,0.0,0.0,0.0,14.276365994350897,6.756947985781213,-1.1061068468876258,0.0,0.0,0.0
2463,2463,-1.3877840841827294,-9.525111145487315,-12.571426229578947,0.0,0.0,0.0,10.327290075997505,-11.88150545424966,1.694506497710221,0.0,0.0,0.0
2464,2464,-8.690820851785407,0.3539405962105144,13.230223105468376,0.0,0.0,0.0,9.321740049269074,4.735753428313026,11.890006154919243,0.0,0.0,0.0
2465,2465,1.0997133388019333,10.97913074263476,-11.355340732560013,0.0,0.0,0.0,14.472329268337841,-0.8892197183327217,-6.360457395917629,0.0,0.0,0.0
2466,2466,-6.437865817962633,-14.430592774489183,-1.003155187751132,0.0,0.0,0.0,7.402558453173495,-9.476525812949307,10.300098606702665,0.0,0.0,0.0
2467,2467,-5.49601849747179,12.441743762455328,8.105013094918165,0.0,0.0,0.0,12.269193455104993,9.17432576260678,3.999135307378514,0.0,0.0,0.0
2468,2468,0.21898561457227753,-1.7408895449855848,-15.735812446032567,0.0,0.0,0.0,11.840332272588054,-9.800624741884889,-3.8011486142226363,0.0,0.0,0.0
2469,2469,-9.528283351249932,-7.55799999622393,10.138190019885972,0.0,0.0,0.0,7.091266644769006,-0.5206459207282264,14.146989419730216,0.0,0.0,0.0
2470,2470,-1.2783096726952214,15.174257260693228,-4.3361602150907546,0.0,0.0,0.0,14.20420308414108,5.109900458302891,-4.7774445569421315,0.0,0.0,0.0
2471,2471,-4.117840741512218,-12.414260710841099,-8.923226046377636,0.0,0.0,0.0,8.047064846097975,-12.704598780499376,4.953015408129787,0.0,0.0,0.0
2472,2472,-8.550123280550313,5.6125929052763395,12.086713250961834,0.0,0.0,0.0,9.550770770962561,8.154605640639973,9.64259451445061,0.0,0.0,0.0
2473,2473,0.39075488878173287,6.60183250046559,-14.386019696101929,0.0,0.0,0.0,13.187472679660795,-4.675024920703781,-7.411420292895406,0.0,0.0,0.0
2474,2474,-8.751901628036991,-12.717552001057163,3.516039453349963,0.0,0.0,0.0,5.830880078580574,-6.781320756913445,13.065564310239731,0.0,0.0,0.0
2475,2475,-4.599456453424684,14.769338292008515,3.3772905106318816,0.0,0.0,0.0,12.669333608749861,9.494855433558854,-0.1736394251379551,0.0,0.0,0.0
2476,2476,-2.0180918543297306,-6.378383904906962,-14.350538961065363,0.0,0.0,0.0,9.57894445621223,-12.521451615988191,-1.4668050235838488,0.0,0.0,0.0
2477,2477,-10.342276244106102,-2.544775191706848,11.715625709206277,0.0,0.0,0.0,6.807838127930343,3.7284125795406884,13.800243624826475,0.0,0.0,0.0
2478,2478,-1.072062048363027,12.897016398044274,-9.122066401697582,0.0,0.0,0.0,13.66839022723478,2.0230894570304128,-7.731536851676273,0.0,0.0,0.0
2479,2479,-6.829848005164487,-13.548629197157112,-4.525733923711782,0.0,0.0,0.0,5.877508595025714,-11.90630678640002,8.6249171513393,0.0,0.0,0.0
2480,2480,-7.977619539298281,10.04370018724332,9.2831092570818,0.0,0.0,0.0,10.080250891726452,10.60081196250254,6.05852887584554,0.0,0.0,0.0
2481,2481,-0.9737767034068111,1.6985226548488892,-15.711817977777441,0.0,0.0,0.0,11.343400387094691,-8.638812707946055,-6.884230320016385,0.0,0.0,0.0
2482,2482,-10.528020633962882,-9.403580228039594,7.171325182253118,0.0,0.0,0.0,4.791217713357096,-2.8434746475212656,14.820706096406479,0.0,0.0,0.0
2483,2483,-3.8442724621176194,15.256915824061965,-1.7727191594933867,0.0,0.0,0.0,12.838253162308705,8.141468795015312,-4.426080212129641,0.0,0.0,0.0
2484,2484,-4.582078589810495,-9.893202085826388,-11.481443843425957,0.0,0.0,0.0,7.1274485253916495,-13.995931029240438,2.001958188019971,0.0,0.0,0.0
2485,2485,-10.532795183038777,2.642874381658096,11.522581528410791,0.0,0.0,0.0,7.040285295571997,7.802707728592992,11.842574867952116,0.0,0.0,0.0
2486,2486,-1.460940154034574,9.24447268351577,-12.771054111309812,0.0,0.0,0.0,12.554874657339008,-2.056670068393677,-9.425480094521625,0.0,0.0,0.0
2487,2487,-9.28378674791171,-12.825902418878293,-0.04444327456500501,0.0,0.0,0.0,4.049987296373455,-9.452488024200372,12.03920751110742,0.0,0.0,0.0
2488,2488,-7.193775390446571,13.101651577128855,5.224056472442207,0.0,0.0,0.0,10.681237775336635,11.579096080502598,1.5906407479862175,0.0,0.0,0.0
2489,2489,-2.907236024860552,-3.0255977982128464,-15.267225717305212,0.0,0.0,0.0,9.048681034550233,-12.081252402613368,-4.7811250102107525,0.0,0.0,0.0
2490,2490,-11.674381996187531,-4.987596618926912,9.461877689861796,0.0,0.0,0.0,4.350890879773485,1.7947499805264506,15.117640870970819,0.0,0.0,0.0
2491,2491,-3.4528549959769963,13.938897941970698,-6.66928489300201,0.0,0.0,0.0,12.56799656157106,5.220356068057061,-8.092452619260799,0.0,0.0,0.0
2492,2492,-7.235537947938005,-11.838301153935593,-7.628634270734137,0.0,0.0,0.0,4.726844306669154,-13.840621080407733,6.065360290454778,0.0,0.0,0.0
2493,2493,-10.2292604060486,7.308995316965755,9.624721473671961,0.0,0.0,0.0,7.638914054858414,11.028026296535542,8.409760550060287,0.0,0.0,0.0
2494,2494,-2.4903929716266324,4.800441339134334,-14.881134037443047,0.0,0.0,0.0,10.845013581514749,-6.512706830433522,-9.521805217579715,0.0,0.0,0.0
2495,2495,-11.283207904029162,-10.415524185012266,3.86011914192056,0.0,0.0,0.0,2.741591949247173,-5.584218717808112,14.560035004746647,0.0,0.0,0.0
2496,2496,-6.44400721244479,14.454515210792096,0.4860097847601852,0.0,0.0,0.0,11.109782508574604,10.83101908975358,-3.1553450736023287,0.0,0.0,0.0
2497,2497,-5.242429136414925,-6.910040652541901,-13.246234158198673,0.0,0.0,0.0,6.488135264724095,-14.378286319087492,-1.3650742679166379,0.0,0.0,0.0
2498,2498,-12.193520398037657,-0.11603890430199587,10.099457397269969,0.0,0.0,0.0,4.479588573254262,6.466146116035258,13.741058367694793,0.0,0.0,0.0
2499,2499,-3.5883505786162964,11.113002430059574,-10.69202326776262,0.0,0.0,0.0,11.718784016902145,1.0972796704689782,-10.590586524547044,0.0,0.0,0.0
2500,2500,-9.734385777011148,-12.009159056908011,-3.422904721745915,0.0,0.0,0.0,2.6147549910657673,-11.930966630690945,10.07519409430801,0.0,0.0,0.0
2501,2501,-9.630218061731608,10.853533385449575,6.336730827356713,0.0,0.0,0.0,8.391042653235214,12.85386536208121,3.881107173091123,0.0,0.0,0.0
2502,2502,-4.110092052840998,0.24931421885796465,-15.288539177481663,0.0,0.0,0.0,8.616619274014125,-10.653019701957536,-7.934827531858266,0.0,0.0,0.0
2503,2503,-12.704413288312276,-6.731944861181954,6.631232602593835,0.0,0.0,0.0,2.0496555740610094,-0.777299843723436,15.680853338533948,0.0,0.0,0.0
2504,2504,-5.961775882545036,14.032776939874113,-4.269993457370259,0.0,0.0,0.0,11.143645914355611,8.370026708355212,-7.5137376239012355,0.0,0.0,0.0
2505,2505,-7.757064833725373,-9.437987507010353,-10.07207930006713,0.0,0.0,0.0,3.8940433868484803,-15.073734270574585,2.8832977101558606,0.0,0.0,0.0
2506,2506,-12.181592474343333,4.514905449628343,9.05090481741363,0.0,0.0,0.0,5.055154489181206,10.480531174581333,10.737705706205725,0.0,0.0,0.0
2507,2507,-4.330306570022154,7.294500553917452,-13.369111829978237,0.0,0.0,0.0,10.23932824016951,-3.660513034226631,-11.508746498218962,0.0,0.0,0.0
2508,2508,-11.864713353822346,-10.47388861697203,0.46976453126702367,0.0,0.0,0.0,0.9895508751173014,-8.417535289598101,13.373867546744595,0.0,0.0,0.0
2509,2509,-8.973191722840054,12.862704461853546,2.174191499410919,0.0,0.0,0.0,9.05374593529991,12.935667462887341,-1.1801001112538123,0.0,0.0,0.0
2510,2510,-6.181719790677127,-3.727611379438763,-14.092043793480508,0.0,0.0,0.0,6.0314313455382464,-13.815719955963736,-4.8417106962712175,0.0,0.0,0.0
2511,2511,-13.515094845931197,-2.3715664254643958,7.900147368184798,0.0,0.0,0.0,1.9775093474544914,4.331444848828498,15.100413462757578,0.0,0.0,0.0
2512,2512,-5.933199056853885,12.039730747012278,-8.398599700851236,0.0,0.0,0.0,10.615912953198421,4.477923659455806,-10.860250287822238,0.0,0.0,0.0
2513,2513,-10.207489328261971,-10.314762574273358,-6.333030798419565,0.0,0.0,0.0,1.5106614703661214,-13.947818817073564,7.3396659741423536,0.0,0.0,0.0
2514,2514,-11.813849149437978,8.265056237776886,6.54341333744492,0.0,0.0,0.0,5.882462044089413,13.229658287074109,6.408371583408839,0.0,0.0,0.0
2515,2515,-5.662424429140509,3.138200037980686,-14.449328515534342,0.0,0.0,0.0,8.174396043866311,-8.370972820418473,-10.66773208333342,0.0,0.0,0.0
2516,2516,-13.475441547915377,-7.5635711454826975,3.4495378038051197,0.0,0.0,0.0,-0.019710764024039092,-3.7026750852306147,15.394292875703556,0.0,0.0,0.0
2517,2517,-8.498615374634694,13.172717010061657,-2.2242993797594366,0.0,0.0,0.0,9.390767591492423,11.186948297184337,-6.1122922281778305,0.0,0.0,0.0
2518,2518,-8.499673905623162,-6.55606669629964,-11.639071157772106,0.0,0.0,0.0,3.310556308993084,-15.46948385859794,-0.6555383417519745,0.0,0.0,0.0
2519,2519,-13.779767326447796,1.9772814244990697,7.543395458361956,0.0,0.0,0.0,2.4339240698464257,9.040679770096798,12.768577342865095,0.0,0.0,0.0
2520,2520,-6.468324052497017,8.922230264463176,-11.368774582325443,0.0,0.0,0.0,9.440365141852709,-0.33751513436397024,-12.706692487288368,0.0,0.0,0.0
2521,2521,-12.365729768516871,-9.51453965859161,-2.693827541073529,0.0,0.0,0.0,-0.44275811085538125,-11.050899819844457,11.330314332399462,0.0,0.0,0.0
2522,2522,-11.318576291925943,10.648491468110674,3.032145217724466,0.0,0.0,0.0,6.7227709559714235,14.279484484533732,1.262979799304288,0.0,0.0,0.0
2523,2523,-7.474080206479065,-0.6601009294015415,-13.942626591645643,0.0,0.0,0.0,5.65832575224716,-12.34005240755283,-8.14867478208876,0.0,0.0,0.0
2524,2524,-14.50208200012806,-3.824741228688654,5.074979471788438,0.0,0.0,0.0,-0.37302720015766083,1.6193951882002626,15.745883728019827,0.0,0.0,0.0
2525,2525,-8.413230078932015,11.897906544235118,-6.192884945446974,0.0,0.0,0.0,9.208206519357695,7.793373105419904,-10.255082290285108,0.0,0.0,0.0
2526,2526,-10.821408546424772,-7.857705457149156,-8.476321517261862,0.0,0.0,0.0,0.7013899966941423,-15.294238439807529,4.035934472063969,0.0,0.0,0.0
2527,2527,-13.651467169486182,5.637465284294064,5.705337302277871,0.0,0.0,0.0,3.2463983582937597,12.689880346942449,8.895070484459046,0.0,0.0,0.0
2528,2528,-7.583168783534914,5.3071025992242085,-12.846192340365777,0.0,0.0,0.0,7.624866518426082,-5.4177751895105555,-12.775115146880356,0.0,0.0,0.0
2529,2529,-14.054215702751076,-7.289178654793631,0.20332231306247872,0.0,0.0,0.0,-1.8050506640306292,-6.697383133912471,14.233105623925177,0.0,0.0,0.0
2530,2530,-10.943796693434512,11.409720362532234,-0.86373585402728,0.0,0.0,0.0,7.329309622586073,13.436321049627896,-4.05474309316097,0.0,0.0,0.0
2531,2531,-9.574884696460495,-3.4669486105197627,-12.12420285319595,0.0,0.0,0.0,2.8954272340705183,-14.965681775696925,-4.2824425932776755,0.0,0.0,0.0
2532,2532,-14.9783083435514,0.05711067272631804,5.132393396896065,0.0,0.0,0.0,-0.12599686837868906,6.850359841165187,14.274142330790077,0.0,0.0,0.0
2533,2533,-8.858690761354689,9.420528039701377,-9.136284468635612,0.0,0.0,0.0,8.38378810100574,3.1867483720191423,-13.048033427869926,0.0,0.0,0.0
2534,2534,-12.9020830720903,-7.510596584283839,-5.274621862557354,0.0,0.0,0.0,-1.5591601893499356,-13.230371242832154,8.55691186846805,0.0,0.0,0.0
2535,2535,-13.35186934971891,8.041743905722342,2.7843103754354397,0.0,0.0,0.0,4.1863406271969,14.758147390420008,3.9199594640331332,0.0,0.0,0.0
2536,2536,-9.19482211248046,1.916075826742971,-12.746699344926698,0.0,0.0,0.0,5.270842806705314,-10.050675598102279,-11.040678447118067,0.0,0.0,0.0
2537,2537,-15.172374467280767,-4.140433828474374,1.8303838888535906,0.0,0.0,0.0,-2.497530370364728,-1.4207875911165895,15.570425463486156,0.0,0.0,0.0
2538,2538,-10.923264565717908,10.565970110556789,-4.442635624727199,0.0,0.0,0.0,7.483895502366808,10.777329079541122,-8.861993594269531,0.0,0.0,0.0
2539,2539,-11.71839680590814,-4.799650686337265,-9.504576478327019,0.0,0.0,0.0,0.13015405734603358,-15.82780305522575,0.3976868243804876,0.0,0.0,0.0
2540,2540,-15.034268596815423,3.345118401128053,3.67088478233617,0.0,0.0,0.0,0.5777350881632692,11.290593510184523,11.085267917358932,0.0,0.0,0.0
2541,2541,-9.891379184585949,6.348491450683005,-10.609039474490032,0.0,0.0,0.0,6.885489459940978,-2.01714494773237,-14.114375848787029,0.0,0.0,0.0
2542,2542,-14.525231168886387,-5.6710766023828185,-2.747907222644276,0.0,0.0,0.0,-3.2797928242171053,-9.489431035824914,12.242879648615354,0.0,0.0,0.0
2543,2543,-13.146144801493074,8.803503908434239,-0.6096230280285873,0.0,0.0,0.0,5.002436373602235,14.94217188727773,-1.5497012818770974,0.0,0.0,0.0
2544,2544,-11.1291601030342,-0.5150107436264286,-11.250377939381604,0.0,0.0,0.0,2.558986266559948,-13.57507890315763,-7.7371355490611196,0.0,0.0,0.0
2545,2545,-15.708258261130652,-0.7690354742551915,1.8312977051536055,0.0,0.0,0.0,-2.536177086693748,4.103332315162732,15.080613851571627,0.0,0.0,0.0
2546,2546,-11.45343158088014,8.406037018844163,-6.989412786769863,0.0,0.0,0.0,7.029261360093058,6.641074099279867,-12.537147362271845,0.0,0.0,0.0
2547,2547,-13.624414598463469,-4.367176389621921,-6.782148750583956,0.0,0.0,0.0,-2.388568188696275,-14.751422559829892,5.233041076967868,0.0,0.0,0.0
2548,2548,-14.884082314670254,5.30808387737664,0.9913544496281014,0.0,0.0,0.0,1.5269725516642978,14.341936773270676,6.532354006169076,0.0,0.0,0.0
2549,2549,-11.483377766322144,3.4672682019218186,-10.334627750229961,0.0,0.0,0.0,4.776852578780036,-7.107671907787521,-13.317549471873336,0.0,0.0,0.0
2550,2550,-15.509306352119316,-2.744190446111596,-1.6202714943874044,0.0,0.0,0.0,-4.343163172154069,-4.524924807583819,14.538102819477523,0.0,0.0,0.0
2551,2551,-13.332836000405445,7.700514418241804,-3.692154699452033,0.0,0.0,0.0,5.457306435937017,13.202082644378372,-6.827683703806657,0.0,0.0,0.0
2552,2552,-13.13575039696963,-1.2293096835329294,-8.754159220303652,0.0,0.0,0.0,-0.2766739338495092,-15.477951999845864,-3.3242890771921125,0.0,0.0,0.0
2553,2553,-15.713574699990895,1.9432150503222738,-0.04393017129744256,0.0,0.0,0.0,-2.029893136337379,9.155245386862633,12.757564822697315,0.0,0.0,0.0
2554,2554,-12.729028162192924,5.412061819815497,-7.705574173839218,0.0,0.0,0.0,5.892393612177188,1.5796774016399882,-14.61091240374346,0.0,0.0,0.0
2555,2555,-14.948871337882753,-1.9057773988294666,-4.857334935278958,0.0,0.0,0.0,-4.443634674470463,-11.833596059364853,9.53491267015968,0.0,0.0,0.0
2556,2556,-14.81279598329105,5.007768300895847,-2.4895333389778775,0.0,0.0,0.0,2.473367307893854,15.595476647171337,1.1653354674592655,0.0,0.0,0.0
2557,2557,-13.625320491401546,1.8493223487294188,-7.8501651448250565,0.0,0.0,0.0,2.2082608296870845,-11.382320957246424,-10.782430068321412,0.0,0.0,0.0
2558,2558,-15.494514218065724,0.8859706989791079,-3.135208049022055,0.0,0.0,0.0,-4.723357354461906,1.0323833039385617,15.077086073235193,0.0,0.0,0.0
2559,2559,-14.506017226481005,3.6312338963379363,-5.2042337629151385,0.0,0.0,0.0,5.362097496103063,9.76860422275803,-11.247965434928323,0.0,0.0,0.0
2560,2560,14.566040243228404,-8.379067099999666,-4.578425924215106,0.0,0.0,0.0,-8.58367129496481,-13.131503855368805,-7.564685807989816,0.0,0.0,0.0
2561,2561,16.300830088942725,-4.999473016613895,-3.5536580793233505,0.0,0.0,0.0,6.5508450535682075,3.700077259180282,15.707836742766622,0.0,0.0,0.0
2562,2562,13.619463117011858,-7.390647276740642,-7.9516561175852445,0.0,0.0,0.0,-1.6953256740562637,7.958255046920863,-15.399101442753578,0.0,0.0,0.0
2563,2563,14.964105209831052,-8.821124846084828,-1.2663291420729337,0.0,0.0,0.0,-5.078789778055852,-14.957943791456827,7.335263437607719,0.0,0.0,0.0
2564,2564,15.978768245490977,-2.7015988650671257,-6.381269991649654,0.0,0.0,0.0,7.741235782587888,14.764031120526756,5.043503881992119,0.0,0.0,0.0
2565,2565,12.087602093305339,-10.790717169037842,-6.386750064698275,0.0,0.0,0.0,-8.189945087950784,-5.961458503573644,-14.167783515557094,0.0,0.0,0.0
2566,2566,16.69564668650965,-4.959331587886878,0.02626209812308076,0.0,0.0,0.0,2.0727509815389986,-4.920508377033874,16.578075233791157,0.0,0.0,0.0
2567,2567,13.491565446520278,-4.5054506113101755,-10.050813617238953,0.0,0.0,0.0,2.4515508685157195,14.44526763562024,-9.416178580058544,0.0,0.0,0.0
2568,2568,12.797795573343171,-11.730319508425694,-1.3986816901413412,0.0,0.0,0.0,-8.772464881542081,-14.951409205468098,-1.6850817339006952,0.0,0.0,0.0
2569,2569,17.065594804198103,-0.743426870679097,-3.398980471266387,0.0,0.0,0.0,6.981437045345314,9.222080359713688,13.021253718365,0.0,0.0,0.0
2570,2570,10.774009634303676,-9.561426578957727,-9.789796522517895,0.0,0.0,0.0,-5.438203307881973,3.1471399375784213,-16.243821372220626,0.0,0.0,0.0
2571,2571,15.36287310916456,-7.83748084336432,2.4282301453480004,0.0,0.0,0.0,-3.280321389643459,-11.853426269988509,12.331912058548141,0.0,0.0,0.0
2572,2572,14.738364737413246,-0.6685078484486734,-9.256023979047777,0.0,0.0,0.0,5.530802630340308,16.509770074640116,-0.4218911280289621,0.0,0.0,0.0
2573,2573,10.29788058618918,-13.326852384327383,-4.437221961555072,0.0,0.0,0.0,-10.019733165796392,-10.118391602975047,-10.028129258852571,0.0,0.0,0.0
2574,2574,17.328367188969647,-1.498206174255874,0.9073844834649136,0.0,0.0,0.0,3.685799387271715,0.9910939048729263,16.993319085031104,0.0,0.0,0.0
2575,2575,10.937701546123005,-5.787152763073489,-12.256256588451484,0.0,0.0,0.0,-1.3962756110614913,11.394087914329836,-13.098299614669406,0.0,0.0,0.0
2576,2576,12.744923419264634,-11.663372011897728,2.207477774821703,0.0,0.0,0.0,-8.000290627496392,-14.8320022303761,4.398560843148919,0.0,0.0,0.0
2577,2577,16.35389193337606,1.9971138557896206,-5.648188440167494,0.0,0.0,0.0,6.389540418908232,13.612992707323606,8.786380401659345,0.0,0.0,0.0
2578,2578,8.554588136523988,-12.293823587807369,-8.88938699705921,0.0,0.0,0.0,-8.630238925499707,-1.9301173880452829,-15.00446269395629,0.0,0.0,0.0
2579,2579,16.12822062062254,-4.866787438536127,4.419859434168013,0.0,0.0,0.0,-1.2743343462292622,-7.2256717561281105,15.795759476007605,0.0,0.0,0.0
2580,2580,12.454979406442218,-0.8875487710597995,-12.14191183221413,0.0,0.0,0.0,2.4634956792153067,16.27062418531325,-5.704231362414935,0.0,0.0,0.0
2581,2581,9.645017301387416,-14.470471879835008,-0.9588339835513018,0.0,0.0,0.0,-10.790723945338373,-12.864003257729888,-4.627955779584231,0.0,0.0,0.0
2582,2582,17.29375453970337,2.0314121822370454,-0.37375960659109114,0.0,0.0,0.0,4.590263532491268,6.79983207473115,15.363334346257956,0.0,0.0,0.0
2583,2583,8.290506405689943,-8.454351702689156,-12.772302791651242,0.0,0.0,0.0,-5.254557618179809,7.085497160630074,-15.017510845712842,0.0,0.0,0.0
2584,2584,13.451939381707323,-9.657491467827656,5.396152629131134,0.0,0.0,0.0,-6.5051242353694825,-12.752198843773089,9.919932515317427,0.0,0.0,0.0
2585,2585,14.62538220328086,3.228902018634208,-8.888906847255548,0.0,0.0,0.0,4.739980152251592,16.363186776818754,3.622013865293173,0.0,0.0,0.0
2586,2586,7.095718338332926,-14.672094767038251,-6.141717527472726,0.0,0.0,0.0,-10.981595352909896,-6.540709850170036,-11.830636328533117,0.0,0.0,0.0
2587,2587,16.75530533896183,-0.9653541539243704,4.654901946639611,0.0,0.0,0.0,0.5455779507146808,-1.6494507540490044,17.329799037693203,0.0,0.0,0.0
2588,2588,9.639625923238144,-2.818509884244309,-14.229332094993898,0.0,0.0,0.0,-1.1680679689380942,14.164608596393222,-10.066765036897161,0.0,0.0,0.0
2589,2589,9.911282610192398,-13.993255874567332,3.048859594496905,0.0,0.0,0.0,-10.542511735111445,-13.798595654157422,1.3395827952300783,0.0,0.0,0.0
2590,2590,16.41966374070848,4.836019639457643,-3.2168050090135036,0.0,0.0,0.0,4.552364946161494,11.796567667444155,11.977363751741963,0.0,0.0,0.0
2591,2591,5.985880322792472,-11.636066280138225,-11.493975642161736,0.0,0.0,0.0,-8.737937660485425,2.16913474142592,-14.909177632994407,0.0,0.0,0.0
2592,2592,14.476192719090783,-6.1758133884998925,7.459185687951434,0.0,0.0,0.0,-4.62343757561989,-8.964516631411762,14.19864586242854,0.0,0.0,0.0
2593,2593,12.088087065654898,2.7766752394156518,-12.227366989059169,0.0,0.0,0.0,2.1455093864192203,17.19723492068364,-1.7297914130834489,0.0,0.0,0.0
2594,2594,6.525370318900105,-16.006141406189087,-2.136178190944716,0.0,0.0,0.0,-12.322957161669377,-10.025001660481724,-7.1403323645451735,0.0,0.0,0.0
2595,2595,16.86191178206361,3.0510022988403325,3.11570117366004,0.0,0.0,0.0,1.8163505792822936,4.174641240973811,16.811112957192115,0.0,0.0,0.0
2596,2596,6.717096471996597,-5.9569679786536405,-14.924323276596404,0.0,0.0,0.0,-4.995971321725936,10.569172519679999,-12.910195218466075,0.0,0.0,0.0
2597,2597,10.854649811536742,-11.83200552468899,6.746888209375165,0.0,0.0,0.0,-9.456691848889312,-12.780757657265985,7.1108009927545055,0.0,0.0,0.0
2598,2598,14.643467797512688,6.333937329247337,-6.98501013238686,0.0,0.0,0.0,3.473272154897915,15.395174908752857,7.36649494970901,0.0,0.0,0.0
2599,2599,4.350633243903725,-14.54941833675858,-8.527994735939048,0.0,0.0,0.0,-11.518878040701729,-2.629251392904781,-12.796201138365983,0.0,0.0,0.0
2600,2600,15.403089373557156,-1.7897524423846842,7.929810951237097,0.0,0.0,0.0,-2.7410159434187675,-3.9571382642910833,16.73822470073749,0.0,0.0,0.0
2601,2601,9.02701906744625,0.7077193300477158,-14.877914433246676,0.0,0.0,0.0,-1.1503016331788452,16.112528743189003,-6.511797096791742,0.0,0.0,0.0
2602,2602,6.8335244481869495,-15.833748917032562,2.436312095272813,0.0,0.0,0.0,-12.629388688173512,-11.891669058224416,-1.557891571924744,0.0,0.0,0.0
2603,2603,16.182610914594914,6.439068093204907,0.04223570853139355,0.0,0.0,0.0,2.257896063520258,9.522449007307554,14.407121435135412,0.0,0.0,0.0
2604,2604,4.086670615693218,-9.667506366602153,-13.898874836032865,0.0,0.0,0.0,-8.630805561801814,6.064923301463173,-13.858794264975254,0.0,0.0,0.0
2605,2605,12.150180820333679,-8.187602362947064,9.41682278460365,0.0,0.0,0.0,-7.829640922415854,-9.946325042978309,11.962759670854576,0.0,0.0,0.0
2606,2606,12.049002860389388,6.19347020809692,-10.9454435556041,0.0,0.0,0.0,1.4026178111637995,17.216918438308866,2.2250079868614674,0.0,0.0,0.0
2607,2607,3.582422911790512,-16.50753663779392,-4.243554878888792,0.0,0.0,0.0,-13.374910603505416,-6.613800184093831,-8.983857259011293,0.0,0.0,0.0
2608,2608,15.858410980413561,2.8165886405918488,6.6270587279092865,0.0,0.0,0.0,-1.2365033423628795,1.6186554563283093,17.29714692587177,0.0,0.0,0.0
2609,2609,5.798375062292315,-2.649162998218234,-16.208055399184353,0.0,0.0,0.0,-4.809405695713376,13.377848548850283,-10.061961182355818,0.0,0.0,0.0
2610,2610,7.865364531450159,-13.962162826150184,6.821607419123946,0.0,0.0,0.0,-12.02299404347702,-11.888183003051603,4.178396450032258,0.0,0.0,0.0
2611,2611,14.592702857088085,8.588004964791162,-4.079150870785095,0.0,0.0,0.0,1.7134022158348285,13.752078236053165,10.549164650028752,0.0,0.0,0.0
2612,2612,2.0863122454844487,-13.238854791003094,-11.122962861317445,0.0,0.0,0.0,-11.7186929436689,1.3494170003635013,-12.813726516057141,0.0,0.0,0.0
2613,2613,13.422107438818015,-3.504749483308732,10.531098743115285,0.0,0.0,0.0,-6.02838036183938,-5.686574299258731,15.318674248418835,0.0,0.0,0.0
2614,2614,8.856073456186596,4.365258032046366,-14.347639632687077,0.0,0.0,0.0,-1.4698171517112122,17.144414146329076,-2.692392782797141,0.0,0.0,0.0
2615,2615,3.729817403698065,-16.99500250650505,0.7737116492139325,0.0,0.0,0.0,-14.22048249856297,-9.220279025023943,-4.013054944296035,0.0,0.0,0.0
2616,2616,15.551483498736694,6.929422759650408,3.670795415673607,0.0,0.0,0.0,-0.4259137261195647,7.045184548181584,15.922444848613466,0.0,0.0,0.0
2617,2617,2.784173567652949,-6.75040322602028,-15.812043245845517,0.0,0.0,0.0,-8.449599507810612,9.491944425701984,-11.909976362451895,0.0,0.0,0.0
2618,2618,9.34472282770352,-10.4852303903926,10.299338654057129,0.0,0.0,0.0,-10.753909411564134,-10.036224025183577,9.325659089918064,0.0,0.0,0.0
2619,2619,12.120492517400594,9.094982695131497,-8.58575731593119,0.0,0.0,0.0,0.17153384072924402,16.397797933112237,5.8671182759064795,0.0,0.0,0.0
2620,2620,0.9494977606527389,-15.98053095602473,-6.860128434892596,0.0,0.0,0.0,-13.993192448719698,-2.866487361680342,-9.96564564268628,0.0,0.0,0.0
2621,2621,14.296173227748401,1.5951384832521387,9.819126337848443,0.0,0.0,0.0,-4.435912725653037,-0.5886756706323324,16.832005733790794,0.0,0.0,0.0
2622,2622,5.3864072613749885,1.0812690056644219,-16.527484742971854,0.0,0.0,0.0,-4.843125637406109,15.337152882746475,-6.682525966184663,0.0,0.0,0.0
2623,2623,4.689515217102704,-15.735289759546681,5.809421743068636,0.0,0.0,0.0,-14.118674938230887,-10.098670152182894,1.4213222446554543,0.0,0.0,0.0
2624,2624,14.314156506244125,9.907083731692268,-0.5430407214551602,0.0,0.0,0.0,-0.5162282588176811,11.645159328609799,12.9407901757683,0.0,0.0,0.0
2625,2625,0.3369520754592243,-10.920768915617392,-13.563316237841683,0.0,0.0,0.0,-11.701526159526972,5.10801542133566,-11.845790044166499,0.0,0.0,0.0
2626,2626,10.916825526746615,-5.763099065435567,12.286166503743972,0.0,0.0,0.0,-9.162313868143224,-6.626701039281193,13.246853048735428,0.0,0.0,0.0
2627,2627,8.939768934515207,7.819216829473731,-12.738942552202783,0.0,0.0,0.0,-2.2327846665274786,17.23824720650228,1.0944330302066088,0.0,0.0,0.0
2628,2628,0.7731553882186263,-17.323663372445726,-1.6227125071995747,0.0,0.0,0.0,-15.314480790300728,-5.964637535158874,-5.764551584889754,0.0,0.0,0.0
2629,2629,14.454822541371794,6.409054945802091,7.3022186886117515,0.0,0.0,0.0,-3.393972922368149,4.653054573585351,16.436858237346925,0.0,0.0,0.0
2630,2630,2.0140991763411407,-3.1846772746168965,-17.004161635951707,0.0,0.0,0.0,-8.350850324462277,12.206158900096742,-9.198546708104953,0.0,0.0,0.0
2631,2631,6.224260647106908,-12.727994148315878,10.129018814005835,0.0,0.0,0.0,-13.271001331717118,-9.164464251349763,6.575210750726237,0.0,0.0,0.0
2632,2632,12.124087185827552,11.274901759956949,-5.405865147313884,0.0,0.0,0.0,-1.5748883083653682,14.883012327676612,8.908195588758206,0.0,0.0,0.0
2633,2633,-1.2727271789034709,-14.456517498682969,-9.629618118883252,0.0,0.0,0.0,-14.264066817775872,0.9349761573679033,-9.949999757806532,0.0,0.0,0.0
2634,2634,12.202665212346732,-0.36468232621621277,12.421845526873192,0.0,0.0,0.0,-7.626930865573806,-2.1749529411363624,15.506120825427972,0.0,0.0,0.0
2635,2635,5.341956541276112,4.9002571462246385,-15.836390308058299,0.0,0.0,0.0,-5.239193598057053,16.328912123314808,-3.0426562553650105,0.0,0.0,0.0
2636,2636,1.5043817229323417,-16.90574491167013,3.9080560884431597,0.0,0.0,0.0,-15.690057069759165,-7.512516529985135,-0.851165266896949,0.0,0.0,0.0
2637,2637,13.684766409752958,10.259522958215456,3.2878008999205277,0.0,0.0,0.0,-3.1515287369774536,9.342254484804387,14.357242964383122,0.0,0.0,0.0
2638,2638,-0.8914794446770083,-7.7905587149476165,-15.551615256488416,0.0,0.0,0.0,-11.616516136305483,8.35137233492823,-9.932341655194957,0.0,0.0,0.0
2639,2639,7.9997051530289855,-8.247094337449008,13.089325048717718,0.0,0.0,0.0,-11.986724943378556,-6.611127822152568,10.768086730153955,0.0,0.0,0.0
2640,2640,9.107335426861194,10.79634005512987,-10.189983347082004,0.0,0.0,0.0,-3.519649759259894,16.446014297255708,4.525589142175154,0.0,0.0,0.0
2641,2641,-1.8969981325586815,-16.73238909316546,-4.446215367833371,0.0,0.0,0.0,-15.95005975402565,-2.3701454108889783,-6.581662582617265,0.0,0.0,0.0
2642,2642,12.856652511934431,5.019481218318354,10.623162065199345,0.0,0.0,0.0,-6.507507315620619,2.657364245089655,15.935213885707162,0.0,0.0,0.0
2643,2643,1.6915450631724434,0.7360661385975771,-17.318693937939955,0.0,0.0,0.0,-8.50129209624682,13.99416251058742,-5.935631903911506,0.0,0.0,0.0
2644,2644,2.948734996569865,-14.625333221693595,8.985814812892643,0.0,0.0,0.0,-15.273982489542384,-7.329591272863836,4.0401520341544215,0.0,0.0,0.0
2645,2645,11.90927200653524,12.597436761915791,-1.6775294575833415,0.0,0.0,0.0,-3.826507642199384,12.886649647932474,11.073950419466515,0.0,0.0,0.0
2646,2646,-3.0217408450836714,-12.023617994881572,-12.232823482560523,0.0,0.0,0.0,-14.311010218093543,4.47098350493326,-8.862593909990915,0.0,0.0,0.0
2647,2647,9.63507092801796,-2.799546422603498,14.236159096361712,0.0,0.0,0.0,-10.636250724453815,-2.8821026236451504,13.487176604853387,0.0,0.0,0.0
2648,2648,5.519437111995407,8.509148020285004,-14.15876024632025,0.0,0.0,0.0,-6.1301576613667805,16.293484116373836,0.5327477577904519,0.0,0.0,0.0
2649,2649,-1.5333196577234878,-17.296472093100896,1.3495413061451045,0.0,0.0,0.0,-16.715757415458974,-4.302939961273806,-2.325605188842766,0.0,0.0,0.0
2650,2650,12.619008190577041,9.681453336554021,7.097208701697281,0.0,0.0,0.0,-6.089712611089443,7.1620140192263255,14.66155630483732,0.0,0.0,0.0
2651,2651,-1.628814158373541,-4.07639189821184,-16.854384334850263,0.0,0.0,0.0,-11.638646732769402,10.780451887184276,-7.187769968152309,0.0,0.0,0.0
2652,2652,4.799118007119453,-10.658290616300548,12.911606610696932,0.0,0.0,0.0,-14.345045363302702,-5.51771787169065,8.192358682966976,0.0,0.0,0.0
2653,2653,9.200285635851879,13.085451124233087,-6.889556652732872,0.0,0.0,0.0,-5.386161879259947,14.889632727843598,7.254541695896917,0.0,0.0,0.0
2654,2654,-4.175676325083593,-15.20752089940677,-7.391570408202431,0.0,0.0,0.0,-16.203330427453068,1.2565681663325128,-6.262060146573534,0.0,0.0,0.0
2655,2655,10.760279548300513,2.9499568004668872,13.373646350004027,0.0,0.0,0.0,-9.595812632246712,1.392679300845928,14.467933579781905,0.0,0.0,0.0
2656,2656,1.707625572235932,4.721092002758158,-16.677397368405835,0.0,0.0,0.0,-9.078997865716909,14.667550650907696,-2.4031299246058593,0.0,0.0,0.0
2657,2657,-0.3256516390544012,-15.939059878750738,7.01288806190081,0.0,0.0,0.0,-16.670067017706682,-4.5906058748414384,2.0917650690768945,0.0,0.0,0.0
2658,2658,11.35524857424162,13.00205333360836,2.3119724705018494,0.0,0.0,0.0,-6.540686435585579,10.68982188549388,12.094933103780853,0.0,0.0,0.0
2659,2659,-4.275563698761229,-8.82944622643811,-14.39099413416058,0.0,0.0,0.0,-14.293043394640508,7.3792037923987825,-6.678064067253471,0.0,0.0,0.0
2660,2660,6.681055991034955,-5.433185952662256,15.138832815828986,0.0,0.0,0.0,-13.268076446027044,-2.4523885407913575,11.012911315567232,0.0,0.0,0.0
2661,2661,5.768633519448807,11.649798691525866,-11.59074352845343,0.0,0.0,0.0,-7.648280141260381,15.213646274930502,3.659105857892939,0.0,0.0,0.0
2662,2662,-4.290593891124172,-16.803618609150114,-1.6029608469463872,0.0,0.0,0.0,-17.196972884050112,-0.7085526143249735,-2.6650243141760734,0.0,0.0,0.0
2663,2663,11.071233037274997,8.277073900695717,10.595193459958322,0.0,0.0,0.0,-9.192956120522162,5.483372310542499,13.73908525511437,0.0,0.0,0.0
2664,2664,-1.9402703886312729,-0.03403262675929106,-17.308219734463957,0.0,0.0,0.0,-11.97577270355636,12.066185727446653,-3.785275144647761,0.0,0.0,0.0
2665,2665,1.4559391328839575,-12.725558668768949,11.801723415934964,0.0,0.0,0.0,-16.06345962484157,-3.2371923551804804,5.901366647973746,0.0,0.0,0.0
2666,2666,9.077063997283538,14.54351697722175,-3.0713679199426513,0.0,0.0,0.0,-7.882307537477348,12.742885706551254,8.87853419949322,0.0,0.0,0.0
2667,2667,-5.995520429769678,-12.808978231065225,-10.164845755321755,0.0,0.0,0.0,-16.17810789499979,4.536490548022075,-4.585777602830628,0.0,0.0,0.0
2668,2668,8.207733432654996,0.4304269343171941,15.35539391646671,0.0,0.0,0.0,-12.447683161092572,1.2595880257227776,12.116472246643385,0.0,0.0,0.0
2669,2669,1.9338045301910296,8.493119255110129,-15.082029145133667,0.0,0.0,0.0,-10.300735169974706,14.005177058056677,1.0441016749819634,0.0,0.0,0.0
2670,2670,-3.4523913162160427,-16.491616450478805,4.409972656058547,0.0,0.0,0.0,-17.34547895873766,-1.025285101166805,1.1930749894644135,0.0,0.0,0.0
2671,2671,10.375217197958502,12.50439822562332,6.27177573637528,0.0,0.0,0.0,-9.666023731367897,8.645822192499772,11.62574821753345,0.0,0.0,0.0
2672,2672,-5.05276615011208,-5.073549158807494,-15.876678838554884,0.0,0.0,0.0,-14.410594744628492,9.190845415073287,-3.3471476572573247,0.0,0.0,0.0
2673,2673,3.4541870359872124,-7.988809623479016,15.086013074944555,0.0,0.0,0.0,-15.262740230241068,-0.5262612940275148,8.373296094833885,0.0,0.0,0.0
2674,2674,5.941631301210888,14.115233589526241,-8.294424390562147,0.0,0.0,0.0,-9.98874935186533,13.023880870194876,5.826121457861398,0.0,0.0,0.0
2675,2675,-6.663743920588129,-15.399403667051764,-4.668314624914274,0.0,0.0,0.0,-17.103757919421263,2.986768426158239,-1.3714799231157953,0.0,0.0,0.0
2676,2676,9.036737440638177,6.211712029235624,13.531159886424694,0.0,0.0,0.0,-12.29660604299993,4.832311929254187,11.348238586618473,0.0,0.0,0.0
2677,2677,-1.9221988585449847,4.066599540620641,-16.82581937088365,0.0,0.0,0.0,-12.926896231688424,11.671414958462288,0.11706604850896639,0.0,0.0,0.0
2678,2678,-1.8839555851632888,-14.217989878955823,9.8812829598293,0.0,0.0,0.0,-16.83776173016848,0.5201335772686304,4.4226144707675505,0.0,0.0,0.0
2679,2679,8.619855931318673,15.100977283959054,0.9994231185209479,0.0,0.0,0.0,-11.171355685493307,10.136287910340284,8.706133316464712,0.0,0.0,0.0
2680,2680,-7.329179455889056,-9.664830221314107,-12.498578442115667,0.0,0.0,0.0,-15.952433451564312,6.917283589621675,-1.0056502828188822,0.0,0.0,0.0
2681,2681,5.276304482328893,-2.282110491944802,16.440585770874545,0.0,0.0,0.0,-14.738330308455875,3.0410165137328526,8.767788550097803,0.0,0.0,0.0
2682,2682,2.2295475881067337,11.80308967781917,-12.611759170983921,0.0,0.0,0.0,-12.632312971763392,11.324574189250772,3.9394119095043476,0.0,0.0,0.0
2683,2683,-6.302526109305907,-16.174073198819773,1.4204923716473987,0.0,0.0,0.0,-16.885802049257755,3.590559197715624,2.3060467424043147,0.0,0.0,0.0
2684,2684,8.92022852530831,11.193049194998826,9.923983602958195,0.0,0.0,0.0,-13.34581713473118,7.235082628487637,8.537155389381358,0.0,0.0,0.0
2685,2685,-5.41015206449491,-0.994360396184207,-16.525186226445772,0.0,0.0,0.0,-14.961710684784741,8.706149344457197,1.9210556353153323,0.0,0.0,0.0
2686,2686,0.08653903379187247,-10.205205449234436,14.113347246904869,0.0,0.0,0.0,-15.828128926920456,4.53619085393202,5.677462900509212,0.0,0.0,0.0
2687,2687,5.901452046522304,15.76027745281312,-4.486289795601623,0.0,0.0,0.0,-14.366672336651218,8.183671779765433,5.47416842539053,0.0,0.0,0.0
2688,2688,-8.58367129496481,-13.131503855368805,-7.564685807989816,0.0,0.0,0.0,14.566040243228404,-8.379067099999666,-4.578425924215106,0.0,0.0,0.0
2689,2689,6.5508450535682075,3.700077259180282,15.707836742766622,0.0,0.0,0.0,16.300830088942725,-4.999473016613895,-3.5536580793233505,0.0,0.0,0.0
2690,2690,-1.6953256740562637,7.958255046920863,-15.399101442753578,0.0,0.0,0.0,13.619463117011858,-7.390647276740642,-7.9516561175852445,0.0,0.0,0.0
2691,2691,-5.078789778055852,-14.957943791456827,7.335263437607719,0.0,0.0,0.0,14.964105209831052,-8.821124846084828,-1.2663291420729337,0.0,0.0,0.0
2692,2692,7.741235782587888,14.764031120526756,5.043503881992119,0.0,0.0,0.0,15.978768245490977,-2.7015988650671257,-6.381269991649654,0.0,0.0,0.0
2693,2693,-8.189945087950784,-5.961458503573644,-14.167783515557094,0.0,0.0,0.0,12.087602093305339,-10.790717169037842,-6.386750064698275,0.0,0.0,0.0
2694,2694,2.0727509815389986,-4.920508377033874,16.578075233791157,0.0,0.0,0.0,16.69564668650965,-4.959331587886878,0.02626209812308076,0.0,0.0,0.0
2695,2695,2.4515508685157195,14.44526763562024,-9.416178580058544,0.0,0.0,0.0,13.491565446520278,-4.5054506113101755,-10.050813617238953,0.0,0.0,0.0
2696,2696,-8.772464881542081,-14.951409205468098,-1.6850817339006952,0.0,0.0,0.0,12.797795573343171,-11.730319508425694,-1.3986816901413412,0.0,0.0,0.0
2697,2697,6.981437045345314,9.222080359713688,13.021253718365,0.0,0.0,0.0,17.065594804198103,-0.743426870679097,-3.398980471266387,0.0,0.0,0.0
2698,2698,-5.438203307881973,3.1471399375784213,-16.243821372220626,0.0,0.0,0.0,10.774009634303676,-9.561426578957727,-9.789796522517895,0.0,0.0,0.0
2699,2699,-3.280321389643459,-11.853426269988509,12.331912058548141,0.0,0.0,0.0,15.36287310916456,-7.83748084336432,2.4282301453480004,0.0,0.0,0.0
2700,2700,5.530802630340308,16.509770074640116,-0.4218911280289621,0.0,0.0,0.0,14.738364737413246,-0.6685078484486734,-9.256023979047777,0.0,0.0,0.0
2701,2701,-10.019733165796392,-10.118391602975047,-10.028129258852571,0.0,0.0,0.0,10.29788058618918,-13.326852384327383,-4.437221961555072,0.0,0.0,0.0
2702,2702,3.685799387271715,0.9910939048729263,16.993319085031104,0.0,0.0,0.0,17.328367188969647,-1.498206174255874,0.9073844834649136,0.0,0.0,0.0
2703,2703,-1.3962756110614913,11.394087914329836,-13.098299614669406,0.0,0.0,0.0,10.937701546123005,-5.787152763073489,-12.256256588451484,0.0,0.0,0.0
2704,2704,-8.000290627496392,-14.8320022303761,4.398560843148919,0.0,0.0,0.0,12.744923419264634,-11.663372011897728,2.207477774821703,0.0,0.0,0.0
2705,2705,6.389540418908232,13.612992707323606,8.786380401659345,0.0,0.0,0.0,16.35389193337606,1.9971138557896206,-5.648188440167494,0.0,0.0,0.0
2706,2706,-8.630238925499707,-1.9301173880452829,-15.00446269395629,0.0,0.0,0.0,8.554588136523988,-12.293823587807369,-8.88938699705921,0.0,0.0,0.0
2707,2707,-1.2743343462292622,-7.2256717561281105,15.795759476007605,0.0,0.0,0.0,16.12822062062254,-4.866787438536127,4.419859434168013,0.0,0.0,0.0
2708,2708,2.4634956792153067,16.27062418531325,-5.704231362414935,0.0,0.0,0.0,12.454979406442218,-0.8875487710597995,-12.14191183221413,0.0,0.0,0.0
2709,2709,-10.790723945338373,-12.864003257729888,-4.627955779584231,0.0,0.0,0.0,9.645017301387416,-14.470471879835008,-0.9588339835513018,0.0,0.0,0.0
2710,2710,4.590263532491268,6.79983207473115,15.363334346257956,0.0,0.0,0.0,17.29375453970337,2.0314121822370454,-0.37375960659109114,0.0,0.0,0.0
2711,2711,-5.254557618179809,7.085497160630074,-15.017510845712842,0.0,0.0,0.0,8.290506405689943,-8.454351702689156,-12.772302791651242,0.0,0.0,0.0
2712,2712,-6.5051242353694825,-12.752198843773089,9.919932515317427,0.0,0.0,0.0,13.451939381707323,-9.657491467827656,5.396152629131134,0.0,0.0,0.0
2713,2713,4.739980152251592,16.363186776818754,3.622013865293173,0.0,0.0,0.0,14.62538220328086,3.228902018634208,-8.888906847255548,0.0,0.0,0.0
2714,2714,-10.981595352909896,-6.540709850170036,-11.830636328533117,0.0,0.0,0.0,7.095718338332926,-14.672094767038251,-6.141717527472726,0.0,0.0,0.0
2715,2715,0.5455779507146808,-1.6494507540490044,17.329799037693203,0.0,0.0,0.0,16.75530533896183,-0.9653541539243704,4.654901946639611,0.0,0.0,0.0
2716,2716,-1.1680679689380942,14.164608596393222,-10.066765036897161,0.0,0.0,0.0,9.639625923238144,-2.818509884244309,-14.229332094993898,0.0,0.0,0.0
2717,2717,-10.542511735111445,-13.798595654157422,1.3395827952300783,0.0,0.0,0.0,9.911282610192398,-13.993255874567332,3.048859594496905,0.0,0.0,0.0
2718,2718,4.552364946161494,11.796567667444155,11.977363751741963,0.0,0.0,0.0,16.41966374070848,4.836019639457643,-3.2168050090135036,0.0,0.0,0.0
2719,2719,-8.737937660485425,2.16913474142592,-14.909177632994407,0.0,0.0,0.0,5.985880322792472,-11.636066280138225,-11.493975642161736,0.0,0.0,0.0
2720,2720,-4.62343757561989,-8.964516631411762,14.19864586242854,0.0,0.0,0.0,14.476192719090783,-6.1758133884998925,7.459185687951434,0.0,0.0,0.0
2721,2721,2.1455093864192203,17.19723492068364,-1.7297914130834489,0.0,0.0,0.0,12.088087065654898,2.7766752394156518,-12.227366989059169,0.0,0.0,0.0
2722,2722,-12.322957161669377,-10.025001660481724,-7.1403323645451735,0.0,0.0,0.0,6.525370318900105,-16.006141406189087,-2.136178190944716,0.0,0.0,0.0
2723,2723,1.8163505792822936,4.174641240973811,16.811112957192115,0.0,0.0,0.0,16.86191178206361,3.0510022988403325,3.11570117366004,0.0,0.0,0.0
2724,2724,-4.995971321725936,10.569172519679999,-12.910195218466075,0.0,0.0,0.0,6.717096471996597,-5.9569679786536405,-14.924323276596404,0.0,0.0,0.0
2725,2725,-9.456691848889312,-12.780757657265985,7.1108009927545055,0.0,0.0,0.0,10.854649811536742,-11.83200552468899,6.746888209375165,0.0,0.0,0.0
2726,2726,3.473272154897915,15.395174908752857,7.36649494970901,0.0,0.0,0.0,14.643467797512688,6.333937329247337,-6.98501013238686,0.0,0.0,0.0
2727,2727,-11.518878040701729,-2.629251392904781,-12.796201138365983,0.0,0.0,0.0,4.350633243903725,-14.54941833675858,-8.527994735939048,0.0,0.0,0.0
2728,2728,-2.7410159434187675,-3.9571382642910833,16.73822470073749,0.0,0.0,0.0,15.403089373557156,-1.7897524423846842,7.929810951237097,0.0,0.0,0.0
2729,2729,-1.1503016331788452,16.112528743189003,-6.511797096791742,0.0,0.0,0.0,9.02701906744625,0.7077193300477158,-14.877914433246676,0.0,0.0,0.0
2730,2730,-12.629388688173512,-11.891669058224416,-1.557891571924744,0.0,0.0,0.0,6.8335244481869495,-15.833748917032562,2.436312095272813,0.0,0.0,0.0
2731,2731,2.257896063520258,9.522449007307554,14.407121435135412,0.0,0.0,0.0,16.182610914594914,6.439068093204907,0.04223570853139355,0.0,0.0,0.0
2732,2732,-8.630805561801814,6.064923301463173,-13.858794264975254,0.0,0.0,0.0,4.086670615693218,-9.667506366602153,-13.898874836032865,0.0,0.0,0.0
2733,2733,-7.829640922415854,-9.946325042978309,11.962759670854576,0.0,0.0,0.0,12.150180820333679,-8.187602362947064,9.41682278460365,0.0,0.0,0.0
2734,2734,1.4026178111637995,17.216918438308866,2.2250079868614674,0.0,0.0,0.0,12.049002860389388,6.19347020809692,-10.9454435556041,0.0,0.0,0.0
2735,2735,-13.374910603505416,-6.613800184093831,-8.983857259011293,0.0,0.0,0.0,3.582422911790512,-16.50753663779392,-4.243554878888792,0.0,0.0,0.0
2736,2736,-1.2365033423628795,1.6186554563283093,17.29714692587177,0.0,0.0,0.0,15.858410980413561,2.8165886405918488,6.6270587279092865,0.0,0.0,0.0
2737,2737,-4.809405695713376,13.377848548850283,-10.061961182355818,0.0,0.0,0.0,5.798375062292315,-2.649162998218234,-16.208055399184353,0.0,0.0,0.0
2738,2738,-12.02299404347702,-11.888183003051603,4.178396450032258,0.0,0.0,0.0,7.865364531450159,-13.962162826150184,6.821607419123946,0.0,0.0,0.0
2739,2739,1.7134022158348285,13.752078236053165,10.549164650028752,0.0,0.0,0.0,14.592702857088085,8.588004964791162,-4.079150870785095,0.0,0.0,0.0
2740,2740,-11.7186929436689,1.3494170003635013,-12.813726516057141,0.0,0.0,0.0,2.0863122454844487,-13.238854791003094,-11.122962861317445,0.0,0.0,0.0
2741,2741,-6.02838036183938,-5.686574299258731,15.318674248418835,0.0,0.0,0.0,13.422107438818015,-3.504749483308732,10.531098743115285,0.0,0.0,0.0
2742,2742,-1.4698171517112122,17.144414146329076,-2.692392782797141,0.0,0.0,0.0,8.856073456186596,4.365258032046366,-14.347639632687077,0.0,0.0,0.0
2743,2743,-14.22048249856297,-9.220279025023943,-4.013054944296035,0.0,0.0,0.0,3.729817403698065,-16.99500250650505,0.7737116492139325,0.0,0.0,0.0
2744,2744,-0.4259137261195647,7.045184548181584,15.922444848613466,0.0,0.0,0.0,15.551483498736694,6.929422759650408,3.670795415673607,0.0,0.0,0.0
2745,2745,-8.449599507810612,9.491944425701984,-11.909976362451895,0.0,0.0,0.0,2.784173567652949,-6.75040322602028,-15.812043245845517,0.0,0.0,0.0
2746,2746,-10.753909411564134,-10.036224025183577,9.325659089918064,0.0,0.0,0.0,9.34472282770352,-10.4852303903926,10.299338654057129,0.0,0.0,0.0
2747,2747,0.17153384072924402,16.397797933112237,5.8671182759064795,0.0,0.0,0.0,12.120492517400594,9.094982695131497,-8.58575731593119,0.0,0.0,0.0
2748,2748,-13.993192448719698,-2.866487361680342,-9.96564564268628,0.0,0.0,0.0,0.9494977606527389,-15.98053095602473,-6.860128434892596,0.0,0.0,0.0
2749,2749,-4.435912725653037,-0.5886756706323324,16.832005733790794,0.0,0.0,0.0,14.296173227748401,1.5951384832521387,9.819126337848443,0.0,0.0,0.0
2750,2750,-4.843125637406109,15.337152882746475,-6.682525966184663,0.0,0.0,0.0,5.3864072613749885,1.0812690056644219,-16.527484742971854,0.0,0.0,0.0
2751,2751,-14.118674938230887,-10.098670152182894,1.4213222446554543,0.0,0.0,0.0,4.689515217102704,-15.735289759546681,5.809421743068636,0.0,0.0,0.0
2752,2752,-0.5162282588176811,11.645159328609799,12.9407901757683,0.0,0.0,0.0,14.314156506244125,9.907083731692268,-0.5430407214551602,0.0,0.0,0.0
2753,2753,-11.701526159526972,5.10801542133566,-11.845790044166499,0.0,0.0,0.0,0.3369520754592243,-10.920768915617392,-13.563316237841683,0.0,0.0,0.0
2754,2754,-9.162313868143224,-6.626701039281193,13.246853048735428,0.0,0.0,0.0,10.916825526746615,-5.763099065435567,12.286166503743972,0.0,0.0,0.0
2755,2755,-2.2327846665274786,17.23824720650228,1.0944330302066088,0.0,0.0,0.0,8.939768934515207,7.819216829473731,-12.738942552202783,0.0,0.0,0.0
2756,2756,-15.314480790300728,-5.964637535158874,-5.764551584889754,0.0,0.0,0.0,0.7731553882186263,-17.323663372445726,-1.6227125071995747,0.0,0.0,0.0
2757,2757,-3.393972922368149,4.653054573585351,16.436858237346925,0.0,0.0,0.0,14.454822541371794,6.409054945802091,7.3022186886117515,0.0,0.0,0.0
2758,2758,-8.350850324462277,12.206158900096742,-9.198546708104953,0.0,0.0,0.0,2.0140991763411407,-3.1846772746168965,-17.004161635951707,0.0,0.0,0.0
2759,2759,-13.271001331717118,-9.164464251349763,6.575210750726237,0.0,0.0,0.0,6.224260647106908,-12.727994148315878,10.129018814005835,0.0,0.0,0.0
2760,2760,-1.5748883083653682,14.883012327676612,8.908195588758206,0.0,0.0,0.0,12.124087185827552,11.274901759956949,-5.405865147313884,0.0,0.0,0.0
2761,2761,-14.264066817775872,0.9349761573679033,-9.949999757806532,0.0,0.0,0.0,-1.2727271789034709,-14.456517498682969,-9.629618118883252,0.0,0.0,0.0
2762,2762,-7.626930865573806,-2.1749529411363624,15.506120825427972,0.0,0.0,0.0,12.202665212346732,-0.36468232621621277,12.421845526873192,0.0,0.0,0.0
2763,2763,-5.239193598057053,16.328912123314808,-3.0426562553650105,0.0,0.0,0.0,5.341956541276112,4.9002571462246385,-15.836390308058299,0.0,0.0,0.0
2764,2764,-15.690057069759165,-7.512516529985135,-0.851165266896949,0.0,0.0,0.0,1.5043817229323417,-16.90574491167013,3.9080560884431597,0.0,0.0,0.0
2765,2765,-3.1515287369774536,9.342254484804387,14.357242964383122,0.0,0.0,0.0,13.684766409752958,10.259522958215456,3.2878008999205277,0.0,0.0,0.0
2766,2766,-11.616516136305483,8.35137233492823,-9.932341655194957,0.0,0.0,0.0,-0.8914794446770083,-7.7905587149476165,-15.551615256488416,0.0,0.0,0.0
2767,2767,-11.986724943378556,-6.611127822152568,10.768086730153955,0.0,0.0,0.0,7.9997051530289855,-8.247094337449008,13.089325048717718,0.0,0.0,0.0
2768,2768,-3.519649759259894,16.446014297255708,4.525589142175154,0.0,0.0,0.0,9.107335426861194,10.79634005512987,-10.189983347082004,0.0,0.0,0.0
2769,2769,-15.95005975402565,-2.3701454108889783,-6.581662582617265,0.0,0.0,0.0,-1.8969981325586815,-16.73238909316546,-4.446215367833371,0.0,0.0,0.0
2770,2770,-6.507507315620619,2.657364245089655,15.935213885707162,0.0,0.0,0.0,12.856652511934431,5.019481218318354,10.623162065199345,0.0,0.0,0.0
2771,2771,-8.50129209624682,13.99416251058742,-5.935631903911506,0.0,0.0,0.0,1.6915450631724434,0.7360661385975771,-17.318693937939955,0.0,0.0,0.0
2772,2772,-15.273982489542384,-7.329591272863836,4.0401520341544215,0.0,0.0,0.0,2.948734996569865,-14.625333221693595,8.985814812892643,0.0,0.0,0.0
2773,2773,-3.826507642199384,12.886649647932474,11.073950419466515,0.0,0.0,0.0,11.90927200653524,12.597436761915791,-1.6775294575833415,0.0,0.0,0.0
2774,2774,-14.311010218093543,4.47098350493326,-8.862593909990915,0.0,0.0,0.0,-3.0217408450836714,-12.023617994881572,-12.232823482560523,0.0,0.0,0.0
2775,2775,-10.636250724453815,-2.8821026236451504,13.487176604853387,0.0,0.0,0.0,9.63507092801796,-2.799546422603498,14.236159096361712,0.0,0.0,0.0
2776,2776,-6.1301576613667805,16.293484116373836,0.5327477577904519,0.0,0.0,0.0,5.519437111995407,8.509148020285004,-14.15876024632025,0.0,0.0,0.0
2777,2777,-16.715757415458974,-4.302939961273806,-2.325605188842766,0.0,0.0,0.0,-1.5333196577234878,-17.296472093100896,1.3495413061451045,0.0,0.0,0.0
2778,2778,-6.089712611089443,7.1620140192263255,14.66155630483732,0.0,0.0,0.0,12.619008190577041,9.681453336554021,7.097208701697281,0.0,0.0,0.0
2779,2779,-11.638646732769402,10.780451887184276,-7.187769968152309,0.0,0.0,0.0,-1.628814158373541,-4.07639189821184,-16.854384334850263,0.0,0.0,0.0
2780,2780,-14.345045363302702,-5.51771787169065,8.192358682966976,0.0,0.0,0.0,4.799118007119453,-10.658290616300548,12.911606610696932,0.0,0.0,0.0
2781,2781,-5.386161879259947,14.889632727843598,7.254541695896917,0.0,0.0,0.0,9.200285635851879,13.085451124233087,-6.889556652732872,0.0,0.0,0.0
2782,2782,-16.203330427453068,1.2565681663325128,-6.262060146573534,0.0,0.0,0.0,-4.175676325083593,-15.20752089940677,-7.391570408202431,0.0,0.0,0.0
2783,2783,-9.595812632246712,1.392679300845928,14.467933579781905,0.0,0.0,0.0,10.760279548300513,2.9499568004668872,13.373646350004027,0.0,0.0,0.0
2784,2784,-9.078997865716909,14.667550650907696,-2.4031299246058593,0.0,0.0,0.0,1.707625572235932,4.721092002758158,-16.677397368405835,0.0,0.0,0.0
2785,2785,-16.670067017706682,-4.5906058748414384,2.0917650690768945,0.0,0.0,0.0,-0.3256516390544012,-15.939059878750738,7.01288806190081,0.0,0.0,0.0
2786,2786,-6.540686435585579,10.68982188549388,12.094933103780853,0.0,0.0,0.0,11.35524857424162,13.00205333360836,2.3119724705018494,0.0,0.0,0.0
2787,2787,-14.293043394640508,7.3792037923987825,-6.678064067253471,0.0,0.0,0.0,-4.275563698761229,-8.82944622643811,-14.39099413416058,0.0,0.0,0.0
2788,2788,-13.268076446027044,-2.4523885407913575,11.012911315567232,0.0,0.0,0.0,6.681055991034955,-5.433185952662256,15.138832815828986,0.0,0.0,0.0
2789,2789,-7.648280141260381,15.213646274930502,3.659105857892939,0.0,0.0,0.0,5.768633519448807,11.649798691525866,-11.59074352845343,0.0,0.0,0.0
2790,2790,-17.196972884050112,-0.7085526143249735,-2.6650243141760734,0.0,0.0,0.0,-4.290593891124172,-16.803618609150114,-1.6029608469463872,0.0,0.0,0.0
2791,2791,-9.192956120522162,5.483372310542499,13.73908525511437,0.0,0.0,0.0,11.071233037274997,8.277073900695717,10.595193459958322,0.0,0.0,0.0
2792,2792,-11.97577270355636,12.066185727446653,-3.785275144647761,0.0,0.0,0.0,-1.9402703886312729,-0.03403262675929106,-17.308219734463957,0.0,0.0,0.0
2793,2793,-16.06345962484157,-3.2371923551804804,5.901366647973746,0.0,0.0,0.0,1.4559391328839575,-12.725558668768949,11.801723415934964,0.0,0.0,0.0
2794,2794,-7.882307537477348,12.742885706551254,8.87853419949322,0.0,0.0,0.0,9.077063997283538,14.54351697722175,-3.0713679199426513,0.0,0.0,0.0
2795,2795,-16.17810789499979,4.536490548022075,-4.585777602830628,0.0,0.0,0.0,-5.995520429769678,-12.808978231065225,-10.164845755321755,0.0,0.0,0.0
2796,2796,-12.447683161092572,1.2595880257227776,12.116472246643385,0.0,0.0,0.0,8.207733432654996,0.4304269343171941,15.35539391646671,0.0,0.0,0.0
2797,2797,-10.300735169974706,14.005177058056677,1.0441016749819634,0.0,0.0,0.0,1.9338045301910296,8.493119255110129,-15.082029145133667,0.0,0.0,0.0
2798,2798,-17.34547895873766,-1.025285101166805,1.1930749894644135,0.0,0.0,0.0,-3.4523913162160427,-16.491616450478805,4.409972656058547,0.0,0.0,0.0
2799,2799,-9.666023731367897,8.645822192499772,11.62574821753345,0.0,0.0,0.0,10.375217197958502,12.50439822562332,6.27177573637528,0.0,0.0,0.0
2800,2800,-14.410594744628492,9.190845415073287,-3.3471476572573247,0.0,0.0,0.0,-5.05276615011208,-5.073549158807494,-15.876678838554884,0.0,0.0,0.0
2801,2801,-15.262740230241068,-0.5262612940275148,8.373296094833885,0.0,0.0,0.0,3.4541870359872124,-7.988809623479016,15.086013074944555,0.0,0.0,0.0
2802,2802,-9.98874935186533,13.023880870194876,5.826121457861398,0.0,0.0,0.0,5.941631301210888,14.115233589526241,-8.294424390562147,0.0,0.0,0.0
2803,2803,-17.103757919421263,2.986768426158239,-1.3714799231157953,0.0,0.0,0.0,-6.663743920588129,-15.399403667051764,-4.668314624914274,0.0,0.0,0.0
2804,2804,-12.29660604299993,4.832311929254187,11.348238586618473,0.0,0.0,0.0,9.036737440638177,6.211712029235624,13.531159886424694,0.0,0.0,0.0
2805,2805,-12.926896231688424,11.671414958462288,0.11706604850896639,0.0,0.0,0.0,-1.9221988585449847,4.066599540620641,-16.82581937088365,0.0,0.0,0.0
2806,2806,-16.83776173016848,0.5201335772686304,4.4226144707675505,0.0,0.0,0.0,-1.8839555851632888,-14.217989878955823,9.8812829598293,0.0,0.0,0.0
2807,2807,-11.171355685493307,10.136287910340284,8.706133316464712,0.0,0.0,0.0,8.619855931318673,15.100977283959054,0.9994231185209479,0.0,0.0,0.0
2808,2808,-15.952433451564312,6.917283589621675,-1.0056502828188822,0.0,0.0,0.0,-7.329179455889056,-9.664830221314107,-12.498578442115667,0.0,0.0,0.0
2809,2809,-14.738330308455875,3.0410165137328526,8.767788550097803,0.0,0.0,0.0,5.276304482328893,-2.282110491944802,16.440585770874545,0.0,0.0,0.0
2810,2810,-12.632312971763392,11.324574189250772,3.9394119095043476,0.0,0.0,0.0,2.2295475881067337,11.80308967781917,-12.611759170983921,0.0,0.0,0.0
2811,2811,-16.885802049257755,3.590559197715624,2.3060467424043147,0.0,0.0,0.0,-6.302526109305907,-16.174073198819773,1.4204923716473987,0.0,0.0,0.0
2812,2812,-13.34581713473118,7.235082628487637,8.537155389381358,0.0,0.0,0.0,8.92022852530831,11.193049194998826,9.923983602958195,0.0,0.0,0.0
2813,2813,-14.961710684784741,8.706149344457197,1.9210556353153323,0.0,0.0,0.0,-5.41015206449491,-0.994360396184207,-16.525186226445772,0.0,0.0,0.0
2814,2814,-15.828128926920456,4.53619085393202,5.677462900509212,0.0,0.0,0.0,0.08653903379187247,-10.205205449234436,14.113347246904869,0.0,0.0,0.0
2815,2815,-14.366672336651218,8.183671779765433,5.47416842539053,0.0,0.0,0.0,5.901452046522304,15.76027745281312,-4.486289795601623,0.0,0.0,0.0
2816,2816,7.768869293236096,-14.754727448435416,-9.107287621804732,0.0,0.0,0.0,-5.1264657454344125,6.3156283330428185,-17.170678138007027,0.0,0.0,0.0
2817,2817,9.560258931222776,-15.544888014793273,-5.287523595672138,0.0,0.0,0.0,-7.103959422227083,-11.419620239543303,13.421104057090162,0.0,0.0,0.0
2818,2818,10.417074143584076,-12.06466000123359,-10.34062596465922,0.0,0.0,0.0,15.232718052439044,11.121624492358084,-2.2964688948811003,0.0,0.0,0.0
2819,2819,5.126955658489499,-16.703291434038825,-7.464206652064624,0.0,0.0,0.0,-15.97166580869186,-3.9870559264188157,-9.487321873655915,0.0,0.0,0.0
2820,2820,12.756938871857015,-13.179923671734976,-4.954808031217909,0.0,0.0,0.0,7.463479057756246,-3.8451313594670653,17.044396298553814,0.0,0.0,0.0
2821,2821,6.656954537126393,-12.575545505297182,-12.59129109877578,0.0,0.0,0.0,3.8557542051550056,11.444984398492371,-14.667838682879411,0.0,0.0,0.0
2822,2822,6.935998185544337,-17.424352357278302,-3.046945043615603,0.0,0.0,0.0,-14.491628675200793,-10.840386908774134,5.7860789838589675,0.0,0.0,0.0
2823,2823,13.424421672185137,-9.971687601551007,-9.019442839982847,0.0,0.0,0.0,15.915298934362362,7.1311018191775375,7.539936781809583,0.0,0.0,0.0
2824,2824,2.6074717794223607,-15.715662754282516,-10.354662481821958,0.0,0.0,0.0,-10.820427040584464,3.3040196320429334,-15.264396906846379,0.0,0.0,0.0
2825,2825,11.929076794059972,-14.732367674938631,-1.2862618439187223,0.0,0.0,0.0,-2.0347116323286407,-8.61082485630062,16.814090634543987,0.0,0.0,0.0
2826,2826,9.240023652344501,-9.440681541995282,-13.656335340274188,0.0,0.0,0.0,11.477074232709384,13.171198487687949,-7.469691924978086,0.0,0.0,0.0
2827,2827,2.8706713123447223,-18.282581213147516,-4.301914736535882,0.0,0.0,0.0,-17.456765734650176,-6.633072381242183,-3.501953864633802,0.0,0.0,0.0
2828,2828,15.348007308842838,-10.038026915738175,-4.9675635160409115,0.0,0.0,0.0,11.444644138152993,1.1980166384142374,15.119023668359045,0.0,0.0,0.0
2829,2829,2.8633464237053063,-12.687140649868503,-13.850549064480665,0.0,0.0,0.0,-2.499075474813587,9.830868007104607,-16.065760361630886,0.0,0.0,0.0
2830,2830,8.2639181500929,-17.095735894006232,0.6659362208425893,0.0,0.0,0.0,-11.052899015696395,-10.31055912269896,11.511984795222101,0.0,0.0,0.0
2831,2831,13.135956830950539,-7.1304313233174,-11.730455544357001,0.0,0.0,0.0,15.225062816433864,11.146366576994348,2.226201780204198,0.0,0.0,0.0
2832,2832,-0.27582511774429797,-17.1790830742875,-8.111906386936923,0.0,0.0,0.0,-15.198454898787102,0.034895783750353036,-11.402006445055573,0.0,0.0,0.0
2833,2833,14.65900984033502,-12.08543194789822,-0.2361464227128425,0.0,0.0,0.0,3.1518603871591386,-4.611807776647208,18.16031401519234,0.0,0.0,0.0
2834,2834,5.949939188244763,-8.777844373789476,-15.765394755761736,0.0,0.0,0.0,6.233304746698571,13.719246468822316,-11.572734692447137,0.0,0.0,0.0
2835,2835,3.1463760204433653,-18.734454552119136,-0.347175131366785,0.0,0.0,0.0,-16.86013178408505,-8.2493878480061,2.946787463617362,0.0,0.0,0.0
2836,2836,16.271079126287216,-6.761393589653525,-7.108835403297134,0.0,0.0,0.0,13.836344669696459,6.219571790327074,11.43995161377914,0.0,0.0,0.0
2837,2837,-0.8411377747167914,-13.98951848838297,-12.829102061579114,0.0,0.0,0.0,-8.58467296497677,7.220171001673134,-15.335335692128599,0.0,0.0,0.0
2838,2838,10.981377929372908,-15.197585992219931,3.0729007111587685,0.0,0.0,0.0,-6.424521242709395,-8.286725916429997,15.84473730887392,0.0,0.0,0.0
2839,2839,10.77125001346568,-5.440568613478894,-14.675843631925282,0.0,0.0,0.0,12.508330906446357,13.94954349028823,-3.154662318961283,0.0,0.0,0.0
2840,2840,-1.458702043629517,-18.447742609671348,-4.30731714115704,0.0,0.0,0.0,-17.770467300552802,-2.9353196232410443,-6.049329766897955,0.0,0.0,0.0
2841,2841,16.880715834250786,-8.632182835352754,-1.2356586986680984,0.0,0.0,0.0,7.693670468315137,0.15581581897346222,17.371907096079326,0.0,0.0,0.0
2842,2842,1.7796247601589936,-9.479087861443682,-16.37008946302182,0.0,0.0,0.0,0.13901149763518034,12.833428666507693,-14.010131493475058,0.0,0.0,0.0
2843,2843,5.201719842699392,-17.960472663939377,3.3709838868247237,0.0,0.0,0.0,-14.363438997049153,-8.51479959422938,9.065859476488521,0.0,0.0,0.0
2844,2844,15.42670176087824,-3.9695100319899987,-10.356633762286128,0.0,0.0,0.0,14.270243766447809,10.676796870076119,6.585298128450086,0.0,0.0,0.0
2845,2845,-3.6679010476368363,-15.768186201810275,-9.945391184315607,0.0,0.0,0.0,-13.674673292970702,4.094796098765171,-12.539376190198992,0.0,0.0,0.0
2846,2846,14.12658592340821,-12.122143695556485,3.806993876029119,0.0,0.0,0.0,-1.3129375141338229,-4.939482214720757,18.299664219152096,0.0,0.0,0.0
2847,2847,6.913053453967089,-5.0274605752595045,-16.968627879297816,0.0,0.0,0.0,8.084405540540864,15.311541231038545,-7.822984864203486,0.0,0.0,0.0
2848,2848,-0.8471870422722144,-18.980305400275945,0.17401444462983937,0.0,0.0,0.0,-18.30304925280929,-5.097340265171914,0.12454023274589329,0.0,0.0,0.0
2849,2849,17.910545118327597,-5.0131210822437815,-3.8834251091520353,0.0,0.0,0.0,10.926499270539015,5.167573035679712,14.659734056629553,0.0,0.0,0.0
2850,2850,-2.3928238407937727,-11.154342681835464,-15.193914354187685,0.0,0.0,0.0,-6.056473932777347,10.780807186128825,-14.425440025052255,0.0,0.0,0.0
2851,2851,8.44091825762726,-15.901915200636047,6.072889914950945,0.0,0.0,0.0,-10.411618476047716,-7.300472107497102,14.117411509060599,0.0,0.0,0.0
2852,2852,12.822304076191283,-2.1229386603556906,-13.85935242431383,0.0,0.0,0.0,12.656037894567383,14.112386708219182,1.2904441902813595,0.0,0.0,0.0
2853,2853,-5.050558418559703,-17.416215992115333,-5.671620595207313,0.0,0.0,0.0,-17.191132756068797,1.0024917063343102,-8.02869634132637,0.0,0.0,0.0
2854,2854,16.872763080182185,-8.300030239751274,2.7238509611455344,0.0,0.0,0.0,3.5171735709917176,-0.6223195538045215,18.661248844698147,0.0,0.0,0.0
2855,2855,2.2096535551993637,-5.857472521663002,-17.938992358079528,0.0,0.0,0.0,2.507196137626734,15.208215926102083,-11.109641572607215,0.0,0.0,0.0
2856,2856,1.4227267256151797,-18.404996647527593,4.497993671404653,0.0,0.0,0.0,-16.851902271313378,-6.062452615557284,6.345081411731735,0.0,0.0,0.0
2857,2857,17.312159538286675,-1.803715731520263,-7.6181193007233725,0.0,0.0,0.0,12.379620632731347,9.872602029963371,10.501272406089335,0.0,0.0,0.0
2858,2858,-5.795932265605652,-13.326847831594913,-12.239374822485965,0.0,0.0,0.0,-11.601245756696413,7.988060309962646,-12.751548508961998,0.0,0.0,0.0
2859,2859,12.162685715002938,-12.691613751398137,7.210548979284671,0.0,0.0,0.0,-5.646863075424225,-4.687511120756248,17.52541517053091,0.0,0.0,0.0
2860,2860,8.727376783878709,-1.4960868887620171,-16.810550808726266,0.0,0.0,0.0,9.192916173656068,16.22029415805219,-3.6595559361306034,0.0,0.0,0.0
2861,2861,-4.693743060264196,-18.39954376126343,-0.6523537850367046,0.0,0.0,0.0,-18.78751854765506,-1.5230537571283738,-2.389446394814517,0.0,0.0,0.0
2862,2862,18.51949237103004,-4.24591622390317,-0.024448685731207866,0.0,0.0,0.0,7.354339592090929,4.180861372119625,17.012762484399754,0.0,0.0,0.0
2863,2863,-2.5995712313324817,-7.700579914589104,-17.17391331035339,0.0,0.0,0.0,-3.516803717630022,13.822575690948305,-12.552628923016355,0.0,0.0,0.0
2864,2864,4.9543120778192815,-16.551666431671528,7.905512644321669,0.0,0.0,0.0,-13.751857774016027,-5.618291010141487,11.8457255534592,0.0,0.0,0.0
2865,2865,14.938526321658593,0.5173075246375866,-11.729144225447342,0.0,0.0,0.0,11.843071157110804,13.774051183124012,5.5693069202162135,0.0,0.0,0.0
2866,2866,-7.819478945511404,-15.458683395625032,-7.802874899279667,0.0,0.0,0.0,-15.850444849001658,4.978208963113135,-9.21850495512232,0.0,0.0,0.0
2867,2867,15.611665045858238,-8.64911203459915,6.516807155974323,0.0,0.0,0.0,-0.8135748950635473,-0.953690587733964,18.958601481972977,0.0,0.0,0.0
2868,2868,3.652297858675011,-2.150795737251902,-18.521198612601047,0.0,0.0,0.0,4.3384579161490215,16.889378098753298,-7.544977822792744,0.0,0.0,0.0
2869,2869,-2.601575130770401,-18.309279157495226,4.359140233021398,0.0,0.0,0.0,-18.39774715336447,-3.040138862154892,3.644235911540729,0.0,0.0,0.0
2870,2870,18.565471520374814,-0.5031065009693538,-4.008759293610933,0.0,0.0,0.0,9.644045492956002,8.927496300324565,13.721960367847016,0.0,0.0,0.0
2871,2871,-6.768759363149561,-10.159625742065032,-14.559048782946727,0.0,0.0,0.0,-9.233117059294761,11.516489613128595,-11.963277826722043,0.0,0.0,0.0
2872,2872,9.142526141435473,-13.467400695824256,9.800170113347997,0.0,0.0,0.0,-9.565764067069027,-3.7587243880459313,15.980242450825262,0.0,0.0,0.0
2873,2873,10.942705189422599,1.6241407083740724,-15.447309477577765,0.0,0.0,0.0,9.396611710473271,16.50165469657234,0.6317282936251014,0.0,0.0,0.0
2874,2874,-8.087295636890778,-17.020392010173143,-2.4293836874482473,0.0,0.0,0.0,-18.36030193633527,2.2930274326904483,-4.317561580198989,0.0,0.0,0.0
2875,2875,18.07801431348395,-4.2339774356275015,4.032224392980202,0.0,0.0,0.0,3.351946863173535,3.468844653124012,18.377474500002226,0.0,0.0,0.0
2876,2876,-1.7262761749354678,-3.9341232086765383,-18.50790763825238,0.0,0.0,0.0,-1.260649052116129,16.218397852757867,-9.817043091294638,0.0,0.0,0.0
2877,2877,0.9313201538561947,-16.913584634047652,8.606003578735386,0.0,0.0,0.0,-16.2439583835753,-3.263586714408762,9.299613851633108,0.0,0.0,0.0
2878,2878,16.772077834891522,2.432109791796111,-8.58965930990676,0.0,0.0,0.0,10.06958202498874,13.096943544366123,9.384752934253948,0.0,0.0,0.0
2879,2879,-9.650005147145515,-12.730334100238666,-10.286690155518615,0.0,0.0,0.0,-13.951254853077598,8.77591229686756,-9.452293445584807,0.0,0.0,0.0
2880,2880,13.265052864978756,-9.404225829255012,9.828474400484025,0.0,0.0,0.0,-4.999548960628424,-0.6833738880722702,18.317682995364294,0.0,0.0,0.0
2881,2881,5.748509104283512,1.386722905792954,-18.056346326424862,0.0,0.0,0.0,5.395982238677197,17.8658380028327,-3.563033558036909,0.0,0.0,0.0
2882,2882,-6.50609060572142,-17.567253024274162,3.172129601789913,0.0,0.0,0.0,-18.95278649968931,0.41242116478552276,1.2734962423617562,0.0,0.0,0.0
2883,2883,18.99976019899302,0.024230089763304295,0.09233245793769534,0.0,0.0,0.0,6.231018156813303,8.058842163469098,16.038375095783035,0.0,0.0,0.0
2884,2884,-6.668104154257364,-6.505248711477101,-16.55953278897322,0.0,0.0,0.0,-6.866107609930991,14.500040239125218,-10.178673752109122,0.0,0.0,0.0
2885,2885,5.368929024474974,-14.18843949267099,11.439527345666093,0.0,0.0,0.0,-12.801714294950909,-2.1064071626399534,13.880891901275891,0.0,0.0,0.0
2886,2886,13.194025180500036,4.183221054334359,-13.01608086738027,0.0,0.0,0.0,8.598086796488312,16.268177080345883,4.734904214642602,0.0,0.0,0.0
2887,2887,-10.788263298820937,-14.878223703586356,-4.822015597302877,0.0,0.0,0.0,-17.147738155730863,6.137513686683403,-5.411654265337338,0.0,0.0,0.0
2888,2888,16.59212612629179,-4.778291441236815,7.929015166532749,0.0,0.0,0.0,-0.7957217511480045,3.233289281323409,18.705952724127876,0.0,0.0,0.0
2889,2889,-0.016849480339308668,-0.11245694080262877,-18.999659721446477,0.0,0.0,0.0,0.4182916756355221,17.88538681866187,-6.398278707606299,0.0,0.0,0.0
2890,2890,-3.2759409726690563,-16.80514253095344,8.237438634503203,0.0,0.0,0.0,-17.74132331413529,-0.317478856322412,6.7929856645208595,0.0,0.0,0.0
2891,2891,18.04589904075905,3.606619630402897,-4.7262905805295174,0.0,0.0,0.0,7.4153105832047315,12.284733376320473,12.453854617210197,0.0,0.0,0.0
2892,2892,-10.481862104424527,-9.38885584042632,-12.766360202923911,0.0,0.0,0.0,-11.759605488342398,12.176209288069888,-8.628534413847222,0.0,0.0,0.0
2893,2893,10.01709946971195,-10.319449449827587,12.4163876093503,0.0,0.0,0.0,-8.727572147918421,0.30755252829385826,16.874089481939368,0.0,0.0,0.0
2894,2894,8.168834604737386,4.54963691033033,-16.53998020506321,0.0,0.0,0.0,5.484984767413576,18.18326259711588,0.5328258860505908,0.0,0.0,0.0
2895,2895,-9.98911471541446,-16.11987726371452,1.1692494192206861,0.0,0.0,0.0,-18.545151781581914,4.1073589967117545,-0.4549147936681688,0.0,0.0,0.0
2896,2896,18.49733922457039,-0.10580811424839912,4.340189656386787,0.0,0.0,0.0,2.3792176578291926,7.498815514976051,17.294712752986275,0.0,0.0,0.0
2897,2897,-5.6189086618706625,-2.5918325484024063,-17.964138428821872,0.0,0.0,0.0,-4.8255516925988875,16.784626966795795,-7.482669874239105,0.0,0.0,0.0
2898,2898,1.1411215907299441,-14.634681426115622,12.063330430298027,0.0,0.0,0.0,-15.113821491625817,0.2629585175061161,11.51100572220423,0.0,0.0,0.0
2899,2899,15.166077865991847,6.0837589573568245,-9.69422297611989,0.0,0.0,0.0,6.769337650367536,15.685488195448821,8.315138474194532,0.0,0.0,0.0
2900,2900,-12.630054902282055,-12.047553910961343,-7.505874894181163,0.0,0.0,0.0,-15.352258205397355,9.771115715830108,-5.4620019829679105,0.0,0.0,0.0
2901,2901,14.129082542668502,-5.6734735150549,11.365769871667679,0.0,0.0,0.0,-4.759645590080622,3.6617455382135695,18.026019900950878,0.0,0.0,0.0
2902,2902,2.2655649574668884,3.5371059718175157,-18.529870392609574,0.0,0.0,0.0,1.236316768315083,18.78743025105207,-2.5502912401360263,0.0,0.0,0.0
2903,2903,-7.348406149451802,-16.096301705227503,6.921704882199696,0.0,0.0,0.0,-18.155834563893006,3.08350490598213,4.675218581265501,0.0,0.0,0.0
2904,2904,18.552734650740177,4.075085106199334,-0.43556670641257944,0.0,0.0,0.0,4.037038680515175,11.577189649316848,14.514509930240607,0.0,0.0,0.0
2905,2905,-10.327018989707993,-5.613042780106127,-14.928041717994596,0.0,0.0,0.0,-9.598372608467475,14.960748297289642,-6.711725087743415,0.0,0.0,0.0
2906,2906,6.090404525176691,-11.16675512700552,14.114196847588644,0.0,0.0,0.0,-11.675874734931707,2.100835854512238,14.841173736799165,0.0,0.0,0.0
2907,2907,10.59904959718431,7.180886149243114,-14.039053449122328,0.0,0.0,0.0,4.4538903384249044,17.941701833767382,4.388416133498679,0.0,0.0,0.0
2908,2908,-12.810763778871337,-13.962854548645064,-1.3867315005501253,0.0,0.0,0.0,-17.27591358678268,7.812245948484727,-1.2294807772712975,0.0,0.0,0.0
2909,2909,17.018036350010114,-0.7439694585980996,8.416231236942446,0.0,0.0,0.0,-1.6061572605196346,7.49271828363424,17.386185078269794,0.0,0.0,0.0
2910,2910,-3.799972694950525,1.357755022268257,-18.566548112571,0.0,0.0,0.0,-3.4647423499294594,18.240266329566087,-4.035869754387637,0.0,0.0,0.0
2911,2911,-3.2392025569200977,-14.627592866618116,11.685079962198936,0.0,0.0,0.0,-16.284487070570933,3.2938706999428904,9.217694758438464,0.0,0.0,0.0
2912,2912,16.59420831007899,7.285168355694858,-5.7060119689819855,0.0,0.0,0.0,3.9447651575267724,14.969306393443427,11.016292205204733,0.0,0.0,0.0
2913,2913,-13.524159936734076,-8.6459478356345,-10.165858745251285,0.0,0.0,0.0,-13.247591406180915,12.926985651200505,-4.288865107206779,0.0,0.0,0.0
2914,2914,10.821710527833897,-6.707081029182401,14.103391270153022,0.0,0.0,0.0,-8.163955119676604,4.93447328328375,16.431701379338143,0.0,0.0,0.0
2915,2915,4.838621129706118,6.820031485203215,-17.060917797799632,0.0,0.0,0.0,0.9082619535209312,18.926445352522403,1.40168703391572,0.0,0.0,0.0
2916,2916,-11.004326508881404,-14.712924356217219,4.840935340761963,0.0,0.0,0.0,-17.442993654895634,6.751880845118749,3.3397720592679967,0.0,0.0,0.0
2917,2917,18.16012949228328,3.921984629344442,3.978408399092144,0.0,0.0,0.0,0.16004152945564812,11.255122613918207,15.306750198974127,0.0,0.0,0.0
2918,2918,-9.27115804908323,-1.60022549915491,-16.507116852438273,0.0,0.0,0.0,-7.853621077159607,16.8977458800452,-3.7130607521407084,0.0,0.0,0.0
2919,2919,1.741984566409973,-11.740989656191962,14.836261377545922,0.0,0.0,0.0,-13.491673128864647,4.758591021561988,12.503222291579847,0.0,0.0,0.0
2920,2920,12.747785731460482,9.175950364834105,-10.690925771239426,0.0,0.0,0.0,2.1651975809114035,17.28568889225766,7.583988327718706,0.0,0.0,0.0
2921,2921,-14.799557997069646,-11.14687589484266,-4.209541646738462,0.0,0.0,0.0,-15.300101301128333,11.243192993986689,-0.7053449329637415,0.0,0.0,0.0
2922,2922,14.60016012948025,-1.7121543317825176,12.037601577431092,0.0,0.0,0.0,-5.346529721149453,8.323846734300878,16.221226694797533,0.0,0.0,0.0
2923,2923,-1.4378232618841131,5.133002112448897,-18.23691184330445,0.0,0.0,0.0,-3.2017232951383545,18.72820987802977,-0.05588116958828113,0.0,0.0,0.0
2924,2924,-7.478286849154565,-14.035825615952005,10.395711860167415,0.0,0.0,0.0,-16.066223900070487,6.904533625123132,7.429930350388614,0.0,0.0,0.0
2925,2925,17.273293046313544,7.804319113751991,-1.3137543553418196,0.0,0.0,0.0,0.17958789732564334,14.39028048122381,12.405143121226823,0.0,0.0,0.0
2926,2926,-13.462180557466601,-4.828726932672605,-12.508120995862189,0.0,0.0,0.0,-11.178226485199755,15.272574106141853,-1.6720445021775519,0.0,0.0,0.0
2927,2927,6.861713226397864,-7.6683443887199605,15.97226927940866,0.0,0.0,0.0,-10.532084336147499,7.282936044005051,14.036881495349547,0.0,0.0,0.0
2928,2928,7.413108765811247,9.5820338070404,-14.63661321980824,0.0,0.0,0.0,-0.9450058298399123,18.292945596835626,5.047286931813814,0.0,0.0,0.0
2929,2929,-14.010706358634785,-12.638663846970669,2.228067210535915,0.0,0.0,0.0,-15.514920585546355,10.456432842448473,3.3091164130070947,0.0,0.0,0.0
2930,2930,16.814499867965626,3.2768976713462084,8.217939878156068,0.0,0.0,0.0,-3.9484946028018126,11.69353629226395,14.445435242748099,0.0,0.0,0.0
2931,2931,-7.467662708811009,2.443463994762332,-17.29923401116395,0.0,0.0,0.0,-7.044730838195822,17.64083346562274,0.41564655034712805,0.0,0.0,0.0
2932,2932,-2.7500710462445515,-11.869102220956243,14.579489761592376,0.0,0.0,0.0,-13.634236277722302,8.427037740860342,10.202579871612599,0.0,0.0,0.0
2933,2933,14.360259952513836,10.486481016228105,-6.694523880888985,0.0,0.0,0.0,-1.6827123503559285,16.360453040558713,9.513361942705147,0.0,0.0,0.0
2934,2934,-15.859056807451848,-7.77341338712161,-7.004595740669959,0.0,0.0,0.0,-12.728842776821166,14.000070481944174,1.7246994123153592,0.0,0.0,0.0
2935,2935,11.356132611750613,-2.813506538847769,14.970719189787545,0.0,0.0,0.0,-8.316789010243541,10.487987319012573,13.484551996807372,0.0,0.0,0.0
2936,2936,1.2067165471015853,8.546489058337501,-16.926351052425524,0.0,0.0,0.0,-4.785998445521546,17.881367704402713,4.2837959683774685,0.0,0.0,0.0
2937,2937,-11.305875003578619,-12.780822216689907,8.356301446698765,0.0,0.0,0.0,-13.806796305334691,11.133179332660642,6.8135668874013575,0.0,0.0,0.0
2938,2938,17.067121827717806,7.712823908564412,3.1977648244662196,0.0,0.0,0.0,-4.74484746976495,14.326345949821395,11.543060002182228,0.0,0.0,0.0
2939,2939,-12.513803997017664,-0.7791448118731253,-14.27577118356952,0.0,0.0,0.0,-9.572964005359582,16.095296302677667,3.2093296933126627,0.0,0.0,0.0
2940,2940,2.48700363662357,-8.360031183977517,16.879712423901736,0.0,0.0,0.0,-10.807657454246785,11.501817416715209,10.578408975998641,0.0,0.0,0.0
2941,2941,9.709750949323574,11.716681249630485,-11.377175264359133,0.0,0.0,0.0,-5.705361633357694,16.37888931306707,7.75763066291412,0.0,0.0,0.0
2942,2942,-16.195353156511356,-9.914146847178756,-0.6482502817054715,0.0,0.0,0.0,-11.219589171168302,14.02553997654874,6.197180584404021,0.0,0.0,0.0
2943,2943,14.541901683996594,2.305515172990784,12.009067207712858,0.0,0.0,0.0,-8.468713556031817,14.1139225127101,9.490947371594471,0.0,0.0,0.0
2944,2944,-5.1264657454344125,6.3156283330428185,-17.170678138007027,0.0,0.0,0.0,7.768869293236096,-14.754727448435416,-9.107287621804732,0.0,0.0,0.0
2945,2945,-7.103959422227083,-11.419620239543303,13.421104057090162,0.0,0.0,0.0,9.560258931222776,-15.544888014793273,-5.287523595672138,0.0,0.0,0.0
2946,2946,15.232718052439044,11.121624492358084,-2.2964688948811003,0.0,0.0,0.0,10.417074143584076,-12.06466000123359,-10.34062596465922,0.0,0.0,0.0
2947,2947,-15.97166580869186,-3.9870559264188157,-9.487321873655915,0.0,0.0,0.0,5.126955658489499,-16.703291434038825,-7.464206652064624,0.0,0.0,0.0
2948,2948,7.463479057756246,-3.8451313594670653,17.044396298553814,0.0,0.0,0.0,12.756938871857015,-13.179923671734976,-4.954808031217909,0.0,0.0,0.0
2949,2949,3.8557542051550056,11.444984398492371,-14.667838682879411,0.0,0.0,0.0,6.656954537126393,-12.575545505297182,-12.59129109877578,0.0,0.0,0.0
2950,2950,-14.491628675200793,-10.840386908774134,5.7860789838589675,0.0,0.0,0.0,6.935998185544337,-17.424352357278302,-3.046945043615603,0.0,0.0,0.0
2951,2951,15.915298934362362,7.1311018191775375,7.539936781809583,0.0,0.0,0.0,13.424421672185137,-9.971687601551007,-9.019442839982847,0.0,0.0,0.0
2952,2952,-10.820427040584464,3.3040196320429334,-15.264396906846379,0.0,0.0,0.0,2.6074717794223607,-15.715662754282516,-10.354662481821958,0.0,0.0,0.0
2953,2953,-2.0347116323286407,-8.61082485630062,16.814090634543987,0.0,0.0,0.0,11.929076794059972,-14.732367674938631,-1.2862618439187223,0.0,0.0,0.0
2954,2954,11.477074232709384,13.171198487687949,-7.469691924978086,0.0,0.0,0.0,9.240023652344501,-9.440681541995282,-13.656335340274188,0.0,0.0,0.0
2955,2955,-17.456765734650176,-6.633072381242183,-3.501953864633802,0.0,0.0,0.0,2.8706713123447223,-18.282581213147516,-4.301914736535882,0.0,0.0,0.0
2956,2956,11.444644138152993,1.1980166384142374,15.119023668359045,0.0,0.0,0.0,15.348007308842838,-10.038026915738175,-4.9675635160409115,0.0,0.0,0.0
2957,2957,-2.499075474813587,9.830868007104607,-16.065760361630886,0.0,0.0,0.0,2.8633464237053063,-12.687140649868503,-13.850549064480665,0.0,0.0,0.0
2958,2958,-11.052899015696395,-10.31055912269896,11.511984795222101,0.0,0.0,0.0,8.2639181500929,-17.095735894006232,0.6659362208425893,0.0,0.0,0.0
2959,2959,15.225062816433864,11.146366576994348,2.226201780204198,0.0,0.0,0.0,13.135956830950539,-7.1304313233174,-11.730455544357001,0.0,0.0,0.0
2960,2960,-15.198454898787102,0.034895783750353036,-11.402006445055573,0.0,0.0,0.0,-0.27582511774429797,-17.1790830742875,-8.111906386936923,0.0,0.0,0.0
2961,2961,3.1518603871591386,-4.611807776647208,18.16031401519234,0.0,0.0,0.0,14.65900984033502,-12.08543194789822,-0.2361464227128425,0.0,0.0,0.0
2962,2962,6.233304746698571,13.719246468822316,-11.572734692447137,0.0,0.0,0.0,5.949939188244763,-8.777844373789476,-15.765394755761736,0.0,0.0,0.0
2963,2963,-16.86013178408505,-8.2493878480061,2.946787463617362,0.0,0.0,0.0,3.1463760204433653,-18.734454552119136,-0.347175131366785,0.0,0.0,0.0
2964,2964,13.836344669696459,6.219571790327074,11.43995161377914,0.0,0.0,0.0,16.271079126287216,-6.761393589653525,-7.108835403297134,0.0,0.0,0.0
2965,2965,-8.58467296497677,7.220171001673134,-15.335335692128599,0.0,0.0,0.0,-0.8411377747167914,-13.98951848838297,-12.829102061579114,0.0,0.0,0.0
2966,2966,-6.424521242709395,-8.286725916429997,15.84473730887392,0.0,0.0,0.0,10.981377929372908,-15.197585992219931,3.0729007111587685,0.0,0.0,0.0
2967,2967,12.508330906446357,13.94954349028823,-3.154662318961283,0.0,0.0,0.0,10.77125001346568,-5.440568613478894,-14.675843631925282,0.0,0.0,0.0
2968,2968,-17.770467300552802,-2.9353196232410443,-6.049329766897955,0.0,0.0,0.0,-1.458702043629517,-18.447742609671348,-4.30731714115704,0.0,0.0,0.0
2969,2969,7.693670468315137,0.15581581897346222,17.371907096079326,0.0,0.0,0.0,16.880715834250786,-8.632182835352754,-1.2356586986680984,0.0,0.0,0.0
2970,2970,0.13901149763518034,12.833428666507693,-14.010131493475058,0.0,0.0,0.0,1.7796247601589936,-9.479087861443682,-16.37008946302182,0.0,0.0,0.0
2971,2971,-14.363438997049153,-8.51479959422938,9.065859476488521,0.0,0.0,0.0,5.201719842699392,-17.960472663939377,3.3709838868247237,0.0,0.0,0.0
2972,2972,14.270243766447809,10.676796870076119,6.585298128450086,0.0,0.0,0.0,15.42670176087824,-3.9695100319899987,-10.356633762286128,0.0,0.0,0.0
2973,2973,-13.674673292970702,4.094796098765171,-12.539376190198992,0.0,0.0,0.0,-3.6679010476368363,-15.768186201810275,-9.945391184315607,0.0,0.0,0.0
2974,2974,-1.3129375141338229,-4.939482214720757,18.299664219152096,0.0,0.0,0.0,14.12658592340821,-12.122143695556485,3.806993876029119,0.0,0.0,0.0
2975,2975,8.084405540540864,15.311541231038545,-7.822984864203486,0.0,0.0,0.0,6.913053453967089,-5.0274605752595045,-16.968627879297816,0.0,0.0,0.0
2976,2976,-18.30304925280929,-5.097340265171914,0.12454023274589329,0.0,0.0,0.0,-0.8471870422722144,-18.980305400275945,0.17401444462983937,0.0,0.0,0.0
2977,2977,10.926499270539015,5.167573035679712,14.659734056629553,0.0,0.0,0.0,17.910545118327597,-5.0131210822437815,-3.8834251091520353,0.0,0.0,0.0
2978,2978,-6.056473932777347,10.780807186128825,-14.425440025052255,0.0,0.0,0.0,-2.3928238407937727,-11.154342681835464,-15.193914354187685,0.0,0.0,0.0
2979,2979,-10.411618476047716,-7.300472107497102,14.117411509060599,0.0,0.0,0.0,8.44091825762726,-15.901915200636047,6.072889914950945,0.0,0.0,0.0
2980,2980,12.656037894567383,14.112386708219182,1.2904441902813595,0.0,0.0,0.0,12.822304076191283,-2.1229386603556906,-13.85935242431383,0.0,0.0,0.0
2981,2981,-17.191132756068797,1.0024917063343102,-8.02869634132637,0.0,0.0,0.0,-5.050558418559703,-17.416215992115333,-5.671620595207313,0.0,0.0,0.0
2982,2982,3.5171735709917176,-0.6223195538045215,18.661248844698147,0.0,0.0,0.0,16.872763080182185,-8.300030239751274,2.7238509611455344,0.0,0.0,0.0
2983,2983,2.507196137626734,15.208215926102083,-11.109641572607215,0.0,0.0,0.0,2.2096535551993637,-5.857472521663002,-17.938992358079528,0.0,0.0,0.0
2984,2984,-16.851902271313378,-6.062452615557284,6.345081411731735,0.0,0.0,0.0,1.4227267256151797,-18.404996647527593,4.497993671404653,0.0,0.0,0.0
2985,2985,12.379620632731347,9.872602029963371,10.501272406089335,0.0,0.0,0.0,17.312159538286675,-1.803715731520263,-7.6181193007233725,0.0,0.0,0.0
2986,2986,-11.601245756696413,7.988060309962646,-12.751548508961998,0.0,0.0,0.0,-5.795932265605652,-13.326847831594913,-12.239374822485965,0.0,0.0,0.0
2987,2987,-5.646863075424225,-4.687511120756248,17.52541517053091,0.0,0.0,0.0,12.162685715002938,-12.691613751398137,7.210548979284671,0.0,0.0,0.0
2988,2988,9.192916173656068,16.22029415805219,-3.6595559361306034,0.0,0.0,0.0,8.727376783878709,-1.4960868887620171,-16.810550808726266,0.0,0.0,0.0
2989,2989,-18.78751854765506,-1.5230537571283738,-2.389446394814517,0.0,0.0,0.0,-4.693743060264196,-18.39954376126343,-0.6523537850367046,0.0,0.0,0.0
2990,2990,7.354339592090929,4.180861372119625,17.012762484399754,0.0,0.0,0.0,18.51949237103004,-4.24591622390317,-0.024448685731207866,0.0,0.0,0.0
2991,2991,-3.516803717630022,13.822575690948305,-12.552628923016355,0.0,0.0,0.0,-2.5995712313324817,-7.700579914589104,-17.17391331035339,0.0,0.0,0.0
2992,2992,-13.751857774016027,-5.618291010141487,11.8457255534592,0.0,0.0,0.0,4.9543120778192815,-16.551666431671528,7.905512644321669,0.0,0.0,0.0
2993,2993,11.843071157110804,13.774051183124012,5.5693069202162135,0.0,0.0,0.0,14.938526321658593,0.5173075246375866,-11.729144225447342,0.0,0.0,0.0
2994,2994,-15.850444849001658,4.978208963113135,-9.21850495512232,0.0,0.0,0.0,-7.819478945511404,-15.458683395625032,-7.802874899279667,0.0,0.0,0.0
2995,2995,-0.8135748950635473,-0.953690587733964,18.958601481972977,0.0,0.0,0.0,15.611665045858238,-8.64911203459915,6.516807155974323,0.0,0.0,0.0
2996,2996,4.3384579161490215,16.889378098753298,-7.544977822792744,0.0,0.0,0.0,3.652297858675011,-2.150795737251902,-18.521198612601047,0.0,0.0,0.0
2997,2997,-18.39774715336447,-3.040138862154892,3.644235911540729,0.0,0.0,0.0,-2.601575130770401,-18.309279157495226,4.359140233021398,0.0,0.0,0.0
2998,2998,9.644045492956002,8.927496300324565,13.721960367847016,0.0,0.0,0.0,18.565471520374814,-0.5031065009693538,-4.008759293610933,0.0,0.0,0.0
2999,2999,-9.233117059294761,11.516489613128595,-11.963277826722043,0.0,0.0,0.0,-6.768759363149561,-10.159625742065032,-14.559048782946727,0.0,0.0,0.0
3000,3000,-9.565764067069027,-3.7587243880459313,15.980242450825262,0.0,0.0,0.0,9.142526141435473,-13.467400695824256,9.800170113347997,0.0,0.0,0.0
3001,3001,9.396611710473271,16.50165469657234,0.6317282936251014,0.0,0.0,0.0,10.942705189422599,1.6241407083740724,-15.447309477577765,0.0,0.0,0.0
3002,3002,-18.36030193633527,2.2930274326904483,-4.317561580198989,0.0,0.0,0.0,-8.087295636890778,-17.020392010173143,-2.4293836874482473,0.0,0.0,0.0
3003,3003,3.351946863173535,3.468844653124012,18.377474500002226,0.0,0.0,0.0,18.07801431348395,-4.2339774356275015,4.032224392980202,0.0,0.0,0.0
3004,3004,-1.260649052116129,16.218397852757867,-9.817043091294638,0.0,0.0,0.0,-1.7262761749354678,-3.9341232086765383,-18.50790763825238,0.0,0.0,0.0
3005,3005,-16.2439583835753,-3.263586714408762,9.299613851633108,0.0,0.0,0.0,0.9313201538561947,-16.913584634047652,8.606003578735386,0.0,0.0,0.0
3006,3006,10.06958202498874,13.096943544366123,9.384752934253948,0.0,0.0,0.0,16.772077834891522,2.432109791796111,-8.58965930990676,0.0,0.0,0.0
3007,3007,-13.951254853077598,8.77591229686756,-9.452293445584807,0.0,0.0,0.0,-9.650005147145515,-12.730334100238666,-10.286690155518615,0.0,0.0,0.0
3008,3008,-4.999548960628424,-0.6833738880722702,18.317682995364294,0.0,0.0,0.0,13.265052864978756,-9.404225829255012,9.828474400484025,0.0,0.0,0.0
3009,3009,5.395982238677197,17.8658380028327,-3.563033558036909,0.0,0.0,0.0,5.748509104283512,1.386722905792954,-18.056346326424862,0.0,0.0,0.0
3010,3010,-18.95278649968931,0.41242116478552276,1.2734962423617562,0.0,0.0,0.0,-6.50609060572142,-17.567253024274162,3.172129601789913,0.0,0.0,0.0
3011,3011,6.231018156813303,8.058842163469098,16.038375095783035,0.0,0.0,0.0,18.99976019899302,0.024230089763304295,0.09233245793769534,0.0,0.0,0.0
3012,3012,-6.866107609930991,14.500040239125218,-10.178673752109122,0.0,0.0,0.0,-6.668104154257364,-6.505248711477101,-16.55953278897322,0.0,0.0,0.0
3013,3013,-12.801714294950909,-2.1064071626399534,13.880891901275891,0.0,0.0,0.0,5.368929024474974,-14.18843949267099,11.439527345666093,0.0,0.0,0.0
3014,3014,8.598086796488312,16.268177080345883,4.734904214642602,0.0,0.0,0.0,13.194025180500036,4.183221054334359,-13.01608086738027,0.0,0.0,0.0
3015,3015,-17.147738155730863,6.137513686683403,-5.411654265337338,0.0,0.0,0.0,-10.788263298820937,-14.878223703586356,-4.822015597302877,0.0,0.0,0.0
3016,3016,-0.7957217511480045,3.233289281323409,18.705952724127876,0.0,0.0,0.0,16.59212612629179,-4.778291441236815,7.929015166532749,0.0,0.0,0.0
3017,3017,0.4182916756355221,17.88538681866187,-6.398278707606299,0.0,0.0,0.0,-0.016849480339308668,-0.11245694080262877,-18.999659721446477,0.0,0.0,0.0
3018,3018,-17.74132331413529,-0.317478856322412,6.7929856645208595,0.0,0.0,0.0,-3.2759409726690563,-16.80514253095344,8.237438634503203,0.0,0.0,0.0
3019,3019,7.4153105832047315,12.284733376320473,12.453854617210197,0.0,0.0,0.0,18.04589904075905,3.606619630402897,-4.7262905805295174,0.0,0.0,0.0
3020,3020,-11.759605488342398,12.176209288069888,-8.628534413847222,0.0,0.0,0.0,-10.481862104424527,-9.38885584042632,-12.766360202923911,0.0,0.0,0.0
3021,3021,-8.727572147918421,0.30755252829385826,16.874089481939368,0.0,0.0,0.0,10.01709946971195,-10.319449449827587,12.4163876093503,0.0,0.0,0.0
3022,3022,5.484984767413576,18.18326259711588,0.5328258860505908,0.0,0.0,0.0,8.168834604737386,4.54963691033033,-16.53998020506321,0.0,0.0,0.0
3023,3023,-18.545151781581914,4.1073589967117545,-0.4549147936681688,0.0,0.0,0.0,-9.98911471541446,-16.11987726371452,1.1692494192206861,0.0,0.0,0.0
3024,3024,2.3792176578291926,7.498815514976051,17.294712752986275,0.0,0.0,0.0,18.49733922457039,-0.10580811424839912,4.340189656386787,0.0,0.0,0.0
3025,3025,-4.8255516925988875,16.784626966795795,-7.482669874239105,0.0,0.0,0.0,-5.6189086618706625,-2.5918325484024063,-17.964138428821872,0.0,0.0,0.0
3026,3026,-15.113821491625817,0.2629585175061161,11.51100572220423,0.0,0.0,0.0,1.1411215907299441,-14.634681426115622,12.063330430298027,0.0,0.0,0.0
3027,3027,6.769337650367536,15.685488195448821,8.315138474194532,0.0,0.0,0.0,15.166077865991847,6.0837589573568245,-9.69422297611989,0.0,0.0,0.0
3028,3028,-15.352258205397355,9.771115715830108,-5.4620019829679105,0.0,0.0,0.0,-12.630054902282055,-12.047553910961343,-7.505874894181163,0.0,0.0,0.0
3029,3029,-4.759645590080622,3.6617455382135695,18.026019900950878,0.0,0.0,0.0,14.129082542668502,-5.6734735150549,11.365769871667679,0.0,0.0,0.0
3030,3030,1.236316768315083,18.78743025105207,-2.5502912401360263,0.0,0.0,0.0,2.2655649574668884,3.5371059718175157,-18.529870392609574,0.0,0.0,0.0
3031,3031,-18.155834563893006,3.08350490598213,4.675218581265501,0.0,0.0,0.0,-7.348406149451802,-16.096301705227503,6.921704882199696,0.0,0.0,0.0
3032,3032,4.037038680515175,11.577189649316848,14.514509930240607,0.0,0.0,0.0,18.552734650740177,4.075085106199334,-0.43556670641257944,0.0,0.0,0.0
3033,3033,-9.598372608467475,14.960748297289642,-6.711725087743415,0.0,0.0,0.0,-10.327018989707993,-5.613042780106127,-14.928041717994596,0.0,0.0,0.0
3034,3034,-11.675874734931707,2.100835854512238,14.841173736799165,0.0,0.0,0.0,6.090404525176691,-11.16675512700552,14.114196847588644,0.0,0.0,0.0
3035,3035,4.4538903384249044,17.941701833767382,4.388416133498679,0.0,0.0,0.0,10.59904959718431,7.180886149243114,-14.039053449122328,0.0,0.0,0.0
3036,3036,-17.27591358678268,7.812245948484727,-1.2294807772712975,0.0,0.0,0.0,-12.810763778871337,-13.962854548645064,-1.3867315005501253,0.0,0.0,0.0
3037,3037,-1.6061572605196346,7.49271828363424,17.386185078269794,0.0,0.0,0.0,17.018036350010114,-0.7439694585980996,8.416231236942446,0.0,0.0,0.0
3038,3038,-3.4647423499294594,18.240266329566087,-4.035869754387637,0.0,0.0,0.0,-3.799972694950525,1.357755022268257,-18.566548112571,0.0,0.0,0.0
3039,3039,-16.284487070570933,3.2938706999428904,9.217694758438464,0.0,0.0,0.0,-3.2392025569200977,-14.627592866618116,11.685079962198936,0.0,0.0,0.0
3040,3040,3.9447651575267724,14.969306393443427,11.016292205204733,0.0,0.0,0.0,16.59420831007899,7.285168355694858,-5.7060119689819855,0.0,0.0,0.0
3041,3041,-13.247591406180915,12.926985651200505,-4.288865107206779,0.0,0.0,0.0,-13.524159936734076,-8.6459478356345,-10.165858745251285,0.0,0.0,0.0
3042,3042,-8.163955119676604,4.93447328328375,16.431701379338143,0.0,0.0,0.0,10.821710527833897,-6.707081029182401,14.103391270153022,0.0,0.0,0.0
3043,3043,0.9082619535209312,18.926445352522403,1.40168703391572,0.0,0.0,0.0,4.838621129706118,6.820031485203215,-17.060917797799632,0.0,0.0,0.0
3044,3044,-17.442993654895634,6.751880845118749,3.3397720592679967,0.0,0.0,0.0,-11.004326508881404,-14.712924356217219,4.840935340761963,0.0,0.0,0.0
3045,3045,0.16004152945564812,11.255122613918207,15.306750198974127,0.0,0.0,0.0,18.16012949228328,3.921984629344442,3.978408399092144,0.0,0.0,0.0
3046,3046,-7.853621077159607,16.8977458800452,-3.7130607521407084,0.0,0.0,0.0,-9.27115804908323,-1.60022549915491,-16.507116852438273,0.0,0.0,0.0
3047,3047,-13.491673128864647,4.758591021561988,12.503222291579847,0.0,0.0,0.0,1.741984566409973,-11.740989656191962,14.836261377545922,0.0,0.0,0.0
3048,3048,2.1651975809114035,17.28568889225766,7.583988327718706,0.0,0.0,0.0,12.747785731460482,9.175950364834105,-10.690925771239426,0.0,0.0,0.0
3049,3049,-15.300101301128333,11.243192993986689,-0.7053449329637415,0.0,0.0,0.0,-14.799557997069646,-11.14687589484266,-4.209541646738462,0.0,0.0,0.0
3050,3050,-5.346529721149453,8.323846734300878,16.221226694797533,0.0,0.0,0.0,14.60016012948025,-1.7121543317825176,12.037601577431092,0.0,0.0,0.0
3051,3051,-3.2017232951383545,18.72820987802977,-0.05588116958828113,0.0,0.0,0.0,-1.4378232618841131,5.133002112448897,-18.23691184330445,0.0,0.0,0.0
3052,3052,-16.066223900070487,6.904533625123132,7.429930350388614,0.0,0.0,0.0,-7.478286849154565,-14.035825615952005,10.395711860167415,0.0,0.0,0.0
3053,3053,0.17958789732564334,14.39028048122381,12.405143121226823,0.0,0.0,0.0,17.273293046313544,7.804319113751991,-1.3137543553418196,0.0,0.0,0.0
3054,3054,-11.178226485199755,15.272574106141853,-1.6720445021775519,0.0,0.0,0.0,-13.462180557466601,-4.828726932672605,-12.508120995862189,0.0,0.0,0.0
3055,3055,-10.532084336147499,7.282936044005051,14.036881495349547,0.0,0.0,0.0,6.861713226397864,-7.6683443887199605,15.97226927940866,0.0,0.0,0.0
3056,3056,-0.9450058298399123,18.292945596835626,5.047286931813814,0.0,0.0,0.0,7.413108765811247,9.5820338070404,-14.63661321980824,0.0,0.0,0.0
3057,3057,-15.514920585546355,10.456432842448473,3.3091164130070947,0.0,0.0,0.0,-14.010706358634785,-12.638663846970669,2.228067210535915,0.0,0.0,0.0
3058,3058,-3.9484946028018126,11.69353629226395,14.445435242748099,0.0,0.0,0.0,16.814499867965626,3.2768976713462084,8.217939878156068,0.0,0.0,0.0
3059,3059,-7.044730838195822,17.64083346562274,0.41564655034712805,0.0,0.0,0.0,-7.467662708811009,2.443463994762332,-17.29923401116395,0.0,0.0,0.0
3060,3060,-13.634236277722302,8.427037740860342,10.202579871612599,0.0,0.0,0.0,-2.7500710462445515,-11.869102220956243,14.579489761592376,0.0,0.0,0.0
3061,3061,-1.6827123503559285,16.360453040558713,9.513361942705147,0.0,0.0,0.0,14.360259952513836,10.486481016228105,-6.694523880888985,0.0,0.0,0.0
3062,3062,-12.728842776821166,14.000070481944174,1.7246994123153592,0.0,0.0,0.0,-15.859056807451848,-7.77341338712161,-7.004595740669959,0.0,0.0,0.0
3063,3063,-8.316789010243541,10.487987319012573,13.484551996807372,0.0,0.0,0.0,11.356132611750613,-2.813506538847769,14.970719189787545,0.0,0.0,0.0
3064,3064,-4.785998445521546,17.881367704402713,4.2837959683774685,0.0,0.0,0.0,1.2067165471015853,8.546489058337501,-16.926351052425524,0.0,0.0,0.0
3065,3065,-13.806796305334691,11.133179332660642,6.8135668874013575,0.0,0.0,0.0,-11.305875003578619,-12.780822216689907,8.356301446698765,0.0,0.0,0.0
3066,3066,-4.74484746976495,14.326345949821395,11.543060002182228,0.0,0.0,0.0,17.067121827717806,7.712823908564412,3.1977648244662196,0.0,0.0,0.0
3067,3067,-9.572964005359582,16.095296302677667,3.2093296933126627,0.0,0.0,0.0,-12.513803997017664,-0.7791448118731253,-14.27577118356952,0.0,0.0,0.0
3068,3068,-10.807657454246785,11.501817416715209,10.578408975998641,0.0,0.0,0.0,2.48700363662357,-8.360031183977517,16.879712423901736,0.0,0.0,0.0
3069,3069,-5.705361633357694,16.37888931306707,7.75763066291412,0.0,0.0,0.0,9.709750949323574,11.716681249630485,-11.377175264359133,0.0,0.0,0.0
3070,3070,-11.219589171168302,14.02553997654874,6.197180584404021,0.0,0.0,0.0,-16.195353156511356,-9.914146847178756,-0.6482502817054715,0.0,0.0,0.0
3071,3071,-8.468713556031817,14.1139225127101,9.490947371594471,0.0,0.0,0.0,14.541901683996594,2.305515172990784,12.009067207712858,0.0,0.0,0.0
