This is pdfTeX, Version 3.141592653-2.6-1.40.22 (TeX Live 2022/dev/Debian) (preloaded format=pdflatex 2026.2.1)  23 JUL 2026 00:15
entering extended mode
 restricted \write18 enabled.
 %&-line parsing enabled.
**thesis.tex
(./thesis.tex
LaTeX2e <2021-11-15> patch level 1
L3 programming layer <2022-01-21>
(/usr/share/texlive/texmf-dist/tex/latex/base/report.cls
Document Class: report 2021/10/04 v1.4n Standard LaTeX document class
(/usr/share/texlive/texmf-dist/tex/latex/base/size12.clo
File: size12.clo 2021/10/04 v1.4n Standard LaTeX file (size option)
)
\c@part=\count185
\c@chapter=\count186
\c@section=\count187
\c@subsection=\count188
\c@subsubsection=\count189
\c@paragraph=\count190
\c@subparagraph=\count191
\c@figure=\count192
\c@table=\count193
\abovecaptionskip=\skip47
\belowcaptionskip=\skip48
\bibindent=\dimen138
)
(./structural/preamble.tex
(/usr/share/texlive/texmf-dist/tex/latex/natbib/natbib.sty
Package: natbib 2010/09/13 8.31b (PWD, AO)
\bibhang=\skip49
\bibsep=\skip50
LaTeX Info: Redefining \cite on input line 694.
\c@NAT@ctr=\count194
)
(./styles/utformat.sty
*
* U.T. Austin Doctoral Dissertation Format by Young. U. Ryu,
* June 1991. With some fixes by Miguel A. Lerma, Fall 1995, 
* Spring 1996, Summer 1996, Spring 1997, Summer 1997, Spring 1998.
*
* Modified to new Graduate School standards Fall 2001
* by Craig McCluskey mccluskey@mail.utexas.edu 
* - this is utdiss2.sty
*
* Updated for minor changes as of Spring 2023
* by Evan Ott evan.ott@utexas.edu 
(/usr/share/texlive/texmf-dist/tex/latex/float/float.sty
Package: float 2001/11/08 v1.3d Float enhancements (AL)
\c@float@type=\count195
\float@exts=\toks16
\float@box=\box50
\@float@everytoks=\toks17
\@floatcapt=\box51
)
(/usr/share/texlive/texmf-dist/tex/latex/appendix/appendix.sty
Package: appendix 2020/02/08 v1.2c extra appendix facilities
\c@@pps=\count196
\c@@ppsavesec=\count197
\c@@ppsaveapp=\count198
)
\@float@every@illustration=\toks18
\c@illustration=\count199
\@float@every@map=\toks19
\c@map=\count266
\@float@every@slide=\toks20
\c@slide=\count267
\regular@textheight=\skip51
\short@textheight=\skip52
\c@regular@short=\count268
\one@num=\skip53
\two@num=\skip54
\three@num=\skip55
\four@num=\skip56
\five@num=\skip57
\six@num=\skip58
\c@onenum=\skip59
\c@twonum=\skip60
\c@threenum=\skip61
\c@fournum=\skip62
\c@fivenum=\skip63
\toc@chap@indent=\skip64
\chap@or@app=\count269
\with@parts=\count270
\c@no@chapters=\count271
\s@short@textheight=\skip65
\c@regular@short@col=\count272

* *
* *
* This is a dissertation *
* *
* *
\numberofsupervisors=\count273
\supervisornumbercounter=\count274
\numberofmembers=\count275
\membernumbercounter=\count276
) (/usr/share/texlive/texmf-dist/tex/latex/pdflscape/pdflscape.sty
Package: pdflscape 2019/12/05 v0.12 Display of landscape pages in PDF (HO)

(/usr/share/texlive/texmf-dist/tex/generic/iftex/iftex.sty
Package: iftex 2020/03/06 v1.0d TeX engine tests
)
(/usr/share/texlive/texmf-dist/tex/latex/graphics/lscape.sty
Package: lscape 2020/05/28 v3.02 Landscape Pages (DPC)

(/usr/share/texlive/texmf-dist/tex/latex/graphics/graphics.sty
Package: graphics 2021/03/04 v1.4d Standard LaTeX Graphics (DPC,SPQR)

(/usr/share/texlive/texmf-dist/tex/latex/graphics/trig.sty
Package: trig 2021/08/11 v1.11 sin cos tan (DPC)
)
(/usr/share/texlive/texmf-dist/tex/latex/graphics-cfg/graphics.cfg
File: graphics.cfg 2016/06/04 v1.11 sample graphics configuration
)
Package graphics Info: Driver file: pdftex.def on input line 107.

(/usr/share/texlive/texmf-dist/tex/latex/graphics-def/pdftex.def
File: pdftex.def 2020/10/05 v1.2a Graphics/color driver for pdftex
)))
Package pdflscape Info: Auto-detected driver: pdftex on input line 81.
)
(/usr/share/texlive/texmf-dist/tex/latex/graphics/graphicx.sty
Package: graphicx 2021/09/16 v1.2d Enhanced LaTeX Graphics (DPC,SPQR)

(/usr/share/texlive/texmf-dist/tex/latex/graphics/keyval.sty
Package: keyval 2014/10/28 v1.15 key=value parser (DPC)
\KV@toks@=\toks21
)
\Gin@req@height=\dimen139
\Gin@req@width=\dimen140
)
(/usr/share/texlive/texmf-dist/tex/latex/amsmath/amsmath.sty
Package: amsmath 2021/10/15 v2.17l AMS math features
\@mathmargin=\skip66

For additional information on amsmath, use the `?' option.
(/usr/share/texlive/texmf-dist/tex/latex/amsmath/amstext.sty
Package: amstext 2021/08/26 v2.01 AMS text

(/usr/share/texlive/texmf-dist/tex/latex/amsmath/amsgen.sty
File: amsgen.sty 1999/11/30 v2.0 generic functions
\@emptytoks=\toks22
\ex@=\dimen141
))
(/usr/share/texlive/texmf-dist/tex/latex/amsmath/amsbsy.sty
Package: amsbsy 1999/11/29 v1.2d Bold Symbols
\pmbraise@=\dimen142
)
(/usr/share/texlive/texmf-dist/tex/latex/amsmath/amsopn.sty
Package: amsopn 2021/08/26 v2.02 operator names
)
\inf@bad=\count277
LaTeX Info: Redefining \frac on input line 234.
\uproot@=\count278
\leftroot@=\count279
LaTeX Info: Redefining \overline on input line 399.
\classnum@=\count280
\DOTSCASE@=\count281
LaTeX Info: Redefining \ldots on input line 496.
LaTeX Info: Redefining \dots on input line 499.
LaTeX Info: Redefining \cdots on input line 620.
\Mathstrutbox@=\box52
\strutbox@=\box53
\big@size=\dimen143
LaTeX Font Info:    Redeclaring font encoding OML on input line 743.
LaTeX Font Info:    Redeclaring font encoding OMS on input line 744.
\macc@depth=\count282
\c@MaxMatrixCols=\count283
\dotsspace@=\muskip16
\c@parentequation=\count284
\dspbrk@lvl=\count285
\tag@help=\toks23
\row@=\count286
\column@=\count287
\maxfields@=\count288
\andhelp@=\toks24
\eqnshift@=\dimen144
\alignsep@=\dimen145
\tagshift@=\dimen146
\tagwidth@=\dimen147
\totwidth@=\dimen148
\lineht@=\dimen149
\@envbody=\toks25
\multlinegap=\skip67
\multlinetaggap=\skip68
\mathdisplay@stack=\toks26
LaTeX Info: Redefining \[ on input line 2938.
LaTeX Info: Redefining \] on input line 2939.
)
(/usr/share/texlive/texmf-dist/tex/latex/amscls/amsthm.sty
Package: amsthm 2020/05/29 v2.20.6
\thm@style=\toks27
\thm@bodyfont=\toks28
\thm@headfont=\toks29
\thm@notefont=\toks30
\thm@headpunct=\toks31
\thm@preskip=\skip69
\thm@postskip=\skip70
\thm@headsep=\skip71
\dth@everypar=\toks32
)
(/usr/share/texlive/texmf-dist/tex/latex/amsfonts/amsfonts.sty
Package: amsfonts 2013/01/14 v3.01 Basic AMSFonts support
\symAMSa=\mathgroup4
\symAMSb=\mathgroup5
LaTeX Font Info:    Redeclaring math symbol \hbar on input line 98.
LaTeX Font Info:    Overwriting math alphabet `\mathfrak' in version `bold'
(Font)                  U/euf/m/n --> U/euf/b/n on input line 106.
)
(/usr/share/texlive/texmf-dist/tex/latex/amsmath/amscd.sty
Package: amscd 2017/04/14 v2.1 AMS Commutative Diagrams
\athelp@=\toks33
\minaw@=\dimen150
\bigaw@=\dimen151
\minCDarrowwidth=\dimen152
)
(/usr/share/texlive/texmf-dist/tex/latex/amsfonts/eucal.sty
Package: eucal 2009/06/22 v3.00 Euler Script fonts
LaTeX Font Info:    Overwriting math alphabet `\EuScript' in version `bold'
(Font)                  U/eus/m/n --> U/eus/b/n on input line 33.
)
(/usr/share/texlive/texmf-dist/tex/latex/tools/verbatim.sty
Package: verbatim 2020-07-07 v1.5u LaTeX2e package for verbatim enhancements
\every@verbatim=\toks34
\verbatim@line=\toks35
\verbatim@in@stream=\read2
)
(./styles/citesort.sty
\@minsofar=\count289
\@min=\count290
\@cite@temp=\count291
)
(/usr/share/texlive/texmf-dist/tex/latex/algorithms/algorithm.sty
Package: algorithm 2009/08/24 v0.1 Document Style `algorithm' - floating enviro
nment

(/usr/share/texlive/texmf-dist/tex/latex/base/ifthen.sty
Package: ifthen 2020/11/24 v1.1c Standard LaTeX ifthen package (DPC)
)
\@float@every@algorithm=\toks36
\c@algorithm=\count292
)
(/usr/share/texlive/texmf-dist/tex/latex/natbib/bibentry.sty
Package: bibentry 2007/10/30 1.5 (PWD)
)
(/usr/share/texlive/texmf-dist/tex/latex/xcolor/xcolor.sty
Package: xcolor 2021/10/31 v2.13 LaTeX color extensions (UK)

(/usr/share/texlive/texmf-dist/tex/latex/graphics-cfg/color.cfg
File: color.cfg 2016/01/02 v1.6 sample color configuration
)
Package xcolor Info: Driver file: pdftex.def on input line 227.
Package xcolor Info: Model `cmy' substituted by `cmy0' on input line 1352.
Package xcolor Info: Model `hsb' substituted by `rgb' on input line 1356.
Package xcolor Info: Model `RGB' extended on input line 1368.
Package xcolor Info: Model `HTML' substituted by `rgb' on input line 1370.
Package xcolor Info: Model `Hsb' substituted by `hsb' on input line 1371.
Package xcolor Info: Model `tHsb' substituted by `hsb' on input line 1372.
Package xcolor Info: Model `HSB' substituted by `hsb' on input line 1373.
Package xcolor Info: Model `Gray' substituted by `gray' on input line 1374.
Package xcolor Info: Model `wave' substituted by `hsb' on input line 1375.
)
(/usr/share/texlive/texmf-dist/tex/latex/markdown/markdown.sty
(/usr/share/texlive/texmf-dist/tex/generic/xstring/xstring.sty
(/usr/share/texlive/texmf-dist/tex/generic/xstring/xstring.tex
\integerpart=\count293
\decimalpart=\count294
)
Package: xstring 2021/07/21 v1.84 String manipulations (CT)
)
(/usr/share/texlive/texmf-dist/tex/generic/markdown/markdown.tex
\markdownFrozenCacheCounter=\count295
\markdownInputFileStream=\read3
\markdownOutputFileStream=\write3
Package markdown Info: Using mode 0: Shell escape via write18 on input line 604
.
)
Package: markdown 2022/01/30 v2.13.0-0-g1f680a8 markdown renderer

(/usr/share/texlive/texmf-dist/tex/latex/paralist/paralist.sty
Package: paralist 2017/01/22 v2.7 Extended list environments
\pltopsep=\skip72
\plpartopsep=\skip73
\plitemsep=\skip74
\plparsep=\skip75
\pl@lab=\toks37
)
(/usr/share/texlive/texmf-dist/tex/latex/amsfonts/amssymb.sty
Package: amssymb 2013/01/14 v3.01 AMS font symbols
)
(/usr/share/texlive/texmf-dist/tex/latex/csvsimple/csvsimple.sty
(/usr/share/texlive/texmf-dist/tex/latex/l3packages/l3keys2e/l3keys2e.sty
(/usr/share/texlive/texmf-dist/tex/latex/l3kernel/expl3.sty
Package: expl3 2022-01-21 L3 programming layer (loader) 

(/usr/share/texlive/texmf-dist/tex/latex/l3backend/l3backend-pdftex.def
File: l3backend-pdftex.def 2022-01-12 L3 backend support: PDF output (pdfTeX)
\l__color_backend_stack_int=\count296
\l__pdf_internal_box=\box54
))
Package: l3keys2e 2022-01-12 LaTeX2e option processing using LaTeX3 keys
)
Package: csvsimple 2022/02/01 v2.3.0 LaTeX CSV file processing
)
(/usr/share/texlive/texmf-dist/tex/latex/csvsimple/csvsimple-legacy.sty
Package: csvsimple-legacy 2022/02/01 version 2.3.0 LaTeX2e CSV file processing

(/usr/share/texlive/texmf-dist/tex/latex/pgf/utilities/pgfrcs.sty
(/usr/share/texlive/texmf-dist/tex/generic/pgf/utilities/pgfutil-common.tex
\pgfutil@everybye=\toks38
\pgfutil@tempdima=\dimen153
\pgfutil@tempdimb=\dimen154

(/usr/share/texlive/texmf-dist/tex/generic/pgf/utilities/pgfutil-common-lists.t
ex)) (/usr/share/texlive/texmf-dist/tex/generic/pgf/utilities/pgfutil-latex.def
\pgfutil@abb=\box55
) (/usr/share/texlive/texmf-dist/tex/generic/pgf/utilities/pgfrcs.code.tex
(/usr/share/texlive/texmf-dist/tex/generic/pgf/pgf.revision.tex)
Package: pgfrcs 2021/05/15 v3.1.9a (3.1.9a)
))
(/usr/share/texlive/texmf-dist/tex/latex/pgf/utilities/pgfkeys.sty
(/usr/share/texlive/texmf-dist/tex/generic/pgf/utilities/pgfkeys.code.tex
\pgfkeys@pathtoks=\toks39
\pgfkeys@temptoks=\toks40

(/usr/share/texlive/texmf-dist/tex/generic/pgf/utilities/pgfkeysfiltered.code.t
ex
\pgfkeys@tmptoks=\toks41
))) (/usr/share/texlive/texmf-dist/tex/latex/etoolbox/etoolbox.sty
Package: etoolbox 2020/10/05 v2.5k e-TeX tools for LaTeX (JAW)
\etb@tempcnta=\count297
)
(/usr/share/texlive/texmf-dist/tex/latex/tools/shellesc.sty
Package: shellesc 2019/11/08 v1.0c unified shell escape interface for LaTeX
Package shellesc Info: Restricted shell escape enabled on input line 77.
)
\csv@file=\read4
\c@csvinputline=\count298
\c@csvrow=\count299
\c@csvcol=\count300
\csv@out=\write4
)
(/usr/share/texlive/texmf-dist/tex/latex/fancyvrb/fancyvrb.sty
Package: fancyvrb 2021/12/21 4.1b verbatim text (tvz,hv)
\FV@CodeLineNo=\count301
\FV@InFile=\read5
\FV@TabBox=\box56
\c@FancyVerbLine=\count302
\FV@StepNumber=\count303
\FV@OutFile=\write5
)
\markdownLaTeXCitationsCounter=\count304

(/usr/share/texlive/texmf-dist/tex/generic/gobble/gobble.sty
Package: gobble 2019/01/04 v0.2 Provides more gobble macros

(/usr/share/texlive/texmf-dist/tex/generic/gobble/gobble.tex))
(/usr/share/texlive/texmf-dist/tex/latex/url/url.sty
\Urlmuskip=\muskip17
Package: url 2013/09/16  ver 3.4  Verb mode for urls, etc.
)
\markdownLaTeXRowCounter=\count305
\markdownLaTeXRowTotal=\count306
\markdownLaTeXColumnCounter=\count307
\markdownLaTeXColumnTotal=\count308
\markdownLaTeXTable=\toks42
\markdownLaTeXTableAlignment=\toks43
\markdownLaTeXTableEnd=\toks44
)
(/usr/share/texlive/texmf-dist/tex/latex/booktabs/booktabs.sty
Package: booktabs 2020/01/12 v1.61803398 Publication quality tables
\heavyrulewidth=\dimen155
\lightrulewidth=\dimen156
\cmidrulewidth=\dimen157
\belowrulesep=\dimen158
\belowbottomsep=\dimen159
\aboverulesep=\dimen160
\abovetopsep=\dimen161
\cmidrulesep=\dimen162
\cmidrulekern=\dimen163
\defaultaddspace=\dimen164
\@cmidla=\count309
\@cmidlb=\count310
\@aboverulesep=\dimen165
\@belowrulesep=\dimen166
\@thisruleclass=\count311
\@lastruleclass=\count312
\@thisrulewidth=\dimen167
)
(/usr/share/texlive/texmf-dist/tex/latex/multirow/multirow.sty
Package: multirow 2021/03/15 v2.8 Span multiple rows of a table
\multirow@colwidth=\skip76
\multirow@cntb=\count313
\multirow@dima=\skip77
\bigstrutjot=\dimen168
)
(/usr/share/texlive/texmf-dist/tex/latex/makecell/makecell.sty
Package: makecell 2009/08/03 V0.1e Managing of Tab Column Heads and Cells

(/usr/share/texlive/texmf-dist/tex/latex/tools/array.sty
Package: array 2021/10/04 v2.5f Tabular extension package (FMi)
\col@sep=\dimen169
\ar@mcellbox=\box57
\extrarowheight=\dimen170
\NC@list=\toks45
\extratabsurround=\skip78
\backup@length=\skip79
\ar@cellbox=\box58
)
\rotheadsize=\dimen171
\c@nlinenum=\count314
\TeXr@lab=\toks46
)
(/usr/share/texlive/texmf-dist/tex/latex/tools/tabularx.sty
Package: tabularx 2020/01/15 v2.11c `tabularx' package (DPC)
\TX@col@width=\dimen172
\TX@old@table=\dimen173
\TX@old@col=\dimen174
\TX@target=\dimen175
\TX@delta=\dimen176
\TX@cols=\count315
\TX@ftn=\toks47
)
(/usr/share/texlive/texmf-dist/tex/latex/bbm-macros/bbm.sty
Package: bbm 1999/03/15 V 1.2 provides fonts for set symbols - TH
LaTeX Font Info:    Overwriting math alphabet `\mathbbm' in version `bold'
(Font)                  U/bbm/m/n --> U/bbm/bx/n on input line 33.
LaTeX Font Info:    Overwriting math alphabet `\mathbbmss' in version `bold'
(Font)                  U/bbmss/m/n --> U/bbmss/bx/n on input line 35.
)
(/usr/share/texlive/texmf-dist/tex/latex/mathtools/mathtools.sty
Package: mathtools 2021/02/02 v1.28 mathematical typesetting tools

(/usr/share/texlive/texmf-dist/tex/latex/tools/calc.sty
Package: calc 2017/05/25 v4.3 Infix arithmetic (KKT,FJ)
\calc@Acount=\count316
\calc@Bcount=\count317
\calc@Adimen=\dimen177
\calc@Bdimen=\dimen178
\calc@Askip=\skip80
\calc@Bskip=\skip81
LaTeX Info: Redefining \setlength on input line 80.
LaTeX Info: Redefining \addtolength on input line 81.
\calc@Ccount=\count318
\calc@Cskip=\skip82
)
(/usr/share/texlive/texmf-dist/tex/latex/mathtools/mhsetup.sty
Package: mhsetup 2021/03/18 v1.4 programming setup (MH)
)
\g_MT_multlinerow_int=\count319
\l_MT_multwidth_dim=\dimen179
\origjot=\skip83
\l_MT_shortvdotswithinadjustabove_dim=\dimen180
\l_MT_shortvdotswithinadjustbelow_dim=\dimen181
\l_MT_above_intertext_sep=\dimen182
\l_MT_below_intertext_sep=\dimen183
\l_MT_above_shortintertext_sep=\dimen184
\l_MT_below_shortintertext_sep=\dimen185
\xmathstrut@box=\box59
\xmathstrut@dim=\dimen186
)
(/usr/share/texlive/texmf-dist/tex/latex/hyperref/hyperref.sty
Package: hyperref 2021-06-07 v7.00m Hypertext links for LaTeX

(/usr/share/texlive/texmf-dist/tex/generic/ltxcmds/ltxcmds.sty
Package: ltxcmds 2020-05-10 v1.25 LaTeX kernel commands for general use (HO)
)
(/usr/share/texlive/texmf-dist/tex/generic/pdftexcmds/pdftexcmds.sty
Package: pdftexcmds 2020-06-27 v0.33 Utility functions of pdfTeX for LuaTeX (HO
)

(/usr/share/texlive/texmf-dist/tex/generic/infwarerr/infwarerr.sty
Package: infwarerr 2019/12/03 v1.5 Providing info/warning/error messages (HO)
)
Package pdftexcmds Info: \pdf@primitive is available.
Package pdftexcmds Info: \pdf@ifprimitive is available.
Package pdftexcmds Info: \pdfdraftmode found.
)
(/usr/share/texlive/texmf-dist/tex/generic/kvsetkeys/kvsetkeys.sty
Package: kvsetkeys 2019/12/15 v1.18 Key value parser (HO)
)
(/usr/share/texlive/texmf-dist/tex/generic/kvdefinekeys/kvdefinekeys.sty
Package: kvdefinekeys 2019-12-19 v1.6 Define keys (HO)
)
(/usr/share/texlive/texmf-dist/tex/generic/pdfescape/pdfescape.sty
Package: pdfescape 2019/12/09 v1.15 Implements pdfTeX's escape features (HO)
)
(/usr/share/texlive/texmf-dist/tex/latex/hycolor/hycolor.sty
Package: hycolor 2020-01-27 v1.10 Color options for hyperref/bookmark (HO)
)
(/usr/share/texlive/texmf-dist/tex/latex/letltxmacro/letltxmacro.sty
Package: letltxmacro 2019/12/03 v1.6 Let assignment for LaTeX macros (HO)
)
(/usr/share/texlive/texmf-dist/tex/latex/auxhook/auxhook.sty
Package: auxhook 2019-12-17 v1.6 Hooks for auxiliary files (HO)
)
(/usr/share/texlive/texmf-dist/tex/latex/kvoptions/kvoptions.sty
Package: kvoptions 2020-10-07 v3.14 Key value format for package options (HO)
)
\@linkdim=\dimen187
\Hy@linkcounter=\count320
\Hy@pagecounter=\count321

(/usr/share/texlive/texmf-dist/tex/latex/hyperref/pd1enc.def
File: pd1enc.def 2021-06-07 v7.00m Hyperref: PDFDocEncoding definition (HO)
Now handling font encoding PD1 ...
... no UTF-8 mapping file for font encoding PD1
)
(/usr/share/texlive/texmf-dist/tex/latex/hyperref/hyperref-langpatches.def
File: hyperref-langpatches.def 2021-06-07 v7.00m Hyperref: patches for babel la
nguages
)
(/usr/share/texlive/texmf-dist/tex/generic/intcalc/intcalc.sty
Package: intcalc 2019/12/15 v1.3 Expandable calculations with integers (HO)
)
(/usr/share/texlive/texmf-dist/tex/generic/etexcmds/etexcmds.sty
Package: etexcmds 2019/12/15 v1.7 Avoid name clashes with e-TeX commands (HO)
)
\Hy@SavedSpaceFactor=\count322

(/usr/share/texlive/texmf-dist/tex/latex/hyperref/puenc.def
File: puenc.def 2021-06-07 v7.00m Hyperref: PDF Unicode definition (HO)
Now handling font encoding PU ...
... no UTF-8 mapping file for font encoding PU
)
Package hyperref Info: Hyper figures OFF on input line 4192.
Package hyperref Info: Link nesting OFF on input line 4197.
Package hyperref Info: Hyper index ON on input line 4200.
Package hyperref Info: Plain pages OFF on input line 4207.
Package hyperref Info: Backreferencing OFF on input line 4212.
Package hyperref Info: Implicit mode ON; LaTeX internals redefined.
Package hyperref Info: Bookmarks ON on input line 4445.
\c@Hy@tempcnt=\count323
LaTeX Info: Redefining \url on input line 4804.
\XeTeXLinkMargin=\dimen188

(/usr/share/texlive/texmf-dist/tex/generic/bitset/bitset.sty
Package: bitset 2019/12/09 v1.3 Handle bit-vector datatype (HO)

(/usr/share/texlive/texmf-dist/tex/generic/bigintcalc/bigintcalc.sty
Package: bigintcalc 2019/12/15 v1.5 Expandable calculations on big integers (HO
)
))
\Fld@menulength=\count324
\Field@Width=\dimen189
\Fld@charsize=\dimen190
Package hyperref Info: Hyper figures OFF on input line 6076.
Package hyperref Info: Link nesting OFF on input line 6081.
Package hyperref Info: Hyper index ON on input line 6084.
Package hyperref Info: backreferencing OFF on input line 6091.
Package hyperref Info: Link coloring OFF on input line 6096.
Package hyperref Info: Link coloring with OCG OFF on input line 6101.
Package hyperref Info: PDF/A mode OFF on input line 6106.
LaTeX Info: Redefining \ref on input line 6146.
LaTeX Info: Redefining \pageref on input line 6150.

(/usr/share/texlive/texmf-dist/tex/latex/base/atbegshi-ltx.sty
Package: atbegshi-ltx 2021/01/10 v1.0c Emulation of the original atbegshi
package with kernel methods
)
\Hy@abspage=\count325
\c@Item=\count326
\c@Hfootnote=\count327
)
Package hyperref Info: Driver (autodetected): hpdftex.

(/usr/share/texlive/texmf-dist/tex/latex/hyperref/hpdftex.def
File: hpdftex.def 2021-06-07 v7.00m Hyperref driver for pdfTeX

(/usr/share/texlive/texmf-dist/tex/latex/base/atveryend-ltx.sty
Package: atveryend-ltx 2020/08/19 v1.0a Emulation of the original atveryend pac
kage
with kernel methods
)
\Fld@listcount=\count328
\c@bookmark@seq@number=\count329

(/usr/share/texlive/texmf-dist/tex/latex/rerunfilecheck/rerunfilecheck.sty
Package: rerunfilecheck 2019/12/05 v1.9 Rerun checks for auxiliary files (HO)

(/usr/share/texlive/texmf-dist/tex/generic/uniquecounter/uniquecounter.sty
Package: uniquecounter 2019/12/15 v1.4 Provide unlimited unique counter (HO)
)
Package uniquecounter Info: New unique counter `rerunfilecheck' on input line 2
86.
)
\Hy@SectionHShift=\skip84
)
(/usr/share/texlive/texmf-dist/tex/latex/units/nicefrac.sty
Package: nicefrac 1998/08/04 v0.9b Nice fractions
\L@UnitsRaiseDisplaystyle=\skip85
\L@UnitsRaiseTextstyle=\skip86
\L@UnitsRaiseScriptstyle=\skip87
)
(/usr/share/texlive/texmf-dist/tex/latex/microtype/microtype.sty
Package: microtype 2021/12/10 v3.0b Micro-typographical refinements (RS)
\MT@toks=\toks48
\MT@count=\count330
\MT@tempbox=\box60
LaTeX Info: Redefining \leftprotrusion on input line 1010.
LaTeX Info: Redefining \rightprotrusion on input line 1018.
LaTeX Info: Redefining \textls on input line 1173.
\MT@outer@kern=\dimen191
LaTeX Info: Redefining \textmicrotypecontext on input line 1759.
\MT@listname@count=\count331

(/usr/share/texlive/texmf-dist/tex/latex/microtype/microtype-pdftex.def
File: microtype-pdftex.def 2021/12/10 v3.0b Definitions specific to pdftex (RS)

LaTeX Info: Redefining \lsstyle on input line 897.
LaTeX Info: Redefining \lslig on input line 897.
\MT@outer@space=\skip88
)
Package microtype Info: Loading configuration file microtype.cfg.

(/usr/share/texlive/texmf-dist/tex/latex/microtype/microtype.cfg
File: microtype.cfg 2021/12/10 v3.0b microtype main configuration file (RS)
))
(/usr/share/texlive/texmf-dist/tex/latex/subfigure/subfigure.sty
Package: subfigure 2002/03/15 v2.1.5 subfigure package
\subfigtopskip=\skip89
\subfigcapskip=\skip90
\subfigcaptopadj=\dimen192
\subfigbottomskip=\skip91
\subfigcapmargin=\dimen193
\subfiglabelskip=\skip92
\c@subfigure=\count332
\c@lofdepth=\count333
\c@subtable=\count334
\c@lotdepth=\count335

****************************************
* Local config file subfigure.cfg used *
****************************************
(/usr/share/texlive/texmf-dist/tex/latex/subfigure/subfigure.cfg)
\subfig@top=\skip93
\subfig@bottom=\skip94
)
(/usr/share/texlive/texmf-dist/tex/latex/algorithmicx/algpseudocode.sty
Package: algpseudocode 

(/usr/share/texlive/texmf-dist/tex/latex/algorithmicx/algorithmicx.sty
Package: algorithmicx 2005/04/27 v1.2 Algorithmicx

Document Style algorithmicx 1.2 - a greatly improved `algorithmic' style
\c@ALG@line=\count336
\c@ALG@rem=\count337
\c@ALG@nested=\count338
\ALG@tlm=\skip95
\ALG@thistlm=\skip96
\c@ALG@Lnr=\count339
\c@ALG@blocknr=\count340
\c@ALG@storecount=\count341
\c@ALG@tmpcounter=\count342
\ALG@tmplength=\skip97
)
Document Style - pseudocode environments for use with the `algorithmicx' style
) (/usr/share/texlive/texmf-dist/tex/latex/base/inputenc.sty
Package: inputenc 2021/02/14 v1.3d Input encoding file
\inpenc@prehook=\toks49
\inpenc@posthook=\toks50
)
(/usr/share/texlive/texmf-dist/tex/latex/base/fontenc.sty
Package: fontenc 2021/04/29 v2.0v Standard LaTeX package
)
(/usr/share/texlive/texmf-dist/tex/latex/pdfpages/pdfpages.sty
Package: pdfpages 2022/01/29 v0.5u Insert pages of external PDF documents (AM)

(/usr/share/texlive/texmf-dist/tex/latex/eso-pic/eso-pic.sty
Package: eso-pic 2020/10/14 v3.0a eso-pic (RN)
\ESO@tempdima=\dimen194
\ESO@tempdimb=\dimen195
)
\AM@pagewidth=\dimen196
\AM@pageheight=\dimen197
\AM@fboxrule=\dimen198

(/usr/share/texlive/texmf-dist/tex/latex/pdfpages/pppdftex.def
File: pppdftex.def 2022/01/29 v0.5u Pdfpages driver for pdfTeX (AM)
)
\pdfpages@includegraphics@status=\count343
\AM@pagebox=\box61
\AM@global@opts=\toks51
\AM@pagecnt=\count344
\AM@toc@title=\toks52
\c@AM@survey=\count345
\AM@templatesizebox=\box62
)
(/usr/share/texlive/texmf-dist/tex/latex/needspace/needspace.sty
Package: needspace 2010/09/12 v1.3d reserve vertical space
)
(/usr/share/texlive/texmf-dist/tex/latex/adjustbox/adjustbox.sty
Package: adjustbox 2020/08/19 v1.3 Adjusting TeX boxes (trim, clip, ...)

(/usr/share/texlive/texmf-dist/tex/latex/xkeyval/xkeyval.sty
Package: xkeyval 2020/11/20 v2.8 package option processing (HA)

(/usr/share/texlive/texmf-dist/tex/generic/xkeyval/xkeyval.tex
(/usr/share/texlive/texmf-dist/tex/generic/xkeyval/xkvutils.tex
\XKV@toks=\toks53
\XKV@tempa@toks=\toks54
)
\XKV@depth=\count346
File: xkeyval.tex 2014/12/03 v2.7a key=value parser (HA)
))
(/usr/share/texlive/texmf-dist/tex/latex/adjustbox/adjcalc.sty
Package: adjcalc 2012/05/16 v1.1 Provides advanced setlength with multiple back
-ends (calc, etex, pgfmath)
)
(/usr/share/texlive/texmf-dist/tex/latex/adjustbox/trimclip.sty
Package: trimclip 2020/08/19 v1.2 Trim and clip general TeX material

(/usr/share/texlive/texmf-dist/tex/latex/collectbox/collectbox.sty
Package: collectbox 2012/05/17 v0.4b Collect macro arguments as boxes
\collectedbox=\box63
)
\tc@llx=\dimen199
\tc@lly=\dimen256
\tc@urx=\dimen257
\tc@ury=\dimen258
Package trimclip Info: Using driver 'tc-pdftex.def'.

(/usr/share/texlive/texmf-dist/tex/latex/adjustbox/tc-pdftex.def
File: tc-pdftex.def 2019/01/04 v2.2 Clipping driver for pdftex
))
\adjbox@Width=\dimen259
\adjbox@Height=\dimen260
\adjbox@Depth=\dimen261
\adjbox@Totalheight=\dimen262
\adjbox@pwidth=\dimen263
\adjbox@pheight=\dimen264
\adjbox@pdepth=\dimen265
\adjbox@ptotalheight=\dimen266

(/usr/share/texlive/texmf-dist/tex/latex/ifoddpage/ifoddpage.sty
Package: ifoddpage 2016/04/23 v1.1 Conditionals for odd/even page detection
\c@checkoddpage=\count347
)
(/usr/share/texlive/texmf-dist/tex/latex/varwidth/varwidth.sty
Package: varwidth 2009/03/30 ver 0.92;  Variable-width minipages
\@vwid@box=\box64
\sift@deathcycles=\count348
\@vwid@loff=\dimen267
\@vwid@roff=\dimen268
))
(/usr/share/texlive/texmf-dist/tex/latex/tools/longtable.sty
Package: longtable 2021-09-01 v4.17 Multi-page Table package (DPC)
\LTleft=\skip98
\LTright=\skip99
\LTpre=\skip100
\LTpost=\skip101
\LTchunksize=\count349
\LTcapwidth=\dimen269
\LT@head=\box65
\LT@firsthead=\box66
\LT@foot=\box67
\LT@lastfoot=\box68
\LT@gbox=\box69
\LT@cols=\count350
\LT@rows=\count351
\c@LT@tables=\count352
\c@LT@chunks=\count353
\LT@p@ftn=\toks55
)
(/usr/share/texlive/texmf-dist/tex/latex/acronym/acronym.sty
Package: acronym 2020/04/17 v1.47 Support for acronyms (Tobias Oetiker)

(/usr/share/texlive/texmf-dist/tex/latex/bigfoot/suffix.sty
Package: suffix 2006/07/15 1.5a Variant command support
)
\AC@clearlist=\toks56
)
Package hyperref Info: Option `colorlinks' set `false' on input line 67.
\c@thm=\count354
\c@ax=\count355
\c@defn=\count356
\c@rem=\count357
 (./thesis.bbl))
(./structural/about.tex)
* *
* *
* This is a master thesis *
* *
* *
(./thesis.aux (./chapters/introduction.aux) (./chapters/environment.aux)
(./chapters/literature_review.aux) (./chapters/methods.aux)
(./chapters/experiments.aux) (./chapters/testing.aux)
(./chapters/conclusion.aux) (./chapters/appendix.aux))
\openout1 = `thesis.aux'.

LaTeX Font Info:    Checking defaults for OML/cmm/m/it on input line 33.
LaTeX Font Info:    ... okay on input line 33.
LaTeX Font Info:    Checking defaults for OMS/cmsy/m/n on input line 33.
LaTeX Font Info:    ... okay on input line 33.
LaTeX Font Info:    Checking defaults for OT1/cmr/m/n on input line 33.
LaTeX Font Info:    ... okay on input line 33.
LaTeX Font Info:    Checking defaults for T1/cmr/m/n on input line 33.
LaTeX Font Info:    ... okay on input line 33.
LaTeX Font Info:    Checking defaults for TS1/cmr/m/n on input line 33.
LaTeX Font Info:    ... okay on input line 33.
LaTeX Font Info:    Checking defaults for OMX/cmex/m/n on input line 33.
LaTeX Font Info:    ... okay on input line 33.
LaTeX Font Info:    Checking defaults for U/cmr/m/n on input line 33.
LaTeX Font Info:    ... okay on input line 33.
LaTeX Font Info:    Checking defaults for PD1/pdf/m/n on input line 33.
LaTeX Font Info:    ... okay on input line 33.
LaTeX Font Info:    Checking defaults for PU/pdf/m/n on input line 33.
LaTeX Font Info:    ... okay on input line 33.

(/usr/share/texlive/texmf-dist/tex/context/base/mkii/supp-pdf.mkii
[Loading MPS to PDF converter (version 2006.09.02).]
\scratchcounter=\count358
\scratchdimen=\dimen270
\scratchbox=\box70
\nofMPsegments=\count359
\nofMParguments=\count360
\everyMPshowfont=\toks57
\MPscratchCnt=\count361
\MPscratchDim=\dimen271
\MPnumerator=\count362
\makeMPintoPDFobject=\count363
\everyMPtoPDFconversion=\toks58
) (/usr/share/texlive/texmf-dist/tex/latex/epstopdf-pkg/epstopdf-base.sty
Package: epstopdf-base 2020-01-24 v2.11 Base part for package epstopdf

(/usr/share/texlive/texmf-dist/tex/latex/grfext/grfext.sty
Package: grfext 2019/12/03 v1.3 Manage graphics extensions (HO)
)
Package epstopdf-base Info: Redefining graphics rule for `.eps' on input line 4
85.
Package grfext Info: Graphics extension search list:
(grfext)             [.pdf,.png,.jpg,.mps,.jpeg,.jbig2,.jb2,.PDF,.PNG,.JPG,.JPE
G,.JBIG2,.JB2,.eps]
(grfext)             \AppendGraphicsExtensions on input line 504.

(/usr/share/texlive/texmf-dist/tex/latex/latexconfig/epstopdf-sys.cfg
File: epstopdf-sys.cfg 2010/07/13 v1.3 Configuration of (r)epstopdf for TeX Liv
e
))
Package hyperref Info: Link coloring OFF on input line 33.

(/usr/share/texlive/texmf-dist/tex/latex/hyperref/nameref.sty
Package: nameref 2021-04-02 v2.47 Cross-referencing by name of section

(/usr/share/texlive/texmf-dist/tex/latex/refcount/refcount.sty
Package: refcount 2019/12/15 v3.6 Data extraction from label references (HO)
)
(/usr/share/texlive/texmf-dist/tex/generic/gettitlestring/gettitlestring.sty
Package: gettitlestring 2019/12/15 v1.6 Cleanup title references (HO)
)
\c@section@level=\count364
)
LaTeX Info: Redefining \ref on input line 33.
LaTeX Info: Redefining \pageref on input line 33.
LaTeX Info: Redefining \nameref on input line 33.

(./thesis.out) (./thesis.out)
\@outlinefile=\write6
\openout6 = `thesis.out'.

LaTeX Info: Redefining \microtypecontext on input line 33.
Package microtype Info: Applying patch `item' on input line 33.
Package microtype Info: Applying patch `toc' on input line 33.
Package microtype Info: Applying patch `eqnum' on input line 33.
Package microtype Info: Applying patch `footnote' on input line 33.
Package microtype Info: Generating PDF output.
Package microtype Info: Character protrusion enabled (level 2).
Package microtype Info: Using default protrusion set `alltext'.
Package microtype Info: Automatic font expansion enabled (level 2),
(microtype)             stretch: 20, shrink: 20, step: 1, non-selected.
Package microtype Info: Using default expansion set `alltext-nott'.
LaTeX Info: Redefining \showhyphens on input line 33.
Package microtype Info: No adjustment of tracking.
Package microtype Info: No adjustment of interword spacing.
Package microtype Info: No adjustment of character kerning.

(/usr/share/texlive/texmf-dist/tex/latex/microtype/mt-cmr.cfg
File: mt-cmr.cfg 2013/05/19 v2.2 microtype config. file: Computer Modern Roman 
(RS)
)
(./structural/body.tex [1

{/var/lib/texmf/fonts/map/pdftex/updmap/pdftex.map}]
[2

] [3

] [4


] [5

] [6

] [7] [8

] (./chapters/abstract.tex) [9

] (./thesis.toc
LaTeX Font Info:    Trying to load font information for U+msa on input line 1.

(/usr/share/texlive/texmf-dist/tex/latex/amsfonts/umsa.fd
File: umsa.fd 2013/01/14 v3.01 AMS symbols A
)
(/usr/share/texlive/texmf-dist/tex/latex/microtype/mt-msa.cfg
File: mt-msa.cfg 2006/02/04 v1.1 microtype config. file: AMS symbols (a) (RS)
)
LaTeX Font Info:    Trying to load font information for U+msb on input line 1.

(/usr/share/texlive/texmf-dist/tex/latex/amsfonts/umsb.fd
File: umsb.fd 2013/01/14 v3.01 AMS symbols B
)
(/usr/share/texlive/texmf-dist/tex/latex/microtype/mt-msb.cfg
File: mt-msb.cfg 2005/06/01 v1.0 microtype config. file: AMS symbols (b) (RS)
) [10

] [11])
\tf@toc=\write7
\openout7 = `thesis.toc'.


[12] (./thesis.lot [13

])
\tf@lot=\write8
\openout8 = `thesis.lot'.

 [14] (./thesis.lof [15

])
\tf@lof=\write9
\openout9 = `thesis.lof'.

 [16]
(./structural/acronyms.tex

LaTeX Warning: Hyper reference `acro:parlbc' on page 17 undefined on input line
 2.


LaTeX Warning: Hyper reference `acro:parlbc' on page 17 undefined on input line
 2.


LaTeX Warning: Hyper reference `acro:tad' on page 17 undefined on input line 3.



LaTeX Warning: Hyper reference `acro:tad' on page 17 undefined on input line 3.



LaTeX Warning: Hyper reference `acro:ppo' on page 17 undefined on input line 4.



LaTeX Warning: Hyper reference `acro:ppo' on page 17 undefined on input line 4.



LaTeX Warning: Hyper reference `acro:rl' on page 17 undefined on input line 5.


LaTeX Warning: Hyper reference `acro:rl' on page 17 undefined on input line 5.


LaTeX Warning: Hyper reference `acro:gnc' on page 17 undefined on input line 6.



LaTeX Warning: Hyper reference `acro:gnc' on page 17 undefined on input line 6.



LaTeX Warning: Hyper reference `acro:cbfqp' on page 17 undefined on input line 
7.


LaTeX Warning: Hyper reference `acro:cbfqp' on page 17 undefined on input line 
7.


LaTeX Warning: Hyper reference `acro:ekf' on page 17 undefined on input line 8.



LaTeX Warning: Hyper reference `acro:ekf' on page 17 undefined on input line 8.



LaTeX Warning: Hyper reference `acro:hcw' on page 17 undefined on input line 9.



LaTeX Warning: Hyper reference `acro:hcw' on page 17 undefined on input line 9.



LaTeX Warning: Hyper reference `acro:lvlh' on page 17 undefined on input line 1
0.


LaTeX Warning: Hyper reference `acro:lvlh' on page 17 undefined on input line 1
0.


LaTeX Warning: Hyper reference `acro:leo' on page 17 undefined on input line 11
.


LaTeX Warning: Hyper reference `acro:leo' on page 17 undefined on input line 11
.


LaTeX Warning: Hyper reference `acro:mdp' on page 17 undefined on input line 12
.


LaTeX Warning: Hyper reference `acro:mdp' on page 17 undefined on input line 12
.


LaTeX Warning: Hyper reference `acro:pomdp' on page 17 undefined on input line 
13.


LaTeX Warning: Hyper reference `acro:pomdp' on page 17 undefined on input line 
13.


LaTeX Warning: Hyper reference `acro:lti' on page 17 undefined on input line 14
.


LaTeX Warning: Hyper reference `acro:lti' on page 17 undefined on input line 14
.


LaTeX Warning: Hyper reference `acro:ltv' on page 17 undefined on input line 15
.


LaTeX Warning: Hyper reference `acro:ltv' on page 17 undefined on input line 15
.


LaTeX Warning: Hyper reference `acro:oi' on page 17 undefined on input line 16.



LaTeX Warning: Hyper reference `acro:oi' on page 17 undefined on input line 16.



LaTeX Warning: Hyper reference `acro:ukf' on page 17 undefined on input line 17
.


LaTeX Warning: Hyper reference `acro:ukf' on page 17 undefined on input line 17
.

) [17

]
\openout2 = `chapters/introduction.aux'.

 (./chapters/introduction.tex
Chapter 1:
[18


] [19] [20]) [21]
\openout2 = `chapters/environment.aux'.

 (./chapters/environment.tex
Chapter 2:
[22




]
<Figures/3D_Rollout.png, id=808, 1415.2875pt x 1381.16pt>
File: Figures/3D_Rollout.png Graphic file (type png)
<use Figures/3D_Rollout.png>
Package pdftex.def Info: Figures/3D_Rollout.png  used on input line 22.
(pdftex.def)             Requested size: 195.12767pt x 190.41061pt.
<Figures/Training_Visulaization.png, id=810, 895.345pt x 907.39pt>
File: Figures/Training_Visulaization.png Graphic file (type png)
<use Figures/Training_Visulaization.png>
Package pdftex.def Info: Figures/Training_Visulaization.png  used on input line
 27.
(pdftex.def)             Requested size: 195.12767pt x 197.74341pt.
 [23 <./Figures/3D_Rollout.png> <./Figures/Training_Visulaization.png>]
[24]
<Figures/Merged_Thesis/chief_orbit_hcw_vs_elliptic_ltv.png, id=838, 737.154pt x
 520.344pt>
File: Figures/Merged_Thesis/chief_orbit_hcw_vs_elliptic_ltv.png Graphic file (t
ype png)
<use Figures/Merged_Thesis/chief_orbit_hcw_vs_elliptic_ltv.png>
Package pdftex.def Info: Figures/Merged_Thesis/chief_orbit_hcw_vs_elliptic_ltv.
png  used on input line 138.
(pdftex.def)             Requested size: 346.89731pt x 244.87135pt.
 [25] [26 <./Figures/Merged_Thesis/chief_orbit_hcw_vs_elliptic_ltv.png>]
[27]) [28]
\openout2 = `chapters/literature_review.aux'.

 (./chapters/literature_review.tex
Chapter 3:
[29




] [30] [31] [32]) [33]
\openout2 = `chapters/methods.aux'.

 (./chapters/methods.tex
Chapter 4:
<Figures/Training_Improved_Flattened.jpg, id=962, 1381.16pt x 770.88pt>
File: Figures/Training_Improved_Flattened.jpg Graphic file (type jpg)
<use Figures/Training_Improved_Flattened.jpg>
Package pdftex.def Info: Figures/Training_Improved_Flattened.jpg  used on input
 line 9.
(pdftex.def)             Requested size: 433.62pt x 242.01686pt.
[34




 <./Figures/Training_Improved_Flattened.jpg>] [35] [36] [37] [38] [39]
Package hyperref Info: bookmark level for unknown algorithm defaults to 0 on in
put line 225.
LaTeX Font Info:    Trying to load font information for U+eus on input line 229
.

(/usr/share/texlive/texmf-dist/tex/latex/amsfonts/ueus.fd
File: ueus.fd 2013/01/14 v3.01 Euler Script
)
(/usr/share/texlive/texmf-dist/tex/latex/microtype/mt-eus.cfg
File: mt-eus.cfg 2006/07/28 v1.2 microtype config. file: AMS Euler Script (RS)
) [40]
Overfull \vbox (11.39766pt too high) has occurred while \output is active []


[41] [42] [43] [44]
Overfull \hbox (36.15593pt too wide) detected at line 464
\OT1/cmr/bx/n/12 d[] \OT1/cmr/m/n/12 = \OT1/cmr/bx/n/12 p[] \OMS/cmsy/m/n/12 ^^
@ \OT1/cmr/bx/n/12 p[]\OML/cmm/m/it/12 ;  \OT1/cmr/bx/n/12 b[] \OT1/cmr/m/n/12 
= []\OML/cmm/m/it/12 ;  h\OT1/cmr/m/n/12 (\OT1/cmr/bx/n/12 p[]\OML/cmm/m/it/12 
; R[]; \OT1/cmr/bx/n/12 p[]\OT1/cmr/m/n/12 ) = []
 []

LaTeX Font Info:    Trying to load font information for T1+cmtt on input line 4
70.
(/usr/share/texlive/texmf-dist/tex/latex/base/t1cmtt.fd
File: t1cmtt.fd 2019/12/16 v2.5j Standard LaTeX font definitions
)
Package microtype Info: Loading generic protrusion settings for font family
(microtype)             `cmtt' (encoding: T1).
(microtype)             For optimal results, create family-specific settings.
(microtype)             See the microtype manual for details.
 [45]
Overfull \vbox (1.35608pt too high) has occurred while \output is active []


[46] [47] [48] [49] [50] [51] [52] [53] [54] [55] [56]
<Figures/Inference_Flattened.png, id=1214, 1381.16pt x 700.6175pt>
File: Figures/Inference_Flattened.png Graphic file (type png)
<use Figures/Inference_Flattened.png>
Package pdftex.def Info: Figures/Inference_Flattened.png  used on input line 86
4.
(pdftex.def)             Requested size: 433.62pt x 219.95802pt.
) [57] [58 <./Figures/Inference_Flattened.png>]
\openout2 = `chapters/experiments.aux'.

 (./chapters/experiments.tex
Chapter 5:
[59




]

Package hyperref Warning: Token not allowed in a PDF string (Unicode):
(hyperref)                removing `math shift' on input line 27.


Package hyperref Warning: Token not allowed in a PDF string (Unicode):
(hyperref)                removing `subscript' on input line 27.


Package hyperref Warning: Token not allowed in a PDF string (Unicode):
(hyperref)                removing `\mathop' on input line 27.


Package hyperref Warning: Token not allowed in a PDF string (Unicode):
(hyperref)                removing `\mathgroup' on input line 27.


Package hyperref Warning: Token not allowed in a PDF string (Unicode):
(hyperref)                removing `\symoperators' on input line 27.


Package hyperref Warning: Token not allowed in a PDF string (Unicode):
(hyperref)                removing `\nmlimits@' on input line 27.


Package hyperref Warning: Token not allowed in a PDF string (Unicode):
(hyperref)                removing `superscript' on input line 27.


Package hyperref Warning: Token not allowed in a PDF string (Unicode):
(hyperref)                removing `math shift' on input line 27.


Package hyperref Warning: Token not allowed in a PDF string (Unicode):
(hyperref)                removing `math shift' on input line 27.


Package hyperref Warning: Token not allowed in a PDF string (Unicode):
(hyperref)                removing `subscript' on input line 27.


Package hyperref Warning: Token not allowed in a PDF string (Unicode):
(hyperref)                removing `\mathop' on input line 27.


Package hyperref Warning: Token not allowed in a PDF string (Unicode):
(hyperref)                removing `\mathgroup' on input line 27.


Package hyperref Warning: Token not allowed in a PDF string (Unicode):
(hyperref)                removing `\symoperators' on input line 27.


Package hyperref Warning: Token not allowed in a PDF string (Unicode):
(hyperref)                removing `\nmlimits@' on input line 27.


Package hyperref Warning: Token not allowed in a PDF string (Unicode):
(hyperref)                removing `math shift' on input line 27.


Package hyperref Warning: Token not allowed in a PDF string (Unicode):
(hyperref)                removing `math shift' on input line 27.


Package hyperref Warning: Token not allowed in a PDF string (Unicode):
(hyperref)                removing `subscript' on input line 27.


Package hyperref Warning: Token not allowed in a PDF string (Unicode):
(hyperref)                removing `\mathop' on input line 27.


Package hyperref Warning: Token not allowed in a PDF string (Unicode):
(hyperref)                removing `\mathgroup' on input line 27.


Package hyperref Warning: Token not allowed in a PDF string (Unicode):
(hyperref)                removing `\symoperators' on input line 27.


Package hyperref Warning: Token not allowed in a PDF string (Unicode):
(hyperref)                removing `\nmlimits@' on input line 27.


Package hyperref Warning: Token not allowed in a PDF string (Unicode):
(hyperref)                removing `superscript' on input line 27.


Package hyperref Warning: Token not allowed in a PDF string (Unicode):
(hyperref)                removing `math shift' on input line 27.

<Figures/Merged_Thesis/Training_Policy_0.1u_1vmax_0.05_icVmax/combined_training
_curve_kf_off.png, id=1232, 415.19115pt x 328.1058pt>
File: Figures/Merged_Thesis/Training_Policy_0.1u_1vmax_0.05_icVmax/combined_tra
ining_curve_kf_off.png Graphic file (type png)
<use Figures/Merged_Thesis/Training_Policy_0.1u_1vmax_0.05_icVmax/combined_trai
ning_curve_kf_off.png>
Package pdftex.def Info: Figures/Merged_Thesis/Training_Policy_0.1u_1vmax_0.05_
icVmax/combined_training_curve_kf_off.png  used on input line 36.
(pdftex.def)             Requested size: 208.13574pt x 164.47804pt.
<Figures/Merged_Thesis/Training_Policy_0.1u_1vmax_0.05_icVmax/combined_training
_curve_kf_on.png, id=1233, 415.19115pt x 328.1058pt>
File: Figures/Merged_Thesis/Training_Policy_0.1u_1vmax_0.05_icVmax/combined_tra
ining_curve_kf_on.png Graphic file (type png)
<use Figures/Merged_Thesis/Training_Policy_0.1u_1vmax_0.05_icVmax/combined_trai
ning_curve_kf_on.png>
Package pdftex.def Info: Figures/Merged_Thesis/Training_Policy_0.1u_1vmax_0.05_
icVmax/combined_training_curve_kf_on.png  used on input line 42.
(pdftex.def)             Requested size: 208.13574pt x 164.47804pt.

Package hyperref Warning: Token not allowed in a PDF string (Unicode):
(hyperref)                removing `math shift' on input line 49.


Package hyperref Warning: Token not allowed in a PDF string (Unicode):
(hyperref)                removing `subscript' on input line 49.


Package hyperref Warning: Token not allowed in a PDF string (Unicode):
(hyperref)                removing `\mathop' on input line 49.


Package hyperref Warning: Token not allowed in a PDF string (Unicode):
(hyperref)                removing `\mathgroup' on input line 49.


Package hyperref Warning: Token not allowed in a PDF string (Unicode):
(hyperref)                removing `\symoperators' on input line 49.


Package hyperref Warning: Token not allowed in a PDF string (Unicode):
(hyperref)                removing `\nmlimits@' on input line 49.


Package hyperref Warning: Token not allowed in a PDF string (Unicode):
(hyperref)                removing `superscript' on input line 49.


Package hyperref Warning: Token not allowed in a PDF string (Unicode):
(hyperref)                removing `math shift' on input line 49.


Package hyperref Warning: Token not allowed in a PDF string (Unicode):
(hyperref)                removing `math shift' on input line 49.


Package hyperref Warning: Token not allowed in a PDF string (Unicode):
(hyperref)                removing `subscript' on input line 49.


Package hyperref Warning: Token not allowed in a PDF string (Unicode):
(hyperref)                removing `\mathop' on input line 49.


Package hyperref Warning: Token not allowed in a PDF string (Unicode):
(hyperref)                removing `\mathgroup' on input line 49.


Package hyperref Warning: Token not allowed in a PDF string (Unicode):
(hyperref)                removing `\symoperators' on input line 49.


Package hyperref Warning: Token not allowed in a PDF string (Unicode):
(hyperref)                removing `\nmlimits@' on input line 49.


Package hyperref Warning: Token not allowed in a PDF string (Unicode):
(hyperref)                removing `math shift' on input line 49.


Package hyperref Warning: Token not allowed in a PDF string (Unicode):
(hyperref)                removing `math shift' on input line 49.


Package hyperref Warning: Token not allowed in a PDF string (Unicode):
(hyperref)                removing `subscript' on input line 49.


Package hyperref Warning: Token not allowed in a PDF string (Unicode):
(hyperref)                removing `\mathop' on input line 49.


Package hyperref Warning: Token not allowed in a PDF string (Unicode):
(hyperref)                removing `\mathgroup' on input line 49.


Package hyperref Warning: Token not allowed in a PDF string (Unicode):
(hyperref)                removing `\symoperators' on input line 49.


Package hyperref Warning: Token not allowed in a PDF string (Unicode):
(hyperref)                removing `\nmlimits@' on input line 49.


Package hyperref Warning: Token not allowed in a PDF string (Unicode):
(hyperref)                removing `superscript' on input line 49.


Package hyperref Warning: Token not allowed in a PDF string (Unicode):
(hyperref)                removing `math shift' on input line 49.

[60 <./Figures/Merged_Thesis/Training_Policy_0.1u_1vmax_0.05_icVmax/combined_tr
aining_curve_kf_off.png> <./Figures/Merged_Thesis/Training_Policy_0.1u_1vmax_0.
05_icVmax/combined_training_curve_kf_on.png>]
<Figures/Merged_Thesis/Training_Policy_0.5u_1.5vmax_0.25_icVmax/combined_traini
ng_curve_kf_off.png, id=1240, 415.19115pt x 328.1058pt>
File: Figures/Merged_Thesis/Training_Policy_0.5u_1.5vmax_0.25_icVmax/combined_t
raining_curve_kf_off.png Graphic file (type png)
<use Figures/Merged_Thesis/Training_Policy_0.5u_1.5vmax_0.25_icVmax/combined_tr
aining_curve_kf_off.png>
Package pdftex.def Info: Figures/Merged_Thesis/Training_Policy_0.5u_1.5vmax_0.2
5_icVmax/combined_training_curve_kf_off.png  used on input line 58.
(pdftex.def)             Requested size: 208.13574pt x 164.47804pt.
<Figures/Merged_Thesis/Training_Policy_0.5u_1.5vmax_0.25_icVmax/combined_traini
ng_curve_kf_on.png, id=1241, 415.19115pt x 328.1058pt>
File: Figures/Merged_Thesis/Training_Policy_0.5u_1.5vmax_0.25_icVmax/combined_t
raining_curve_kf_on.png Graphic file (type png)
<use Figures/Merged_Thesis/Training_Policy_0.5u_1.5vmax_0.25_icVmax/combined_tr
aining_curve_kf_on.png>
Package pdftex.def Info: Figures/Merged_Thesis/Training_Policy_0.5u_1.5vmax_0.2
5_icVmax/combined_training_curve_kf_on.png  used on input line 64.
(pdftex.def)             Requested size: 208.13574pt x 164.47804pt.


Package hyperref Warning: Token not allowed in a PDF string (Unicode):
(hyperref)                removing `math shift' on input line 71.


Package hyperref Warning: Token not allowed in a PDF string (Unicode):
(hyperref)                removing `subscript' on input line 71.


Package hyperref Warning: Token not allowed in a PDF string (Unicode):
(hyperref)                removing `\mathop' on input line 71.


Package hyperref Warning: Token not allowed in a PDF string (Unicode):
(hyperref)                removing `\mathgroup' on input line 71.


Package hyperref Warning: Token not allowed in a PDF string (Unicode):
(hyperref)                removing `\symoperators' on input line 71.


Package hyperref Warning: Token not allowed in a PDF string (Unicode):
(hyperref)                removing `\nmlimits@' on input line 71.


Package hyperref Warning: Token not allowed in a PDF string (Unicode):
(hyperref)                removing `superscript' on input line 71.


Package hyperref Warning: Token not allowed in a PDF string (Unicode):
(hyperref)                removing `math shift' on input line 71.


Package hyperref Warning: Token not allowed in a PDF string (Unicode):
(hyperref)                removing `math shift' on input line 71.


Package hyperref Warning: Token not allowed in a PDF string (Unicode):
(hyperref)                removing `subscript' on input line 71.


Package hyperref Warning: Token not allowed in a PDF string (Unicode):
(hyperref)                removing `\mathop' on input line 71.


Package hyperref Warning: Token not allowed in a PDF string (Unicode):
(hyperref)                removing `\mathgroup' on input line 71.


Package hyperref Warning: Token not allowed in a PDF string (Unicode):
(hyperref)                removing `\symoperators' on input line 71.


Package hyperref Warning: Token not allowed in a PDF string (Unicode):
(hyperref)                removing `\nmlimits@' on input line 71.


Package hyperref Warning: Token not allowed in a PDF string (Unicode):
(hyperref)                removing `math shift' on input line 71.


Package hyperref Warning: Token not allowed in a PDF string (Unicode):
(hyperref)                removing `math shift' on input line 71.


Package hyperref Warning: Token not allowed in a PDF string (Unicode):
(hyperref)                removing `subscript' on input line 71.


Package hyperref Warning: Token not allowed in a PDF string (Unicode):
(hyperref)                removing `\mathop' on input line 71.


Package hyperref Warning: Token not allowed in a PDF string (Unicode):
(hyperref)                removing `\mathgroup' on input line 71.


Package hyperref Warning: Token not allowed in a PDF string (Unicode):
(hyperref)                removing `\symoperators' on input line 71.


Package hyperref Warning: Token not allowed in a PDF string (Unicode):
(hyperref)                removing `\nmlimits@' on input line 71.


Package hyperref Warning: Token not allowed in a PDF string (Unicode):
(hyperref)                removing `superscript' on input line 71.


Package hyperref Warning: Token not allowed in a PDF string (Unicode):
(hyperref)                removing `math shift' on input line 71.

<Figures/Merged_Thesis/Training_Policy_2.0u_1vmax_1.0_icVmax/combined_training_
curve_kf_off.png, id=1242, 415.19115pt x 328.1058pt>
File: Figures/Merged_Thesis/Training_Policy_2.0u_1vmax_1.0_icVmax/combined_trai
ning_curve_kf_off.png Graphic file (type png)
<use Figures/Merged_Thesis/Training_Policy_2.0u_1vmax_1.0_icVmax/combined_train
ing_curve_kf_off.png>
Package pdftex.def Info: Figures/Merged_Thesis/Training_Policy_2.0u_1vmax_1.0_i
cVmax/combined_training_curve_kf_off.png  used on input line 80.
(pdftex.def)             Requested size: 208.13574pt x 164.47804pt.
<Figures/Merged_Thesis/Training_Policy_2.0u_1vmax_1.0_icVmax/combined_training_
curve_kf_on.png, id=1243, 415.19115pt x 328.1058pt>
File: Figures/Merged_Thesis/Training_Policy_2.0u_1vmax_1.0_icVmax/combined_trai
ning_curve_kf_on.png Graphic file (type png)
<use Figures/Merged_Thesis/Training_Policy_2.0u_1vmax_1.0_icVmax/combined_train
ing_curve_kf_on.png>
Package pdftex.def Info: Figures/Merged_Thesis/Training_Policy_2.0u_1vmax_1.0_i
cVmax/combined_training_curve_kf_on.png  used on input line 86.
(pdftex.def)             Requested size: 208.13574pt x 164.47804pt.
[61 <./Figures/Merged_Thesis/Training_Policy_0.5u_1.5vmax_0.25_icVmax/combined_
training_curve_kf_off.png> <./Figures/Merged_Thesis/Training_Policy_0.5u_1.5vma
x_0.25_icVmax/combined_training_curve_kf_on.png> <./Figures/Merged_Thesis/Train
ing_Policy_2.0u_1vmax_1.0_icVmax/combined_training_curve_kf_off.png> <./Figures
/Merged_Thesis/Training_Policy_2.0u_1vmax_1.0_icVmax/combined_training_curve_kf
_on.png>]) [62]
\openout2 = `chapters/testing.aux'.

 (./chapters/testing.tex
Chapter 6:
<Figures/XY-Starts.png, id=1262, 1264.725pt x 1084.05pt>
File: Figures/XY-Starts.png Graphic file (type png)
<use Figures/XY-Starts.png>
Package pdftex.def Info: Figures/XY-Starts.png  used on input line 11.
(pdftex.def)             Requested size: 268.84227pt x 230.43614pt.
<Figures/XZ-Starts.png, id=1263, 1264.725pt x 1084.05pt>
File: Figures/XZ-Starts.png Graphic file (type png)
<use Figures/XZ-Starts.png>
Package pdftex.def Info: Figures/XZ-Starts.png  used on input line 15.
(pdftex.def)             Requested size: 268.84227pt x 230.43614pt.
[63




]
<Figures/XY-Starts_100m.png, id=1268, 1264.725pt x 1084.05pt>
File: Figures/XY-Starts_100m.png Graphic file (type png)
<use Figures/XY-Starts_100m.png>
Package pdftex.def Info: Figures/XY-Starts_100m.png  used on input line 24.
(pdftex.def)             Requested size: 268.84227pt x 230.43614pt.
<Figures/XZ-Starts_100m.png, id=1269, 1264.725pt x 1084.05pt>
File: Figures/XZ-Starts_100m.png Graphic file (type png)
<use Figures/XZ-Starts_100m.png>
Package pdftex.def Info: Figures/XZ-Starts_100m.png  used on input line 28.
(pdftex.def)             Requested size: 268.84227pt x 230.43614pt.
 [64 <./Figures/XY-Starts.png> <./Figures/XZ-Starts.png>] [65 <./Figures/XY-Sta
rts_100m.png> <./Figures/XZ-Starts_100m.png>]
<Images/Defender_Win_Rollout/Snapshots_V7/0.png, id=1287, 525.965pt x 493.845pt
>
File: Images/Defender_Win_Rollout/Snapshots_V7/0.png Graphic file (type png)
<use Images/Defender_Win_Rollout/Snapshots_V7/0.png>
Package pdftex.def Info: Images/Defender_Win_Rollout/Snapshots_V7/0.png  used o
n input line 52.
(pdftex.def)             Requested size: 208.13574pt x 195.42456pt.
<Images/Defender_Win_Rollout/Snapshots_V7/1.png, id=1288, 525.965pt x 493.845pt
>
File: Images/Defender_Win_Rollout/Snapshots_V7/1.png Graphic file (type png)
<use Images/Defender_Win_Rollout/Snapshots_V7/1.png>
Package pdftex.def Info: Images/Defender_Win_Rollout/Snapshots_V7/1.png  used o
n input line 57.
(pdftex.def)             Requested size: 208.13574pt x 195.42456pt.
<Images/Defender_Win_Rollout/Snapshots_V7/2.png, id=1289, 526.96875pt x 494.848
75pt>
File: Images/Defender_Win_Rollout/Snapshots_V7/2.png Graphic file (type png)
<use Images/Defender_Win_Rollout/Snapshots_V7/2.png>
Package pdftex.def Info: Images/Defender_Win_Rollout/Snapshots_V7/2.png  used o
n input line 62.
(pdftex.def)             Requested size: 208.13574pt x 195.45178pt.
<Images/Defender_Win_Rollout/Snapshots_V7/3.png, id=1290, 526.96875pt x 494.848
75pt>
File: Images/Defender_Win_Rollout/Snapshots_V7/3.png Graphic file (type png)
<use Images/Defender_Win_Rollout/Snapshots_V7/3.png>
Package pdftex.def Info: Images/Defender_Win_Rollout/Snapshots_V7/3.png  used o
n input line 67.
(pdftex.def)             Requested size: 208.13574pt x 195.45178pt.
<Images/Defender_Win_Rollout/Panels/distance_to_center.png, id=1291, 1550.79375
pt x 1264.725pt>
File: Images/Defender_Win_Rollout/Panels/distance_to_center.png Graphic file (t
ype png)
<use Images/Defender_Win_Rollout/Panels/distance_to_center.png>
Package pdftex.def Info: Images/Defender_Win_Rollout/Panels/distance_to_center.
png  used on input line 81.
(pdftex.def)             Requested size: 151.98859pt x 123.95184pt.
<Images/Defender_Win_Rollout/Panels/relative_distance.png, id=1292, 1550.79375p
t x 1339.0025pt>
File: Images/Defender_Win_Rollout/Panels/relative_distance.png Graphic file (ty
pe png)
<use Images/Defender_Win_Rollout/Panels/relative_distance.png>
Package pdftex.def Info: Images/Defender_Win_Rollout/Panels/relative_distance.p
ng  used on input line 85.
(pdftex.def)             Requested size: 143.56448pt x 123.95795pt.
<Images/Defender_Win_Rollout/Panels/thrust_agent_1.png, id=1293, 1535.7375pt x 
1264.725pt>
File: Images/Defender_Win_Rollout/Panels/thrust_agent_1.png Graphic file (type 
png)
<use Images/Defender_Win_Rollout/Panels/thrust_agent_1.png>
Package pdftex.def Info: Images/Defender_Win_Rollout/Panels/thrust_agent_1.png 
 used on input line 89.
(pdftex.def)             Requested size: 150.51295pt x 123.95184pt.
<Images/Defender_Win_Rollout/Panels/thrust_agent_2.png, id=1294, 1535.7375pt x 
1339.0025pt>
File: Images/Defender_Win_Rollout/Panels/thrust_agent_2.png Graphic file (type 
png)
<use Images/Defender_Win_Rollout/Panels/thrust_agent_2.png>
Package pdftex.def Info: Images/Defender_Win_Rollout/Panels/thrust_agent_2.png 
 used on input line 93.
(pdftex.def)             Requested size: 142.17065pt x 123.95795pt.
<Images/Defender_Win_Rollout/Panels/velocity_agent_1.png, id=1295, 1490.56876pt
 x 1264.725pt>
File: Images/Defender_Win_Rollout/Panels/velocity_agent_1.png Graphic file (typ
e png)
<use Images/Defender_Win_Rollout/Panels/velocity_agent_1.png>
Package pdftex.def Info: Images/Defender_Win_Rollout/Panels/velocity_agent_1.pn
g  used on input line 97.
(pdftex.def)             Requested size: 146.0861pt x 123.95184pt.
<Images/Defender_Win_Rollout/Panels/velocity_agent_2.png, id=1296, 1490.56876pt
 x 1339.0025pt>
File: Images/Defender_Win_Rollout/Panels/velocity_agent_2.png Graphic file (typ
e png)
<use Images/Defender_Win_Rollout/Panels/velocity_agent_2.png>
Package pdftex.def Info: Images/Defender_Win_Rollout/Panels/velocity_agent_2.pn
g  used on input line 101.
(pdftex.def)             Requested size: 137.98917pt x 123.95795pt.
<Images/Defender_Win_Rollout/Panels/delta_v.png, id=1297, 1354.05875pt x 1595.9
625pt>
File: Images/Defender_Win_Rollout/Panels/delta_v.png Graphic file (type png)
<use Images/Defender_Win_Rollout/Panels/delta_v.png>
Package pdftex.def Info: Images/Defender_Win_Rollout/Panels/delta_v.png  used o
n input line 105.
(pdftex.def)             Requested size: 105.16574pt x 123.95369pt.
 [66]
<Images/Attacker_Win_Rollout/Snapshots_V7/0.png, id=1304, 526.96875pt x 494.848
75pt>
File: Images/Attacker_Win_Rollout/Snapshots_V7/0.png Graphic file (type png)
<use Images/Attacker_Win_Rollout/Snapshots_V7/0.png>
Package pdftex.def Info: Images/Attacker_Win_Rollout/Snapshots_V7/0.png  used o
n input line 121.
(pdftex.def)             Requested size: 208.13574pt x 195.45178pt.
<Images/Attacker_Win_Rollout/Snapshots_V7/1.png, id=1305, 526.96875pt x 494.848
75pt>
File: Images/Attacker_Win_Rollout/Snapshots_V7/1.png Graphic file (type png)
<use Images/Attacker_Win_Rollout/Snapshots_V7/1.png>
Package pdftex.def Info: Images/Attacker_Win_Rollout/Snapshots_V7/1.png  used o
n input line 126.
(pdftex.def)             Requested size: 208.13574pt x 195.45178pt.
<Images/Attacker_Win_Rollout/Snapshots_V7/2.png, id=1306, 526.96875pt x 494.848
75pt>
File: Images/Attacker_Win_Rollout/Snapshots_V7/2.png Graphic file (type png)
<use Images/Attacker_Win_Rollout/Snapshots_V7/2.png>
Package pdftex.def Info: Images/Attacker_Win_Rollout/Snapshots_V7/2.png  used o
n input line 131.
(pdftex.def)             Requested size: 208.13574pt x 195.45178pt.
<Images/Attacker_Win_Rollout/Snapshots_V7/3.png, id=1307, 526.96875pt x 494.848
75pt>
File: Images/Attacker_Win_Rollout/Snapshots_V7/3.png Graphic file (type png)
<use Images/Attacker_Win_Rollout/Snapshots_V7/3.png>
Package pdftex.def Info: Images/Attacker_Win_Rollout/Snapshots_V7/3.png  used o
n input line 136.
(pdftex.def)             Requested size: 208.13574pt x 195.45178pt.
<Images/Attacker_Win_Rollout/Panels/distance_to_center.png, id=1308, 1550.79375
pt x 1264.725pt>
File: Images/Attacker_Win_Rollout/Panels/distance_to_center.png Graphic file (t
ype png)
<use Images/Attacker_Win_Rollout/Panels/distance_to_center.png>
Package pdftex.def Info: Images/Attacker_Win_Rollout/Panels/distance_to_center.
png  used on input line 150.
(pdftex.def)             Requested size: 151.98859pt x 123.95184pt.
<Images/Attacker_Win_Rollout/Panels/relative_distance.png, id=1309, 1550.79375p
t x 1339.0025pt>
File: Images/Attacker_Win_Rollout/Panels/relative_distance.png Graphic file (ty
pe png)
<use Images/Attacker_Win_Rollout/Panels/relative_distance.png>
Package pdftex.def Info: Images/Attacker_Win_Rollout/Panels/relative_distance.p
ng  used on input line 154.
(pdftex.def)             Requested size: 143.56448pt x 123.95795pt.
<Images/Attacker_Win_Rollout/Panels/thrust_agent_1.png, id=1310, 1535.7375pt x 
1264.725pt>
File: Images/Attacker_Win_Rollout/Panels/thrust_agent_1.png Graphic file (type 
png)
<use Images/Attacker_Win_Rollout/Panels/thrust_agent_1.png>
Package pdftex.def Info: Images/Attacker_Win_Rollout/Panels/thrust_agent_1.png 
 used on input line 158.
(pdftex.def)             Requested size: 150.51295pt x 123.95184pt.
<Images/Attacker_Win_Rollout/Panels/thrust_agent_2.png, id=1311, 1535.7375pt x 
1339.0025pt>
File: Images/Attacker_Win_Rollout/Panels/thrust_agent_2.png Graphic file (type 
png)
<use Images/Attacker_Win_Rollout/Panels/thrust_agent_2.png>
Package pdftex.def Info: Images/Attacker_Win_Rollout/Panels/thrust_agent_2.png 
 used on input line 162.
(pdftex.def)             Requested size: 142.17065pt x 123.95795pt.
<Images/Attacker_Win_Rollout/Panels/velocity_agent_1.png, id=1312, 1490.56876pt
 x 1264.725pt>
File: Images/Attacker_Win_Rollout/Panels/velocity_agent_1.png Graphic file (typ
e png)
<use Images/Attacker_Win_Rollout/Panels/velocity_agent_1.png>
Package pdftex.def Info: Images/Attacker_Win_Rollout/Panels/velocity_agent_1.pn
g  used on input line 166.
(pdftex.def)             Requested size: 146.0861pt x 123.95184pt.
<Images/Attacker_Win_Rollout/Panels/velocity_agent_2.png, id=1313, 1490.56876pt
 x 1339.0025pt>
File: Images/Attacker_Win_Rollout/Panels/velocity_agent_2.png Graphic file (typ
e png)
<use Images/Attacker_Win_Rollout/Panels/velocity_agent_2.png>
Package pdftex.def Info: Images/Attacker_Win_Rollout/Panels/velocity_agent_2.pn
g  used on input line 170.
(pdftex.def)             Requested size: 137.98917pt x 123.95795pt.
<Images/Attacker_Win_Rollout/Panels/delta_v.png, id=1314, 1354.05875pt x 1595.9
625pt>
File: Images/Attacker_Win_Rollout/Panels/delta_v.png Graphic file (type png)
<use Images/Attacker_Win_Rollout/Panels/delta_v.png>
Package pdftex.def Info: Images/Attacker_Win_Rollout/Panels/delta_v.png  used o
n input line 174.
(pdftex.def)             Requested size: 105.16574pt x 123.95369pt.
 [67 <./Images/Defender_Win_Rollout/Snapshots_V7/0.png (PNG copy)> <./Images/De
fender_Win_Rollout/Snapshots_V7/1.png (PNG copy)> <./Images/Defender_Win_Rollou
t/Snapshots_V7/2.png (PNG copy)> <./Images/Defender_Win_Rollout/Snapshots_V7/3.
png (PNG copy)>] [68 <./Images/Defender_Win_Rollout/Panels/distance_to_center.p
ng> <./Images/Defender_Win_Rollout/Panels/relative_distance.png> <./Images/Defe
nder_Win_Rollout/Panels/thrust_agent_1.png> <./Images/Defender_Win_Rollout/Pane
ls/thrust_agent_2.png> <./Images/Defender_Win_Rollout/Panels/velocity_agent_1.p
ng> <./Images/Defender_Win_Rollout/Panels/velocity_agent_2.png> <./Images/Defen
der_Win_Rollout/Panels/delta_v.png>] [69 <./Images/Attacker_Win_Rollout/Snapsho
ts_V7/0.png (PNG copy)> <./Images/Attacker_Win_Rollout/Snapshots_V7/1.png (PNG 
copy)> <./Images/Attacker_Win_Rollout/Snapshots_V7/2.png (PNG copy)> <./Images/
Attacker_Win_Rollout/Snapshots_V7/3.png (PNG copy)>] [70 <./Images/Attacker_Win
_Rollout/Panels/distance_to_center.png> <./Images/Attacker_Win_Rollout/Panels/r
elative_distance.png> <./Images/Attacker_Win_Rollout/Panels/thrust_agent_1.png>
 <./Images/Attacker_Win_Rollout/Panels/thrust_agent_2.png> <./Images/Attacker_W
in_Rollout/Panels/velocity_agent_1.png> <./Images/Attacker_Win_Rollout/Panels/v
elocity_agent_2.png> <./Images/Attacker_Win_Rollout/Panels/delta_v.png>] [71] [
72]
(./Select_Sections/results.tex

Package hyperref Warning: Token not allowed in a PDF string (Unicode):
(hyperref)                removing `math shift' on input line 5.


Package hyperref Warning: Token not allowed in a PDF string (Unicode):
(hyperref)                removing `subscript' on input line 5.


Package hyperref Warning: Token not allowed in a PDF string (Unicode):
(hyperref)                removing `\mathop' on input line 5.


Package hyperref Warning: Token not allowed in a PDF string (Unicode):
(hyperref)                removing `\mathgroup' on input line 5.


Package hyperref Warning: Token not allowed in a PDF string (Unicode):
(hyperref)                removing `\symoperators' on input line 5.


Package hyperref Warning: Token not allowed in a PDF string (Unicode):
(hyperref)                removing `\nmlimits@' on input line 5.


Package hyperref Warning: Token not allowed in a PDF string (Unicode):
(hyperref)                removing `superscript' on input line 5.


Package hyperref Warning: Token not allowed in a PDF string (Unicode):
(hyperref)                removing `math shift' on input line 5.


Package hyperref Warning: Token not allowed in a PDF string (Unicode):
(hyperref)                removing `math shift' on input line 5.


Package hyperref Warning: Token not allowed in a PDF string (Unicode):
(hyperref)                removing `subscript' on input line 5.


Package hyperref Warning: Token not allowed in a PDF string (Unicode):
(hyperref)                removing `\mathop' on input line 5.


Package hyperref Warning: Token not allowed in a PDF string (Unicode):
(hyperref)                removing `\mathgroup' on input line 5.


Package hyperref Warning: Token not allowed in a PDF string (Unicode):
(hyperref)                removing `\symoperators' on input line 5.


Package hyperref Warning: Token not allowed in a PDF string (Unicode):
(hyperref)                removing `\nmlimits@' on input line 5.


Package hyperref Warning: Token not allowed in a PDF string (Unicode):
(hyperref)                removing `math shift' on input line 5.


Package hyperref Warning: Token not allowed in a PDF string (Unicode):
(hyperref)                removing `math shift' on input line 5.


Package hyperref Warning: Token not allowed in a PDF string (Unicode):
(hyperref)                removing `subscript' on input line 5.


Package hyperref Warning: Token not allowed in a PDF string (Unicode):
(hyperref)                removing `\mathop' on input line 5.


Package hyperref Warning: Token not allowed in a PDF string (Unicode):
(hyperref)                removing `\mathgroup' on input line 5.


Package hyperref Warning: Token not allowed in a PDF string (Unicode):
(hyperref)                removing `\symoperators' on input line 5.


Package hyperref Warning: Token not allowed in a PDF string (Unicode):
(hyperref)                removing `\nmlimits@' on input line 5.


Package hyperref Warning: Token not allowed in a PDF string (Unicode):
(hyperref)                removing `superscript' on input line 5.


Package hyperref Warning: Token not allowed in a PDF string (Unicode):
(hyperref)                removing `math shift' on input line 5.

<Figures/Merged_Thesis_V7/Training_Policy_0.1u_1vmax_0.05_icVmax/outcome_distri
bution_by_phase_kf_off_one_column.png, id=1367, 883.50075pt x 1404.74812pt>
File: Figures/Merged_Thesis_V7/Training_Policy_0.1u_1vmax_0.05_icVmax/outcome_d
istribution_by_phase_kf_off_one_column.png Graphic file (type png)
<use Figures/Merged_Thesis_V7/Training_Policy_0.1u_1vmax_0.05_icVmax/outcome_di
stribution_by_phase_kf_off_one_column.png>
Package pdftex.def Info: Figures/Merged_Thesis_V7/Training_Policy_0.1u_1vmax_0.
05_icVmax/outcome_distribution_by_phase_kf_off_one_column.png  used on input li
ne 13.
(pdftex.def)             Requested size: 319.2868pt x 507.6595pt.
<Figures/Merged_Thesis_V7/Training_Policy_0.1u_1vmax_0.05_icVmax/outcome_distri
bution_by_phase_kf_on_one_column.png, id=1376, 883.50075pt x 1404.74812pt>
File: Figures/Merged_Thesis_V7/Training_Policy_0.1u_1vmax_0.05_icVmax/outcome_d
istribution_by_phase_kf_on_one_column.png Graphic file (type png)
<use Figures/Merged_Thesis_V7/Training_Policy_0.1u_1vmax_0.05_icVmax/outcome_di
stribution_by_phase_kf_on_one_column.png>
Package pdftex.def Info: Figures/Merged_Thesis_V7/Training_Policy_0.1u_1vmax_0.
05_icVmax/outcome_distribution_by_phase_kf_on_one_column.png  used on input lin
e 23.
(pdftex.def)             Requested size: 319.2868pt x 507.6595pt.
[73


] [74 <./Figures/Merged_Thesis_V7/Training_Policy_0.1u_1vmax_0.05_icVmax/outcom
e_distribution_by_phase_kf_off_one_column.png>] [75 <./Figures/Merged_Thesis_V7
/Training_Policy_0.1u_1vmax_0.05_icVmax/outcome_distribution_by_phase_kf_on_one
_column.png>]

Package hyperref Warning: Token not allowed in a PDF string (Unicode):
(hyperref)                removing `math shift' on input line 29.


Package hyperref Warning: Token not allowed in a PDF string (Unicode):
(hyperref)                removing `subscript' on input line 29.


Package hyperref Warning: Token not allowed in a PDF string (Unicode):
(hyperref)                removing `\mathop' on input line 29.


Package hyperref Warning: Token not allowed in a PDF string (Unicode):
(hyperref)                removing `\mathgroup' on input line 29.


Package hyperref Warning: Token not allowed in a PDF string (Unicode):
(hyperref)                removing `\symoperators' on input line 29.


Package hyperref Warning: Token not allowed in a PDF string (Unicode):
(hyperref)                removing `\nmlimits@' on input line 29.


Package hyperref Warning: Token not allowed in a PDF string (Unicode):
(hyperref)                removing `superscript' on input line 29.


Package hyperref Warning: Token not allowed in a PDF string (Unicode):
(hyperref)                removing `math shift' on input line 29.


Package hyperref Warning: Token not allowed in a PDF string (Unicode):
(hyperref)                removing `math shift' on input line 29.


Package hyperref Warning: Token not allowed in a PDF string (Unicode):
(hyperref)                removing `subscript' on input line 29.


Package hyperref Warning: Token not allowed in a PDF string (Unicode):
(hyperref)                removing `\mathop' on input line 29.


Package hyperref Warning: Token not allowed in a PDF string (Unicode):
(hyperref)                removing `\mathgroup' on input line 29.


Package hyperref Warning: Token not allowed in a PDF string (Unicode):
(hyperref)                removing `\symoperators' on input line 29.


Package hyperref Warning: Token not allowed in a PDF string (Unicode):
(hyperref)                removing `\nmlimits@' on input line 29.


Package hyperref Warning: Token not allowed in a PDF string (Unicode):
(hyperref)                removing `math shift' on input line 29.


Package hyperref Warning: Token not allowed in a PDF string (Unicode):
(hyperref)                removing `math shift' on input line 29.


Package hyperref Warning: Token not allowed in a PDF string (Unicode):
(hyperref)                removing `subscript' on input line 29.


Package hyperref Warning: Token not allowed in a PDF string (Unicode):
(hyperref)                removing `\mathop' on input line 29.


Package hyperref Warning: Token not allowed in a PDF string (Unicode):
(hyperref)                removing `\mathgroup' on input line 29.


Package hyperref Warning: Token not allowed in a PDF string (Unicode):
(hyperref)                removing `\symoperators' on input line 29.


Package hyperref Warning: Token not allowed in a PDF string (Unicode):
(hyperref)                removing `\nmlimits@' on input line 29.


Package hyperref Warning: Token not allowed in a PDF string (Unicode):
(hyperref)                removing `superscript' on input line 29.


Package hyperref Warning: Token not allowed in a PDF string (Unicode):
(hyperref)                removing `math shift' on input line 29.

<Figures/Merged_Thesis_V7/Training_Policy_0.5u_1.5vmax_0.25_icVmax/outcome_dist
ribution_by_phase_kf_off_one_column.png, id=1403, 883.50075pt x 1404.74812pt>
File: Figures/Merged_Thesis_V7/Training_Policy_0.5u_1.5vmax_0.25_icVmax/outcome
_distribution_by_phase_kf_off_one_column.png Graphic file (type png)
<use Figures/Merged_Thesis_V7/Training_Policy_0.5u_1.5vmax_0.25_icVmax/outcome_
distribution_by_phase_kf_off_one_column.png>
Package pdftex.def Info: Figures/Merged_Thesis_V7/Training_Policy_0.5u_1.5vmax_
0.25_icVmax/outcome_distribution_by_phase_kf_off_one_column.png  used on input 
line 37.
(pdftex.def)             Requested size: 319.2868pt x 507.6595pt.
<Figures/Merged_Thesis_V7/Training_Policy_0.5u_1.5vmax_0.25_icVmax/outcome_dist
ribution_by_phase_kf_on_one_column.png, id=1412, 883.50075pt x 1404.74812pt>
File: Figures/Merged_Thesis_V7/Training_Policy_0.5u_1.5vmax_0.25_icVmax/outcome
_distribution_by_phase_kf_on_one_column.png Graphic file (type png)
<use Figures/Merged_Thesis_V7/Training_Policy_0.5u_1.5vmax_0.25_icVmax/outcome_
distribution_by_phase_kf_on_one_column.png>
Package pdftex.def Info: Figures/Merged_Thesis_V7/Training_Policy_0.5u_1.5vmax_
0.25_icVmax/outcome_distribution_by_phase_kf_on_one_column.png  used on input l
ine 47.
(pdftex.def)             Requested size: 319.2868pt x 507.6595pt.
[76

] [77 <./Figures/Merged_Thesis_V7/Training_Policy_0.5u_1.5vmax_0.25_icVmax/outc
ome_distribution_by_phase_kf_off_one_column.png>] [78 <./Figures/Merged_Thesis_
V7/Training_Policy_0.5u_1.5vmax_0.25_icVmax/outcome_distribution_by_phase_kf_on
_one_column.png>]

Package hyperref Warning: Token not allowed in a PDF string (Unicode):
(hyperref)                removing `math shift' on input line 53.


Package hyperref Warning: Token not allowed in a PDF string (Unicode):
(hyperref)                removing `subscript' on input line 53.


Package hyperref Warning: Token not allowed in a PDF string (Unicode):
(hyperref)                removing `\mathop' on input line 53.


Package hyperref Warning: Token not allowed in a PDF string (Unicode):
(hyperref)                removing `\mathgroup' on input line 53.


Package hyperref Warning: Token not allowed in a PDF string (Unicode):
(hyperref)                removing `\symoperators' on input line 53.


Package hyperref Warning: Token not allowed in a PDF string (Unicode):
(hyperref)                removing `\nmlimits@' on input line 53.


Package hyperref Warning: Token not allowed in a PDF string (Unicode):
(hyperref)                removing `superscript' on input line 53.


Package hyperref Warning: Token not allowed in a PDF string (Unicode):
(hyperref)                removing `math shift' on input line 53.


Package hyperref Warning: Token not allowed in a PDF string (Unicode):
(hyperref)                removing `math shift' on input line 53.


Package hyperref Warning: Token not allowed in a PDF string (Unicode):
(hyperref)                removing `subscript' on input line 53.


Package hyperref Warning: Token not allowed in a PDF string (Unicode):
(hyperref)                removing `\mathop' on input line 53.


Package hyperref Warning: Token not allowed in a PDF string (Unicode):
(hyperref)                removing `\mathgroup' on input line 53.


Package hyperref Warning: Token not allowed in a PDF string (Unicode):
(hyperref)                removing `\symoperators' on input line 53.


Package hyperref Warning: Token not allowed in a PDF string (Unicode):
(hyperref)                removing `\nmlimits@' on input line 53.


Package hyperref Warning: Token not allowed in a PDF string (Unicode):
(hyperref)                removing `math shift' on input line 53.


Package hyperref Warning: Token not allowed in a PDF string (Unicode):
(hyperref)                removing `math shift' on input line 53.


Package hyperref Warning: Token not allowed in a PDF string (Unicode):
(hyperref)                removing `subscript' on input line 53.


Package hyperref Warning: Token not allowed in a PDF string (Unicode):
(hyperref)                removing `\mathop' on input line 53.


Package hyperref Warning: Token not allowed in a PDF string (Unicode):
(hyperref)                removing `\mathgroup' on input line 53.


Package hyperref Warning: Token not allowed in a PDF string (Unicode):
(hyperref)                removing `\symoperators' on input line 53.


Package hyperref Warning: Token not allowed in a PDF string (Unicode):
(hyperref)                removing `\nmlimits@' on input line 53.


Package hyperref Warning: Token not allowed in a PDF string (Unicode):
(hyperref)                removing `superscript' on input line 53.


Package hyperref Warning: Token not allowed in a PDF string (Unicode):
(hyperref)                removing `math shift' on input line 53.

<Figures/Merged_Thesis_V7/Training_Policy_2.0u_1vmax_1.0_icVmax/outcome_distrib
ution_by_phase_kf_off_one_column.png, id=1437, 883.50075pt x 1404.74812pt>
File: Figures/Merged_Thesis_V7/Training_Policy_2.0u_1vmax_1.0_icVmax/outcome_di
stribution_by_phase_kf_off_one_column.png Graphic file (type png)
<use Figures/Merged_Thesis_V7/Training_Policy_2.0u_1vmax_1.0_icVmax/outcome_dis
tribution_by_phase_kf_off_one_column.png>
Package pdftex.def Info: Figures/Merged_Thesis_V7/Training_Policy_2.0u_1vmax_1.
0_icVmax/outcome_distribution_by_phase_kf_off_one_column.png  used on input lin
e 61.
(pdftex.def)             Requested size: 319.2868pt x 507.6595pt.
<Figures/Merged_Thesis_V7/Training_Policy_2.0u_1vmax_1.0_icVmax/outcome_distrib
ution_by_phase_kf_on_one_column.png, id=1446, 883.50075pt x 1404.74812pt>
File: Figures/Merged_Thesis_V7/Training_Policy_2.0u_1vmax_1.0_icVmax/outcome_di
stribution_by_phase_kf_on_one_column.png Graphic file (type png)
<use Figures/Merged_Thesis_V7/Training_Policy_2.0u_1vmax_1.0_icVmax/outcome_dis
tribution_by_phase_kf_on_one_column.png>
Package pdftex.def Info: Figures/Merged_Thesis_V7/Training_Policy_2.0u_1vmax_1.
0_icVmax/outcome_distribution_by_phase_kf_on_one_column.png  used on input line
 71.
(pdftex.def)             Requested size: 319.2868pt x 507.6595pt.
[79

] [80 <./Figures/Merged_Thesis_V7/Training_Policy_2.0u_1vmax_1.0_icVmax/outcome
_distribution_by_phase_kf_off_one_column.png>] [81 <./Figures/Merged_Thesis_V7/
Training_Policy_2.0u_1vmax_1.0_icVmax/outcome_distribution_by_phase_kf_on_one_c
olumn.png>]
<Figures/Merged_Thesis_V7/outcome_distribution_kf_off_one_column.png, id=1472, 
794.97pt x 1127.412pt>
File: Figures/Merged_Thesis_V7/outcome_distribution_kf_off_one_column.png Graph
ic file (type png)
<use Figures/Merged_Thesis_V7/outcome_distribution_kf_off_one_column.png>
Package pdftex.def Info: Figures/Merged_Thesis_V7/outcome_distribution_kf_off_o
ne_column.png  used on input line 85.
(pdftex.def)             Requested size: 357.95154pt x 507.64037pt.
<Figures/Merged_Thesis_V7/outcome_distribution_kf_on_one_column.png, id=1473, 7
94.97pt x 1127.412pt>
File: Figures/Merged_Thesis_V7/outcome_distribution_kf_on_one_column.png Graphi
c file (type png)
<use Figures/Merged_Thesis_V7/outcome_distribution_kf_on_one_column.png>
Package pdftex.def Info: Figures/Merged_Thesis_V7/outcome_distribution_kf_on_on
e_column.png  used on input line 95.
(pdftex.def)             Requested size: 357.95154pt x 507.64037pt.
) [82

] [83 <./Figures/Merged_Thesis_V7/outcome_distribution_kf_off_one_column.png>] 
[84 <./Figures/Merged_Thesis_V7/outcome_distribution_kf_on_one_column.png>] [85
] [86] [87] [88] [89] [90] [91]) [92]
\openout2 = `chapters/conclusion.aux'.


(./chapters/conclusion.tex
Chapter 7:
[93




]) [94]
\openout2 = `chapters/appendix.aux'.

 (./chapters/appendix.tex
Appendix A:
(./Appendices/methodology.tex [95




] [96]) [97]
Appendix B:
(./Appendices/hyperparameters.tex
Underfull \hbox (badness 10000) in paragraph at lines 25--26
[]|\T1/cmr/m/n/10 (+20) Three-dimensional rel-a-
 []


Underfull \hbox (badness 2173) in paragraph at lines 30--31
[]|\T1/cmr/m/n/10 (+20) Used for each train-ing
 []


Underfull \hbox (badness 10000) in paragraph at lines 50--51
[]|\T1/cmr/m/n/10 (+20) Per-step control-effort
 []


Underfull \hbox (badness 10000) in paragraph at lines 51--52
[]|\T1/cmr/m/n/10 (+20) Per-step control-effort
 []


Underfull \hbox (badness 10000) in paragraph at lines 53--54
[]|\T1/cmr/m/n/10 (+20) Minimum defender-
 []


Underfull \hbox (badness 7907) in paragraph at lines 54--55
[]|\T1/cmr/m/n/10 (+20) Defender-advantage set-
 []


Underfull \hbox (badness 1509) in paragraph at lines 55--56
[]|\T1/cmr/m/n/10 (+20) For the $\OT1/cmr/m/n/10 (+20) 20 []m$ \T1/cmr/m/n/10 (
+20) train-ing
 []


Underfull \hbox (badness 1281) in paragraph at lines 57--58
[]|\T1/cmr/m/n/10 (+20) Used when train-ing at-
 []


Underfull \hbox (badness 10000) in paragraph at lines 58--59
[]|\T1/cmr/m/n/10 (+20) GPU-backed vec-tor-ized
 []

[98

]) [99]
Appendix C:
(./Appendices/monte_carlo_dispersions_appendix.tex
Underfull \hbox (badness 10000) in paragraph at lines 14--14
[]|\T1/cmr/m/n/10 (+20) Shell-grid sam-
 []


Underfull \hbox (badness 1270) in paragraph at lines 14--14
\T1/cmr/m/n/10 (+20) i-cal arena. The defender-
 []


Underfull \hbox (badness 10000) in paragraph at lines 15--15
[]|\T1/cmr/m/n/10 (+20) Each ve-loc-ity com-po-
 []


Underfull \hbox (badness 10000) in paragraph at lines 15--15
\T1/cmr/m/n/10 (+20) nent is drawn from
 []


Underfull \hbox (badness 10000) in paragraph at lines 28--29
[]|\T1/cmr/bx/n/10 (+20) Measured-control
 []


Overfull \hbox (8.97577pt too wide) in paragraph at lines 26--41
 [][] 
 []


Underfull \hbox (badness 10000) in paragraph at lines 54--54
[]|\T1/cmr/m/n/10 (+20) Measured-control noise,
 []


Underfull \hbox (badness 2495) in paragraph at lines 54--55
[]|\T1/cmr/m/n/10 (+20) Mean is $\OT1/cmr/m/n/10 (+20) 0$\T1/cmr/m/n/10 (+20) ,
 and the
 []


Underfull \hbox (badness 2951) in paragraph at lines 54--55
\T1/cmr/m/n/10 (+20) stan-dard de-vi-a-tion is
 []


Underfull \hbox (badness 6268) in paragraph at lines 55--55
[]|\T1/cmr/m/n/10 (+20) Initial co-vari-ance po-si-tion std.,
 []


Underfull \hbox (badness 7451) in paragraph at lines 56--56
[]|\T1/cmr/m/n/10 (+20) Initial co-vari-ance ve-loc-ity std.,
 []

) [100

] [101]
Appendix D:
[102

] [103] [104] [105]
Appendix E:

(./Figures/Merged_Thesis/Training_Policy_0.1u_1vmax_0.05_icVmax/merged_thesis_t
ables.tex [106

]

Package hyperref Warning: Token not allowed in a PDF string (Unicode):
(hyperref)                removing `math shift' on input line 8.


Package hyperref Warning: Token not allowed in a PDF string (Unicode):
(hyperref)                removing `subscript' on input line 8.


Package hyperref Warning: Token not allowed in a PDF string (Unicode):
(hyperref)                removing `\mathop' on input line 8.


Package hyperref Warning: Token not allowed in a PDF string (Unicode):
(hyperref)                removing `\mathgroup' on input line 8.


Package hyperref Warning: Token not allowed in a PDF string (Unicode):
(hyperref)                removing `\symoperators' on input line 8.


Package hyperref Warning: Token not allowed in a PDF string (Unicode):
(hyperref)                removing `\nmlimits@' on input line 8.


Package hyperref Warning: Token not allowed in a PDF string (Unicode):
(hyperref)                removing `math shift' on input line 8.


Package hyperref Warning: Token not allowed in a PDF string (Unicode):
(hyperref)                removing `math shift' on input line 8.


Package hyperref Warning: Token not allowed in a PDF string (Unicode):
(hyperref)                removing `subscript' on input line 8.


Package hyperref Warning: Token not allowed in a PDF string (Unicode):
(hyperref)                removing `\mathop' on input line 8.


Package hyperref Warning: Token not allowed in a PDF string (Unicode):
(hyperref)                removing `\mathgroup' on input line 8.


Package hyperref Warning: Token not allowed in a PDF string (Unicode):
(hyperref)                removing `\symoperators' on input line 8.


Package hyperref Warning: Token not allowed in a PDF string (Unicode):
(hyperref)                removing `\nmlimits@' on input line 8.


Package hyperref Warning: Token not allowed in a PDF string (Unicode):
(hyperref)                removing `math shift' on input line 8.


Package hyperref Warning: Token not allowed in a PDF string (Unicode):
(hyperref)                removing `math shift' on input line 8.


Package hyperref Warning: Token not allowed in a PDF string (Unicode):
(hyperref)                removing `subscript' on input line 8.


Package hyperref Warning: Token not allowed in a PDF string (Unicode):
(hyperref)                removing `\mathop' on input line 8.


Package hyperref Warning: Token not allowed in a PDF string (Unicode):
(hyperref)                removing `\mathgroup' on input line 8.


Package hyperref Warning: Token not allowed in a PDF string (Unicode):
(hyperref)                removing `\symoperators' on input line 8.


Package hyperref Warning: Token not allowed in a PDF string (Unicode):
(hyperref)                removing `\nmlimits@' on input line 8.


Package hyperref Warning: Token not allowed in a PDF string (Unicode):
(hyperref)                removing `superscript' on input line 8.


Package hyperref Warning: Token not allowed in a PDF string (Unicode):
(hyperref)                removing `math shift' on input line 8.

[107] [108

] [109

] [110

])
(./Figures/Merged_Thesis/Training_Policy_0.5u_1.5vmax_0.25_icVmax/merged_thesis
_tables.tex

Package hyperref Warning: Token not allowed in a PDF string (Unicode):
(hyperref)                removing `math shift' on input line 8.


Package hyperref Warning: Token not allowed in a PDF string (Unicode):
(hyperref)                removing `subscript' on input line 8.


Package hyperref Warning: Token not allowed in a PDF string (Unicode):
(hyperref)                removing `\mathop' on input line 8.


Package hyperref Warning: Token not allowed in a PDF string (Unicode):
(hyperref)                removing `\mathgroup' on input line 8.


Package hyperref Warning: Token not allowed in a PDF string (Unicode):
(hyperref)                removing `\symoperators' on input line 8.


Package hyperref Warning: Token not allowed in a PDF string (Unicode):
(hyperref)                removing `\nmlimits@' on input line 8.


Package hyperref Warning: Token not allowed in a PDF string (Unicode):
(hyperref)                removing `math shift' on input line 8.


Package hyperref Warning: Token not allowed in a PDF string (Unicode):
(hyperref)                removing `math shift' on input line 8.


Package hyperref Warning: Token not allowed in a PDF string (Unicode):
(hyperref)                removing `subscript' on input line 8.


Package hyperref Warning: Token not allowed in a PDF string (Unicode):
(hyperref)                removing `\mathop' on input line 8.


Package hyperref Warning: Token not allowed in a PDF string (Unicode):
(hyperref)                removing `\mathgroup' on input line 8.


Package hyperref Warning: Token not allowed in a PDF string (Unicode):
(hyperref)                removing `\symoperators' on input line 8.


Package hyperref Warning: Token not allowed in a PDF string (Unicode):
(hyperref)                removing `\nmlimits@' on input line 8.


Package hyperref Warning: Token not allowed in a PDF string (Unicode):
(hyperref)                removing `math shift' on input line 8.


Package hyperref Warning: Token not allowed in a PDF string (Unicode):
(hyperref)                removing `math shift' on input line 8.


Package hyperref Warning: Token not allowed in a PDF string (Unicode):
(hyperref)                removing `subscript' on input line 8.


Package hyperref Warning: Token not allowed in a PDF string (Unicode):
(hyperref)                removing `\mathop' on input line 8.


Package hyperref Warning: Token not allowed in a PDF string (Unicode):
(hyperref)                removing `\mathgroup' on input line 8.


Package hyperref Warning: Token not allowed in a PDF string (Unicode):
(hyperref)                removing `\symoperators' on input line 8.


Package hyperref Warning: Token not allowed in a PDF string (Unicode):
(hyperref)                removing `\nmlimits@' on input line 8.


Package hyperref Warning: Token not allowed in a PDF string (Unicode):
(hyperref)                removing `superscript' on input line 8.


Package hyperref Warning: Token not allowed in a PDF string (Unicode):
(hyperref)                removing `math shift' on input line 8.

[111

] [112

] [113

] [114

])
(./Figures/Merged_Thesis/Training_Policy_2.0u_1vmax_1.0_icVmax/merged_thesis_ta
bles.tex

Package hyperref Warning: Token not allowed in a PDF string (Unicode):
(hyperref)                removing `math shift' on input line 8.


Package hyperref Warning: Token not allowed in a PDF string (Unicode):
(hyperref)                removing `subscript' on input line 8.


Package hyperref Warning: Token not allowed in a PDF string (Unicode):
(hyperref)                removing `\mathop' on input line 8.


Package hyperref Warning: Token not allowed in a PDF string (Unicode):
(hyperref)                removing `\mathgroup' on input line 8.


Package hyperref Warning: Token not allowed in a PDF string (Unicode):
(hyperref)                removing `\symoperators' on input line 8.


Package hyperref Warning: Token not allowed in a PDF string (Unicode):
(hyperref)                removing `\nmlimits@' on input line 8.


Package hyperref Warning: Token not allowed in a PDF string (Unicode):
(hyperref)                removing `math shift' on input line 8.


Package hyperref Warning: Token not allowed in a PDF string (Unicode):
(hyperref)                removing `math shift' on input line 8.


Package hyperref Warning: Token not allowed in a PDF string (Unicode):
(hyperref)                removing `subscript' on input line 8.


Package hyperref Warning: Token not allowed in a PDF string (Unicode):
(hyperref)                removing `\mathop' on input line 8.


Package hyperref Warning: Token not allowed in a PDF string (Unicode):
(hyperref)                removing `\mathgroup' on input line 8.


Package hyperref Warning: Token not allowed in a PDF string (Unicode):
(hyperref)                removing `\symoperators' on input line 8.


Package hyperref Warning: Token not allowed in a PDF string (Unicode):
(hyperref)                removing `\nmlimits@' on input line 8.


Package hyperref Warning: Token not allowed in a PDF string (Unicode):
(hyperref)                removing `math shift' on input line 8.


Package hyperref Warning: Token not allowed in a PDF string (Unicode):
(hyperref)                removing `math shift' on input line 8.


Package hyperref Warning: Token not allowed in a PDF string (Unicode):
(hyperref)                removing `subscript' on input line 8.


Package hyperref Warning: Token not allowed in a PDF string (Unicode):
(hyperref)                removing `\mathop' on input line 8.


Package hyperref Warning: Token not allowed in a PDF string (Unicode):
(hyperref)                removing `\mathgroup' on input line 8.


Package hyperref Warning: Token not allowed in a PDF string (Unicode):
(hyperref)                removing `\symoperators' on input line 8.


Package hyperref Warning: Token not allowed in a PDF string (Unicode):
(hyperref)                removing `\nmlimits@' on input line 8.


Package hyperref Warning: Token not allowed in a PDF string (Unicode):
(hyperref)                removing `superscript' on input line 8.


Package hyperref Warning: Token not allowed in a PDF string (Unicode):
(hyperref)                removing `math shift' on input line 8.

[115

] [116

] [117

] [118

])
Appendix F:
(./Appendices/failed_training_curves.tex

Package hyperref Warning: Token not allowed in a PDF string (Unicode):
(hyperref)                removing `math shift' on input line 4.


Package hyperref Warning: Token not allowed in a PDF string (Unicode):
(hyperref)                removing `subscript' on input line 4.


Package hyperref Warning: Token not allowed in a PDF string (Unicode):
(hyperref)                removing `\mathop' on input line 4.


Package hyperref Warning: Token not allowed in a PDF string (Unicode):
(hyperref)                removing `\mathgroup' on input line 4.


Package hyperref Warning: Token not allowed in a PDF string (Unicode):
(hyperref)                removing `\symoperators' on input line 4.


Package hyperref Warning: Token not allowed in a PDF string (Unicode):
(hyperref)                removing `\nmlimits@' on input line 4.


Package hyperref Warning: Token not allowed in a PDF string (Unicode):
(hyperref)                removing `superscript' on input line 4.


Package hyperref Warning: Token not allowed in a PDF string (Unicode):
(hyperref)                removing `math shift' on input line 4.


Package hyperref Warning: Token not allowed in a PDF string (Unicode):
(hyperref)                removing `math shift' on input line 4.


Package hyperref Warning: Token not allowed in a PDF string (Unicode):
(hyperref)                removing `subscript' on input line 4.


Package hyperref Warning: Token not allowed in a PDF string (Unicode):
(hyperref)                removing `\mathop' on input line 4.


Package hyperref Warning: Token not allowed in a PDF string (Unicode):
(hyperref)                removing `\mathgroup' on input line 4.


Package hyperref Warning: Token not allowed in a PDF string (Unicode):
(hyperref)                removing `\symoperators' on input line 4.


Package hyperref Warning: Token not allowed in a PDF string (Unicode):
(hyperref)                removing `\nmlimits@' on input line 4.


Package hyperref Warning: Token not allowed in a PDF string (Unicode):
(hyperref)                removing `math shift' on input line 4.


Package hyperref Warning: Token not allowed in a PDF string (Unicode):
(hyperref)                removing `math shift' on input line 4.


Package hyperref Warning: Token not allowed in a PDF string (Unicode):
(hyperref)                removing `subscript' on input line 4.


Package hyperref Warning: Token not allowed in a PDF string (Unicode):
(hyperref)                removing `\mathop' on input line 4.


Package hyperref Warning: Token not allowed in a PDF string (Unicode):
(hyperref)                removing `\mathgroup' on input line 4.


Package hyperref Warning: Token not allowed in a PDF string (Unicode):
(hyperref)                removing `\symoperators' on input line 4.


Package hyperref Warning: Token not allowed in a PDF string (Unicode):
(hyperref)                removing `\nmlimits@' on input line 4.


Package hyperref Warning: Token not allowed in a PDF string (Unicode):
(hyperref)                removing `superscript' on input line 4.


Package hyperref Warning: Token not allowed in a PDF string (Unicode):
(hyperref)                removing `math shift' on input line 4.

<Figures/Failed_Runs/Training_Policy_0.5u_1.0vmax_0.5_icVmax/compare__R_mean__d
ef0_vs_att1_vs_def1_vs_att2_vs_def2.png, id=1683, 504.80595pt x 339.30765pt>
File: Figures/Failed_Runs/Training_Policy_0.5u_1.0vmax_0.5_icVmax/compare__R_me
an__def0_vs_att1_vs_def1_vs_att2_vs_def2.png Graphic file (type png)
<use Figures/Failed_Runs/Training_Policy_0.5u_1.0vmax_0.5_icVmax/compare__R_mea
n__def0_vs_att1_vs_def1_vs_att2_vs_def2.png>
Package pdftex.def Info: Figures/Failed_Runs/Training_Policy_0.5u_1.0vmax_0.5_i
cVmax/compare__R_mean__def0_vs_att1_vs_def1_vs_att2_vs_def2.png  used on input 
line 10.
(pdftex.def)             Requested size: 216.81pt x 145.72858pt.

Package hyperref Warning: Token not allowed in a PDF string (Unicode):
(hyperref)                removing `math shift' on input line 15.


Package hyperref Warning: Token not allowed in a PDF string (Unicode):
(hyperref)                removing `subscript' on input line 15.


Package hyperref Warning: Token not allowed in a PDF string (Unicode):
(hyperref)                removing `\mathop' on input line 15.


Package hyperref Warning: Token not allowed in a PDF string (Unicode):
(hyperref)                removing `\mathgroup' on input line 15.


Package hyperref Warning: Token not allowed in a PDF string (Unicode):
(hyperref)                removing `\symoperators' on input line 15.


Package hyperref Warning: Token not allowed in a PDF string (Unicode):
(hyperref)                removing `\nmlimits@' on input line 15.


Package hyperref Warning: Token not allowed in a PDF string (Unicode):
(hyperref)                removing `superscript' on input line 15.


Package hyperref Warning: Token not allowed in a PDF string (Unicode):
(hyperref)                removing `math shift' on input line 15.


Package hyperref Warning: Token not allowed in a PDF string (Unicode):
(hyperref)                removing `math shift' on input line 15.


Package hyperref Warning: Token not allowed in a PDF string (Unicode):
(hyperref)                removing `subscript' on input line 15.


Package hyperref Warning: Token not allowed in a PDF string (Unicode):
(hyperref)                removing `\mathop' on input line 15.


Package hyperref Warning: Token not allowed in a PDF string (Unicode):
(hyperref)                removing `\mathgroup' on input line 15.


Package hyperref Warning: Token not allowed in a PDF string (Unicode):
(hyperref)                removing `\symoperators' on input line 15.


Package hyperref Warning: Token not allowed in a PDF string (Unicode):
(hyperref)                removing `\nmlimits@' on input line 15.


Package hyperref Warning: Token not allowed in a PDF string (Unicode):
(hyperref)                removing `math shift' on input line 15.


Package hyperref Warning: Token not allowed in a PDF string (Unicode):
(hyperref)                removing `math shift' on input line 15.


Package hyperref Warning: Token not allowed in a PDF string (Unicode):
(hyperref)                removing `subscript' on input line 15.


Package hyperref Warning: Token not allowed in a PDF string (Unicode):
(hyperref)                removing `\mathop' on input line 15.


Package hyperref Warning: Token not allowed in a PDF string (Unicode):
(hyperref)                removing `\mathgroup' on input line 15.


Package hyperref Warning: Token not allowed in a PDF string (Unicode):
(hyperref)                removing `\symoperators' on input line 15.


Package hyperref Warning: Token not allowed in a PDF string (Unicode):
(hyperref)                removing `\nmlimits@' on input line 15.


Package hyperref Warning: Token not allowed in a PDF string (Unicode):
(hyperref)                removing `superscript' on input line 15.


Package hyperref Warning: Token not allowed in a PDF string (Unicode):
(hyperref)                removing `math shift' on input line 15.

<Figures/Failed_Runs/Training_Policy_0.5u_1.5vmax_1.0_icVmax/compare__R_mean__d
ef0_vs_att1_vs_def1_vs_att2_vs_def2.png, id=1684, 504.80595pt x 339.30765pt>
File: Figures/Failed_Runs/Training_Policy_0.5u_1.5vmax_1.0_icVmax/compare__R_me
an__def0_vs_att1_vs_def1_vs_att2_vs_def2.png Graphic file (type png)
<use Figures/Failed_Runs/Training_Policy_0.5u_1.5vmax_1.0_icVmax/compare__R_mea
n__def0_vs_att1_vs_def1_vs_att2_vs_def2.png>
Package pdftex.def Info: Figures/Failed_Runs/Training_Policy_0.5u_1.5vmax_1.0_i
cVmax/compare__R_mean__def0_vs_att1_vs_def1_vs_att2_vs_def2.png  used on input 
line 21.
(pdftex.def)             Requested size: 216.81pt x 145.72858pt.

Package hyperref Warning: Token not allowed in a PDF string (Unicode):
(hyperref)                removing `math shift' on input line 28.


Package hyperref Warning: Token not allowed in a PDF string (Unicode):
(hyperref)                removing `subscript' on input line 28.


Package hyperref Warning: Token not allowed in a PDF string (Unicode):
(hyperref)                removing `\mathop' on input line 28.


Package hyperref Warning: Token not allowed in a PDF string (Unicode):
(hyperref)                removing `\mathgroup' on input line 28.


Package hyperref Warning: Token not allowed in a PDF string (Unicode):
(hyperref)                removing `\symoperators' on input line 28.


Package hyperref Warning: Token not allowed in a PDF string (Unicode):
(hyperref)                removing `\nmlimits@' on input line 28.


Package hyperref Warning: Token not allowed in a PDF string (Unicode):
(hyperref)                removing `superscript' on input line 28.


Package hyperref Warning: Token not allowed in a PDF string (Unicode):
(hyperref)                removing `math shift' on input line 28.


Package hyperref Warning: Token not allowed in a PDF string (Unicode):
(hyperref)                removing `math shift' on input line 28.


Package hyperref Warning: Token not allowed in a PDF string (Unicode):
(hyperref)                removing `subscript' on input line 28.


Package hyperref Warning: Token not allowed in a PDF string (Unicode):
(hyperref)                removing `\mathop' on input line 28.


Package hyperref Warning: Token not allowed in a PDF string (Unicode):
(hyperref)                removing `\mathgroup' on input line 28.


Package hyperref Warning: Token not allowed in a PDF string (Unicode):
(hyperref)                removing `\symoperators' on input line 28.


Package hyperref Warning: Token not allowed in a PDF string (Unicode):
(hyperref)                removing `\nmlimits@' on input line 28.


Package hyperref Warning: Token not allowed in a PDF string (Unicode):
(hyperref)                removing `math shift' on input line 28.


Package hyperref Warning: Token not allowed in a PDF string (Unicode):
(hyperref)                removing `math shift' on input line 28.


Package hyperref Warning: Token not allowed in a PDF string (Unicode):
(hyperref)                removing `subscript' on input line 28.


Package hyperref Warning: Token not allowed in a PDF string (Unicode):
(hyperref)                removing `\mathop' on input line 28.


Package hyperref Warning: Token not allowed in a PDF string (Unicode):
(hyperref)                removing `\mathgroup' on input line 28.


Package hyperref Warning: Token not allowed in a PDF string (Unicode):
(hyperref)                removing `\symoperators' on input line 28.


Package hyperref Warning: Token not allowed in a PDF string (Unicode):
(hyperref)                removing `\nmlimits@' on input line 28.


Package hyperref Warning: Token not allowed in a PDF string (Unicode):
(hyperref)                removing `superscript' on input line 28.


Package hyperref Warning: Token not allowed in a PDF string (Unicode):
(hyperref)                removing `math shift' on input line 28.

[119


 <./Figures/Failed_Runs/Training_Policy_0.5u_1.0vmax_0.5_icVmax/compare__R_mean
__def0_vs_att1_vs_def1_vs_att2_vs_def2.png> <./Figures/Failed_Runs/Training_Pol
icy_0.5u_1.5vmax_1.0_icVmax/compare__R_mean__def0_vs_att1_vs_def1_vs_att2_vs_de
f2.png>]
<Figures/Failed_Runs/Training_Policy_0.5u_1.5vmax_1.0_icVmax_VERY_SUS/compare__
R_mean__def0_vs_att1_vs_def1_vs_att2_vs_def2.png, id=1691, 504.80595pt x 339.30
765pt>
File: Figures/Failed_Runs/Training_Policy_0.5u_1.5vmax_1.0_icVmax_VERY_SUS/comp
are__R_mean__def0_vs_att1_vs_def1_vs_att2_vs_def2.png Graphic file (type png)
<use Figures/Failed_Runs/Training_Policy_0.5u_1.5vmax_1.0_icVmax_VERY_SUS/compa
re__R_mean__def0_vs_att1_vs_def1_vs_att2_vs_def2.png>
Package pdftex.def Info: Figures/Failed_Runs/Training_Policy_0.5u_1.5vmax_1.0_i
cVmax_VERY_SUS/compare__R_mean__def0_vs_att1_vs_def1_vs_att2_vs_def2.png  used 
on input line 34.
(pdftex.def)             Requested size: 216.81pt x 145.72858pt.


Package hyperref Warning: Token not allowed in a PDF string (Unicode):
(hyperref)                removing `math shift' on input line 39.


Package hyperref Warning: Token not allowed in a PDF string (Unicode):
(hyperref)                removing `subscript' on input line 39.


Package hyperref Warning: Token not allowed in a PDF string (Unicode):
(hyperref)                removing `\mathop' on input line 39.


Package hyperref Warning: Token not allowed in a PDF string (Unicode):
(hyperref)                removing `\mathgroup' on input line 39.


Package hyperref Warning: Token not allowed in a PDF string (Unicode):
(hyperref)                removing `\symoperators' on input line 39.


Package hyperref Warning: Token not allowed in a PDF string (Unicode):
(hyperref)                removing `\nmlimits@' on input line 39.


Package hyperref Warning: Token not allowed in a PDF string (Unicode):
(hyperref)                removing `superscript' on input line 39.


Package hyperref Warning: Token not allowed in a PDF string (Unicode):
(hyperref)                removing `math shift' on input line 39.


Package hyperref Warning: Token not allowed in a PDF string (Unicode):
(hyperref)                removing `math shift' on input line 39.


Package hyperref Warning: Token not allowed in a PDF string (Unicode):
(hyperref)                removing `subscript' on input line 39.


Package hyperref Warning: Token not allowed in a PDF string (Unicode):
(hyperref)                removing `\mathop' on input line 39.


Package hyperref Warning: Token not allowed in a PDF string (Unicode):
(hyperref)                removing `\mathgroup' on input line 39.


Package hyperref Warning: Token not allowed in a PDF string (Unicode):
(hyperref)                removing `\symoperators' on input line 39.


Package hyperref Warning: Token not allowed in a PDF string (Unicode):
(hyperref)                removing `\nmlimits@' on input line 39.


Package hyperref Warning: Token not allowed in a PDF string (Unicode):
(hyperref)                removing `math shift' on input line 39.


Package hyperref Warning: Token not allowed in a PDF string (Unicode):
(hyperref)                removing `math shift' on input line 39.


Package hyperref Warning: Token not allowed in a PDF string (Unicode):
(hyperref)                removing `subscript' on input line 39.


Package hyperref Warning: Token not allowed in a PDF string (Unicode):
(hyperref)                removing `\mathop' on input line 39.


Package hyperref Warning: Token not allowed in a PDF string (Unicode):
(hyperref)                removing `\mathgroup' on input line 39.


Package hyperref Warning: Token not allowed in a PDF string (Unicode):
(hyperref)                removing `\symoperators' on input line 39.


Package hyperref Warning: Token not allowed in a PDF string (Unicode):
(hyperref)                removing `\nmlimits@' on input line 39.


Package hyperref Warning: Token not allowed in a PDF string (Unicode):
(hyperref)                removing `superscript' on input line 39.


Package hyperref Warning: Token not allowed in a PDF string (Unicode):
(hyperref)                removing `math shift' on input line 39.

<Figures/Failed_Runs/Training_Policy_0.5u_1.5vmax_1.0_icVmax_Validation_6a1596d
Style/compare__R_mean__def0_vs_att1_vs_def1_vs_att2_vs_def2.png, id=1692, 504.8
0595pt x 339.30765pt>
File: Figures/Failed_Runs/Training_Policy_0.5u_1.5vmax_1.0_icVmax_Validation_6a
1596dStyle/compare__R_mean__def0_vs_att1_vs_def1_vs_att2_vs_def2.png Graphic fi
le (type png)
<use Figures/Failed_Runs/Training_Policy_0.5u_1.5vmax_1.0_icVmax_Validation_6a1
596dStyle/compare__R_mean__def0_vs_att1_vs_def1_vs_att2_vs_def2.png>
Package pdftex.def Info: Figures/Failed_Runs/Training_Policy_0.5u_1.5vmax_1.0_i
cVmax_Validation_6a1596dStyle/compare__R_mean__def0_vs_att1_vs_def1_vs_att2_vs_
def2.png  used on input line 45.
(pdftex.def)             Requested size: 216.81pt x 145.72858pt.

Package hyperref Warning: Token not allowed in a PDF string (Unicode):
(hyperref)                removing `math shift' on input line 50.


Package hyperref Warning: Token not allowed in a PDF string (Unicode):
(hyperref)                removing `subscript' on input line 50.


Package hyperref Warning: Token not allowed in a PDF string (Unicode):
(hyperref)                removing `\mathop' on input line 50.


Package hyperref Warning: Token not allowed in a PDF string (Unicode):
(hyperref)                removing `\mathgroup' on input line 50.


Package hyperref Warning: Token not allowed in a PDF string (Unicode):
(hyperref)                removing `\symoperators' on input line 50.


Package hyperref Warning: Token not allowed in a PDF string (Unicode):
(hyperref)                removing `\nmlimits@' on input line 50.


Package hyperref Warning: Token not allowed in a PDF string (Unicode):
(hyperref)                removing `superscript' on input line 50.


Package hyperref Warning: Token not allowed in a PDF string (Unicode):
(hyperref)                removing `math shift' on input line 50.


Package hyperref Warning: Token not allowed in a PDF string (Unicode):
(hyperref)                removing `math shift' on input line 50.


Package hyperref Warning: Token not allowed in a PDF string (Unicode):
(hyperref)                removing `subscript' on input line 50.


Package hyperref Warning: Token not allowed in a PDF string (Unicode):
(hyperref)                removing `\mathop' on input line 50.


Package hyperref Warning: Token not allowed in a PDF string (Unicode):
(hyperref)                removing `\mathgroup' on input line 50.


Package hyperref Warning: Token not allowed in a PDF string (Unicode):
(hyperref)                removing `\symoperators' on input line 50.


Package hyperref Warning: Token not allowed in a PDF string (Unicode):
(hyperref)                removing `\nmlimits@' on input line 50.


Package hyperref Warning: Token not allowed in a PDF string (Unicode):
(hyperref)                removing `math shift' on input line 50.


Package hyperref Warning: Token not allowed in a PDF string (Unicode):
(hyperref)                removing `math shift' on input line 50.


Package hyperref Warning: Token not allowed in a PDF string (Unicode):
(hyperref)                removing `subscript' on input line 50.


Package hyperref Warning: Token not allowed in a PDF string (Unicode):
(hyperref)                removing `\mathop' on input line 50.


Package hyperref Warning: Token not allowed in a PDF string (Unicode):
(hyperref)                removing `\mathgroup' on input line 50.


Package hyperref Warning: Token not allowed in a PDF string (Unicode):
(hyperref)                removing `\symoperators' on input line 50.


Package hyperref Warning: Token not allowed in a PDF string (Unicode):
(hyperref)                removing `\nmlimits@' on input line 50.


Package hyperref Warning: Token not allowed in a PDF string (Unicode):
(hyperref)                removing `superscript' on input line 50.


Package hyperref Warning: Token not allowed in a PDF string (Unicode):
(hyperref)                removing `math shift' on input line 50.

[120 <./Figures/Failed_Runs/Training_Policy_0.5u_1.5vmax_1.0_icVmax_VERY_SUS/co
mpare__R_mean__def0_vs_att1_vs_def1_vs_att2_vs_def2.png> <./Figures/Failed_Runs
/Training_Policy_0.5u_1.5vmax_1.0_icVmax_Validation_6a1596dStyle/compare__R_mea
n__def0_vs_att1_vs_def1_vs_att2_vs_def2.png>]
<Figures/Failed_Runs/Training_Policy_0.5u_1.5vmax_1.5_icVmax/compare__R_mean__d
ef0_vs_att1_vs_def1_vs_att2_vs_def2.png, id=1699, 504.80595pt x 339.30765pt>
File: Figures/Failed_Runs/Training_Policy_0.5u_1.5vmax_1.5_icVmax/compare__R_me
an__def0_vs_att1_vs_def1_vs_att2_vs_def2.png Graphic file (type png)
<use Figures/Failed_Runs/Training_Policy_0.5u_1.5vmax_1.5_icVmax/compare__R_mea
n__def0_vs_att1_vs_def1_vs_att2_vs_def2.png>
Package pdftex.def Info: Figures/Failed_Runs/Training_Policy_0.5u_1.5vmax_1.5_i
cVmax/compare__R_mean__def0_vs_att1_vs_def1_vs_att2_vs_def2.png  used on input 
line 56.
(pdftex.def)             Requested size: 216.81pt x 145.72858pt.


Package hyperref Warning: Token not allowed in a PDF string (Unicode):
(hyperref)                removing `math shift' on input line 61.


Package hyperref Warning: Token not allowed in a PDF string (Unicode):
(hyperref)                removing `subscript' on input line 61.


Package hyperref Warning: Token not allowed in a PDF string (Unicode):
(hyperref)                removing `\mathop' on input line 61.


Package hyperref Warning: Token not allowed in a PDF string (Unicode):
(hyperref)                removing `\mathgroup' on input line 61.


Package hyperref Warning: Token not allowed in a PDF string (Unicode):
(hyperref)                removing `\symoperators' on input line 61.


Package hyperref Warning: Token not allowed in a PDF string (Unicode):
(hyperref)                removing `\nmlimits@' on input line 61.


Package hyperref Warning: Token not allowed in a PDF string (Unicode):
(hyperref)                removing `superscript' on input line 61.


Package hyperref Warning: Token not allowed in a PDF string (Unicode):
(hyperref)                removing `math shift' on input line 61.


Package hyperref Warning: Token not allowed in a PDF string (Unicode):
(hyperref)                removing `math shift' on input line 61.


Package hyperref Warning: Token not allowed in a PDF string (Unicode):
(hyperref)                removing `subscript' on input line 61.


Package hyperref Warning: Token not allowed in a PDF string (Unicode):
(hyperref)                removing `\mathop' on input line 61.


Package hyperref Warning: Token not allowed in a PDF string (Unicode):
(hyperref)                removing `\mathgroup' on input line 61.


Package hyperref Warning: Token not allowed in a PDF string (Unicode):
(hyperref)                removing `\symoperators' on input line 61.


Package hyperref Warning: Token not allowed in a PDF string (Unicode):
(hyperref)                removing `\nmlimits@' on input line 61.


Package hyperref Warning: Token not allowed in a PDF string (Unicode):
(hyperref)                removing `math shift' on input line 61.


Package hyperref Warning: Token not allowed in a PDF string (Unicode):
(hyperref)                removing `math shift' on input line 61.


Package hyperref Warning: Token not allowed in a PDF string (Unicode):
(hyperref)                removing `subscript' on input line 61.


Package hyperref Warning: Token not allowed in a PDF string (Unicode):
(hyperref)                removing `\mathop' on input line 61.


Package hyperref Warning: Token not allowed in a PDF string (Unicode):
(hyperref)                removing `\mathgroup' on input line 61.


Package hyperref Warning: Token not allowed in a PDF string (Unicode):
(hyperref)                removing `\symoperators' on input line 61.


Package hyperref Warning: Token not allowed in a PDF string (Unicode):
(hyperref)                removing `\nmlimits@' on input line 61.


Package hyperref Warning: Token not allowed in a PDF string (Unicode):
(hyperref)                removing `superscript' on input line 61.


Package hyperref Warning: Token not allowed in a PDF string (Unicode):
(hyperref)                removing `math shift' on input line 61.

<Figures/Failed_Runs/Training_Policy_0.5u_1vmax_0.25_icVmax/compare__R_mean__de
f0_vs_att1_vs_def1_vs_att2_vs_def2.png, id=1700, 504.80595pt x 339.30765pt>
File: Figures/Failed_Runs/Training_Policy_0.5u_1vmax_0.25_icVmax/compare__R_mea
n__def0_vs_att1_vs_def1_vs_att2_vs_def2.png Graphic file (type png)
<use Figures/Failed_Runs/Training_Policy_0.5u_1vmax_0.25_icVmax/compare__R_mean
__def0_vs_att1_vs_def1_vs_att2_vs_def2.png>
Package pdftex.def Info: Figures/Failed_Runs/Training_Policy_0.5u_1vmax_0.25_ic
Vmax/compare__R_mean__def0_vs_att1_vs_def1_vs_att2_vs_def2.png  used on input l
ine 67.
(pdftex.def)             Requested size: 216.81pt x 145.72858pt.

Package hyperref Warning: Token not allowed in a PDF string (Unicode):
(hyperref)                removing `math shift' on input line 72.


Package hyperref Warning: Token not allowed in a PDF string (Unicode):
(hyperref)                removing `subscript' on input line 72.


Package hyperref Warning: Token not allowed in a PDF string (Unicode):
(hyperref)                removing `\mathop' on input line 72.


Package hyperref Warning: Token not allowed in a PDF string (Unicode):
(hyperref)                removing `\mathgroup' on input line 72.


Package hyperref Warning: Token not allowed in a PDF string (Unicode):
(hyperref)                removing `\symoperators' on input line 72.


Package hyperref Warning: Token not allowed in a PDF string (Unicode):
(hyperref)                removing `\nmlimits@' on input line 72.


Package hyperref Warning: Token not allowed in a PDF string (Unicode):
(hyperref)                removing `superscript' on input line 72.


Package hyperref Warning: Token not allowed in a PDF string (Unicode):
(hyperref)                removing `math shift' on input line 72.


Package hyperref Warning: Token not allowed in a PDF string (Unicode):
(hyperref)                removing `math shift' on input line 72.


Package hyperref Warning: Token not allowed in a PDF string (Unicode):
(hyperref)                removing `subscript' on input line 72.


Package hyperref Warning: Token not allowed in a PDF string (Unicode):
(hyperref)                removing `\mathop' on input line 72.


Package hyperref Warning: Token not allowed in a PDF string (Unicode):
(hyperref)                removing `\mathgroup' on input line 72.


Package hyperref Warning: Token not allowed in a PDF string (Unicode):
(hyperref)                removing `\symoperators' on input line 72.


Package hyperref Warning: Token not allowed in a PDF string (Unicode):
(hyperref)                removing `\nmlimits@' on input line 72.


Package hyperref Warning: Token not allowed in a PDF string (Unicode):
(hyperref)                removing `math shift' on input line 72.


Package hyperref Warning: Token not allowed in a PDF string (Unicode):
(hyperref)                removing `math shift' on input line 72.


Package hyperref Warning: Token not allowed in a PDF string (Unicode):
(hyperref)                removing `subscript' on input line 72.


Package hyperref Warning: Token not allowed in a PDF string (Unicode):
(hyperref)                removing `\mathop' on input line 72.


Package hyperref Warning: Token not allowed in a PDF string (Unicode):
(hyperref)                removing `\mathgroup' on input line 72.


Package hyperref Warning: Token not allowed in a PDF string (Unicode):
(hyperref)                removing `\symoperators' on input line 72.


Package hyperref Warning: Token not allowed in a PDF string (Unicode):
(hyperref)                removing `\nmlimits@' on input line 72.


Package hyperref Warning: Token not allowed in a PDF string (Unicode):
(hyperref)                removing `superscript' on input line 72.


Package hyperref Warning: Token not allowed in a PDF string (Unicode):
(hyperref)                removing `math shift' on input line 72.

[121 <./Figures/Failed_Runs/Training_Policy_0.5u_1.5vmax_1.5_icVmax/compare__R_
mean__def0_vs_att1_vs_def1_vs_att2_vs_def2.png> <./Figures/Failed_Runs/Training
_Policy_0.5u_1vmax_0.25_icVmax/compare__R_mean__def0_vs_att1_vs_def1_vs_att2_vs
_def2.png>]
<Figures/Failed_Runs/Training_Policy_0.5u_1vmax_0.5_icVmax/compare__R_mean__def
0_vs_att1_vs_def1_vs_att2_vs_def2.png, id=1708, 504.80595pt x 339.30765pt>
File: Figures/Failed_Runs/Training_Policy_0.5u_1vmax_0.5_icVmax/compare__R_mean
__def0_vs_att1_vs_def1_vs_att2_vs_def2.png Graphic file (type png)
<use Figures/Failed_Runs/Training_Policy_0.5u_1vmax_0.5_icVmax/compare__R_mean_
_def0_vs_att1_vs_def1_vs_att2_vs_def2.png>
Package pdftex.def Info: Figures/Failed_Runs/Training_Policy_0.5u_1vmax_0.5_icV
max/compare__R_mean__def0_vs_att1_vs_def1_vs_att2_vs_def2.png  used on input li
ne 78.
(pdftex.def)             Requested size: 216.81pt x 145.72858pt.


Package hyperref Warning: Token not allowed in a PDF string (Unicode):
(hyperref)                removing `math shift' on input line 83.


Package hyperref Warning: Token not allowed in a PDF string (Unicode):
(hyperref)                removing `subscript' on input line 83.


Package hyperref Warning: Token not allowed in a PDF string (Unicode):
(hyperref)                removing `\mathop' on input line 83.


Package hyperref Warning: Token not allowed in a PDF string (Unicode):
(hyperref)                removing `\mathgroup' on input line 83.


Package hyperref Warning: Token not allowed in a PDF string (Unicode):
(hyperref)                removing `\symoperators' on input line 83.


Package hyperref Warning: Token not allowed in a PDF string (Unicode):
(hyperref)                removing `\nmlimits@' on input line 83.


Package hyperref Warning: Token not allowed in a PDF string (Unicode):
(hyperref)                removing `superscript' on input line 83.


Package hyperref Warning: Token not allowed in a PDF string (Unicode):
(hyperref)                removing `math shift' on input line 83.


Package hyperref Warning: Token not allowed in a PDF string (Unicode):
(hyperref)                removing `math shift' on input line 83.


Package hyperref Warning: Token not allowed in a PDF string (Unicode):
(hyperref)                removing `subscript' on input line 83.


Package hyperref Warning: Token not allowed in a PDF string (Unicode):
(hyperref)                removing `\mathop' on input line 83.


Package hyperref Warning: Token not allowed in a PDF string (Unicode):
(hyperref)                removing `\mathgroup' on input line 83.


Package hyperref Warning: Token not allowed in a PDF string (Unicode):
(hyperref)                removing `\symoperators' on input line 83.


Package hyperref Warning: Token not allowed in a PDF string (Unicode):
(hyperref)                removing `\nmlimits@' on input line 83.


Package hyperref Warning: Token not allowed in a PDF string (Unicode):
(hyperref)                removing `math shift' on input line 83.


Package hyperref Warning: Token not allowed in a PDF string (Unicode):
(hyperref)                removing `math shift' on input line 83.


Package hyperref Warning: Token not allowed in a PDF string (Unicode):
(hyperref)                removing `subscript' on input line 83.


Package hyperref Warning: Token not allowed in a PDF string (Unicode):
(hyperref)                removing `\mathop' on input line 83.


Package hyperref Warning: Token not allowed in a PDF string (Unicode):
(hyperref)                removing `\mathgroup' on input line 83.


Package hyperref Warning: Token not allowed in a PDF string (Unicode):
(hyperref)                removing `\symoperators' on input line 83.


Package hyperref Warning: Token not allowed in a PDF string (Unicode):
(hyperref)                removing `\nmlimits@' on input line 83.


Package hyperref Warning: Token not allowed in a PDF string (Unicode):
(hyperref)                removing `superscript' on input line 83.


Package hyperref Warning: Token not allowed in a PDF string (Unicode):
(hyperref)                removing `math shift' on input line 83.


Package hyperref Warning: Token not allowed in a PDF string (Unicode):
(hyperref)                removing `math shift' on input line 83.


Package hyperref Warning: Token not allowed in a PDF string (Unicode):
(hyperref)                removing `\sigma' on input line 83.


Package hyperref Warning: Token not allowed in a PDF string (Unicode):
(hyperref)                removing `superscript' on input line 83.


Package hyperref Warning: Token not allowed in a PDF string (Unicode):
(hyperref)                removing `math shift' on input line 83.

<Figures/Failed_Runs/Training_Policy_0.5u_1vmax_0.5_icVmax_KF_ON/compare__R_mea
n__def0_vs_att1_vs_def1_vs_att2_vs_def2.png, id=1709, 504.80595pt x 339.30765pt
>
File: Figures/Failed_Runs/Training_Policy_0.5u_1vmax_0.5_icVmax_KF_ON/compare__
R_mean__def0_vs_att1_vs_def1_vs_att2_vs_def2.png Graphic file (type png)
<use Figures/Failed_Runs/Training_Policy_0.5u_1vmax_0.5_icVmax_KF_ON/compare__R
_mean__def0_vs_att1_vs_def1_vs_att2_vs_def2.png>
Package pdftex.def Info: Figures/Failed_Runs/Training_Policy_0.5u_1vmax_0.5_icV
max_KF_ON/compare__R_mean__def0_vs_att1_vs_def1_vs_att2_vs_def2.png  used on in
put line 89.
(pdftex.def)             Requested size: 216.81pt x 145.72858pt.

Package hyperref Warning: Token not allowed in a PDF string (Unicode):
(hyperref)                removing `math shift' on input line 94.


Package hyperref Warning: Token not allowed in a PDF string (Unicode):
(hyperref)                removing `subscript' on input line 94.


Package hyperref Warning: Token not allowed in a PDF string (Unicode):
(hyperref)                removing `\mathop' on input line 94.


Package hyperref Warning: Token not allowed in a PDF string (Unicode):
(hyperref)                removing `\mathgroup' on input line 94.


Package hyperref Warning: Token not allowed in a PDF string (Unicode):
(hyperref)                removing `\symoperators' on input line 94.


Package hyperref Warning: Token not allowed in a PDF string (Unicode):
(hyperref)                removing `\nmlimits@' on input line 94.


Package hyperref Warning: Token not allowed in a PDF string (Unicode):
(hyperref)                removing `superscript' on input line 94.


Package hyperref Warning: Token not allowed in a PDF string (Unicode):
(hyperref)                removing `math shift' on input line 94.


Package hyperref Warning: Token not allowed in a PDF string (Unicode):
(hyperref)                removing `math shift' on input line 94.


Package hyperref Warning: Token not allowed in a PDF string (Unicode):
(hyperref)                removing `subscript' on input line 94.


Package hyperref Warning: Token not allowed in a PDF string (Unicode):
(hyperref)                removing `\mathop' on input line 94.


Package hyperref Warning: Token not allowed in a PDF string (Unicode):
(hyperref)                removing `\mathgroup' on input line 94.


Package hyperref Warning: Token not allowed in a PDF string (Unicode):
(hyperref)                removing `\symoperators' on input line 94.


Package hyperref Warning: Token not allowed in a PDF string (Unicode):
(hyperref)                removing `\nmlimits@' on input line 94.


Package hyperref Warning: Token not allowed in a PDF string (Unicode):
(hyperref)                removing `math shift' on input line 94.


Package hyperref Warning: Token not allowed in a PDF string (Unicode):
(hyperref)                removing `math shift' on input line 94.


Package hyperref Warning: Token not allowed in a PDF string (Unicode):
(hyperref)                removing `subscript' on input line 94.


Package hyperref Warning: Token not allowed in a PDF string (Unicode):
(hyperref)                removing `\mathop' on input line 94.


Package hyperref Warning: Token not allowed in a PDF string (Unicode):
(hyperref)                removing `\mathgroup' on input line 94.


Package hyperref Warning: Token not allowed in a PDF string (Unicode):
(hyperref)                removing `\symoperators' on input line 94.


Package hyperref Warning: Token not allowed in a PDF string (Unicode):
(hyperref)                removing `\nmlimits@' on input line 94.


Package hyperref Warning: Token not allowed in a PDF string (Unicode):
(hyperref)                removing `superscript' on input line 94.


Package hyperref Warning: Token not allowed in a PDF string (Unicode):
(hyperref)                removing `math shift' on input line 94.

[122 <./Figures/Failed_Runs/Training_Policy_0.5u_1vmax_0.5_icVmax/compare__R_me
an__def0_vs_att1_vs_def1_vs_att2_vs_def2.png> <./Figures/Failed_Runs/Training_P
olicy_0.5u_1vmax_0.5_icVmax_KF_ON/compare__R_mean__def0_vs_att1_vs_def1_vs_att2
_vs_def2.png>]
<Figures/Failed_Runs/Training_Policy_0.5u_1vmax_1.0_icVmax/compare__R_mean__def
0_vs_att1_vs_def1_vs_att2_vs_def2.png, id=1716, 504.80595pt x 339.30765pt>
File: Figures/Failed_Runs/Training_Policy_0.5u_1vmax_1.0_icVmax/compare__R_mean
__def0_vs_att1_vs_def1_vs_att2_vs_def2.png Graphic file (type png)
<use Figures/Failed_Runs/Training_Policy_0.5u_1vmax_1.0_icVmax/compare__R_mean_
_def0_vs_att1_vs_def1_vs_att2_vs_def2.png>
Package pdftex.def Info: Figures/Failed_Runs/Training_Policy_0.5u_1vmax_1.0_icV
max/compare__R_mean__def0_vs_att1_vs_def1_vs_att2_vs_def2.png  used on input li
ne 100.
(pdftex.def)             Requested size: 216.81pt x 145.72858pt.
) [123 <./Figures/Failed_Runs/Training_Policy_0.5u_1vmax_1.0_icVmax/compare__R_
mean__def0_vs_att1_vs_def1_vs_att2_vs_def2.png>]
Appendix G:
(./Appendices/legacy_noise_training_curves.tex

Package hyperref Warning: Token not allowed in a PDF string (Unicode):
(hyperref)                removing `math shift' on input line 6.


Package hyperref Warning: Token not allowed in a PDF string (Unicode):
(hyperref)                removing `subscript' on input line 6.


Package hyperref Warning: Token not allowed in a PDF string (Unicode):
(hyperref)                removing `\mathop' on input line 6.


Package hyperref Warning: Token not allowed in a PDF string (Unicode):
(hyperref)                removing `\mathgroup' on input line 6.


Package hyperref Warning: Token not allowed in a PDF string (Unicode):
(hyperref)                removing `\symoperators' on input line 6.


Package hyperref Warning: Token not allowed in a PDF string (Unicode):
(hyperref)                removing `\nmlimits@' on input line 6.


Package hyperref Warning: Token not allowed in a PDF string (Unicode):
(hyperref)                removing `superscript' on input line 6.


Package hyperref Warning: Token not allowed in a PDF string (Unicode):
(hyperref)                removing `math shift' on input line 6.


Package hyperref Warning: Token not allowed in a PDF string (Unicode):
(hyperref)                removing `math shift' on input line 6.


Package hyperref Warning: Token not allowed in a PDF string (Unicode):
(hyperref)                removing `subscript' on input line 6.


Package hyperref Warning: Token not allowed in a PDF string (Unicode):
(hyperref)                removing `\mathop' on input line 6.


Package hyperref Warning: Token not allowed in a PDF string (Unicode):
(hyperref)                removing `\mathgroup' on input line 6.


Package hyperref Warning: Token not allowed in a PDF string (Unicode):
(hyperref)                removing `\symoperators' on input line 6.


Package hyperref Warning: Token not allowed in a PDF string (Unicode):
(hyperref)                removing `\nmlimits@' on input line 6.


Package hyperref Warning: Token not allowed in a PDF string (Unicode):
(hyperref)                removing `math shift' on input line 6.


Package hyperref Warning: Token not allowed in a PDF string (Unicode):
(hyperref)                removing `math shift' on input line 6.


Package hyperref Warning: Token not allowed in a PDF string (Unicode):
(hyperref)                removing `subscript' on input line 6.


Package hyperref Warning: Token not allowed in a PDF string (Unicode):
(hyperref)                removing `\mathop' on input line 6.


Package hyperref Warning: Token not allowed in a PDF string (Unicode):
(hyperref)                removing `\mathgroup' on input line 6.


Package hyperref Warning: Token not allowed in a PDF string (Unicode):
(hyperref)                removing `\symoperators' on input line 6.


Package hyperref Warning: Token not allowed in a PDF string (Unicode):
(hyperref)                removing `\nmlimits@' on input line 6.


Package hyperref Warning: Token not allowed in a PDF string (Unicode):
(hyperref)                removing `superscript' on input line 6.


Package hyperref Warning: Token not allowed in a PDF string (Unicode):
(hyperref)                removing `math shift' on input line 6.

<Figures/Legacy_Runs_Noise/Training_Policy_0.75_EKF_BC_GT/compare__R_mean__def0
_vs_att1_vs_def1_vs_att2_vs_def2.png, id=1722, 510.9489pt x 339.30765pt>
File: Figures/Legacy_Runs_Noise/Training_Policy_0.75_EKF_BC_GT/compare__R_mean_
_def0_vs_att1_vs_def1_vs_att2_vs_def2.png Graphic file (type png)
<use Figures/Legacy_Runs_Noise/Training_Policy_0.75_EKF_BC_GT/compare__R_mean__
def0_vs_att1_vs_def1_vs_att2_vs_def2.png>
Package pdftex.def Info: Figures/Legacy_Runs_Noise/Training_Policy_0.75_EKF_BC_
GT/compare__R_mean__def0_vs_att1_vs_def1_vs_att2_vs_def2.png  used on input lin
e 12.
(pdftex.def)             Requested size: 216.81pt x 143.97862pt.

Package hyperref Warning: Token not allowed in a PDF string (Unicode):
(hyperref)                removing `math shift' on input line 17.


Package hyperref Warning: Token not allowed in a PDF string (Unicode):
(hyperref)                removing `subscript' on input line 17.


Package hyperref Warning: Token not allowed in a PDF string (Unicode):
(hyperref)                removing `\mathop' on input line 17.


Package hyperref Warning: Token not allowed in a PDF string (Unicode):
(hyperref)                removing `\mathgroup' on input line 17.


Package hyperref Warning: Token not allowed in a PDF string (Unicode):
(hyperref)                removing `\symoperators' on input line 17.


Package hyperref Warning: Token not allowed in a PDF string (Unicode):
(hyperref)                removing `\nmlimits@' on input line 17.


Package hyperref Warning: Token not allowed in a PDF string (Unicode):
(hyperref)                removing `superscript' on input line 17.


Package hyperref Warning: Token not allowed in a PDF string (Unicode):
(hyperref)                removing `math shift' on input line 17.


Package hyperref Warning: Token not allowed in a PDF string (Unicode):
(hyperref)                removing `math shift' on input line 17.


Package hyperref Warning: Token not allowed in a PDF string (Unicode):
(hyperref)                removing `subscript' on input line 17.


Package hyperref Warning: Token not allowed in a PDF string (Unicode):
(hyperref)                removing `\mathop' on input line 17.


Package hyperref Warning: Token not allowed in a PDF string (Unicode):
(hyperref)                removing `\mathgroup' on input line 17.


Package hyperref Warning: Token not allowed in a PDF string (Unicode):
(hyperref)                removing `\symoperators' on input line 17.


Package hyperref Warning: Token not allowed in a PDF string (Unicode):
(hyperref)                removing `\nmlimits@' on input line 17.


Package hyperref Warning: Token not allowed in a PDF string (Unicode):
(hyperref)                removing `math shift' on input line 17.


Package hyperref Warning: Token not allowed in a PDF string (Unicode):
(hyperref)                removing `math shift' on input line 17.


Package hyperref Warning: Token not allowed in a PDF string (Unicode):
(hyperref)                removing `subscript' on input line 17.


Package hyperref Warning: Token not allowed in a PDF string (Unicode):
(hyperref)                removing `\mathop' on input line 17.


Package hyperref Warning: Token not allowed in a PDF string (Unicode):
(hyperref)                removing `\mathgroup' on input line 17.


Package hyperref Warning: Token not allowed in a PDF string (Unicode):
(hyperref)                removing `\symoperators' on input line 17.


Package hyperref Warning: Token not allowed in a PDF string (Unicode):
(hyperref)                removing `\nmlimits@' on input line 17.


Package hyperref Warning: Token not allowed in a PDF string (Unicode):
(hyperref)                removing `superscript' on input line 17.


Package hyperref Warning: Token not allowed in a PDF string (Unicode):
(hyperref)                removing `math shift' on input line 17.


Package hyperref Warning: Token not allowed in a PDF string (Unicode):
(hyperref)                removing `math shift' on input line 17.


Package hyperref Warning: Token not allowed in a PDF string (Unicode):
(hyperref)                removing `superscript' on input line 17.


Package hyperref Warning: Token not allowed in a PDF string (Unicode):
(hyperref)                removing `math shift' on input line 17.

[124

 <./Figures/Legacy_Runs_Noise/Training_Policy_0.75_EKF_BC_GT/compare__R_mean__d
ef0_vs_att1_vs_def1_vs_att2_vs_def2.png>]
<Figures/Legacy_Runs_Noise/Training_Policy_0.75_EKF_BC_Meas_0.5m/compare__R_mea
n__def0_vs_att1_vs_def1_vs_att2_vs_def2.png, id=1728, 510.9489pt x 339.30765pt>

File: Figures/Legacy_Runs_Noise/Training_Policy_0.75_EKF_BC_Meas_0.5m/compare__
R_mean__def0_vs_att1_vs_def1_vs_att2_vs_def2.png Graphic file (type png)
<use Figures/Legacy_Runs_Noise/Training_Policy_0.75_EKF_BC_Meas_0.5m/compare__R
_mean__def0_vs_att1_vs_def1_vs_att2_vs_def2.png>
Package pdftex.def Info: Figures/Legacy_Runs_Noise/Training_Policy_0.75_EKF_BC_
Meas_0.5m/compare__R_mean__def0_vs_att1_vs_def1_vs_att2_vs_def2.png  used on in
put line 23.
(pdftex.def)             Requested size: 216.81pt x 143.97862pt.


Package hyperref Warning: Token not allowed in a PDF string (Unicode):
(hyperref)                removing `math shift' on input line 28.


Package hyperref Warning: Token not allowed in a PDF string (Unicode):
(hyperref)                removing `subscript' on input line 28.


Package hyperref Warning: Token not allowed in a PDF string (Unicode):
(hyperref)                removing `\mathop' on input line 28.


Package hyperref Warning: Token not allowed in a PDF string (Unicode):
(hyperref)                removing `\mathgroup' on input line 28.


Package hyperref Warning: Token not allowed in a PDF string (Unicode):
(hyperref)                removing `\symoperators' on input line 28.


Package hyperref Warning: Token not allowed in a PDF string (Unicode):
(hyperref)                removing `\nmlimits@' on input line 28.


Package hyperref Warning: Token not allowed in a PDF string (Unicode):
(hyperref)                removing `superscript' on input line 28.


Package hyperref Warning: Token not allowed in a PDF string (Unicode):
(hyperref)                removing `math shift' on input line 28.


Package hyperref Warning: Token not allowed in a PDF string (Unicode):
(hyperref)                removing `math shift' on input line 28.


Package hyperref Warning: Token not allowed in a PDF string (Unicode):
(hyperref)                removing `subscript' on input line 28.


Package hyperref Warning: Token not allowed in a PDF string (Unicode):
(hyperref)                removing `\mathop' on input line 28.


Package hyperref Warning: Token not allowed in a PDF string (Unicode):
(hyperref)                removing `\mathgroup' on input line 28.


Package hyperref Warning: Token not allowed in a PDF string (Unicode):
(hyperref)                removing `\symoperators' on input line 28.


Package hyperref Warning: Token not allowed in a PDF string (Unicode):
(hyperref)                removing `\nmlimits@' on input line 28.


Package hyperref Warning: Token not allowed in a PDF string (Unicode):
(hyperref)                removing `math shift' on input line 28.


Package hyperref Warning: Token not allowed in a PDF string (Unicode):
(hyperref)                removing `math shift' on input line 28.


Package hyperref Warning: Token not allowed in a PDF string (Unicode):
(hyperref)                removing `subscript' on input line 28.


Package hyperref Warning: Token not allowed in a PDF string (Unicode):
(hyperref)                removing `\mathop' on input line 28.


Package hyperref Warning: Token not allowed in a PDF string (Unicode):
(hyperref)                removing `\mathgroup' on input line 28.


Package hyperref Warning: Token not allowed in a PDF string (Unicode):
(hyperref)                removing `\symoperators' on input line 28.


Package hyperref Warning: Token not allowed in a PDF string (Unicode):
(hyperref)                removing `\nmlimits@' on input line 28.


Package hyperref Warning: Token not allowed in a PDF string (Unicode):
(hyperref)                removing `superscript' on input line 28.


Package hyperref Warning: Token not allowed in a PDF string (Unicode):
(hyperref)                removing `math shift' on input line 28.


Package hyperref Warning: Token not allowed in a PDF string (Unicode):
(hyperref)                removing `math shift' on input line 28.


Package hyperref Warning: Token not allowed in a PDF string (Unicode):
(hyperref)                removing `superscript' on input line 28.


Package hyperref Warning: Token not allowed in a PDF string (Unicode):
(hyperref)                removing `math shift' on input line 28.

<Figures/Legacy_Runs_Noise/Training_Policy_0.75_EKF_BC_Meas_1m/compare__R_mean_
_def0_vs_att1_vs_def1_vs_att2_vs_def2.png, id=1729, 510.9489pt x 339.30765pt>
File: Figures/Legacy_Runs_Noise/Training_Policy_0.75_EKF_BC_Meas_1m/compare__R_
mean__def0_vs_att1_vs_def1_vs_att2_vs_def2.png Graphic file (type png)
<use Figures/Legacy_Runs_Noise/Training_Policy_0.75_EKF_BC_Meas_1m/compare__R_m
ean__def0_vs_att1_vs_def1_vs_att2_vs_def2.png>
Package pdftex.def Info: Figures/Legacy_Runs_Noise/Training_Policy_0.75_EKF_BC_
Meas_1m/compare__R_mean__def0_vs_att1_vs_def1_vs_att2_vs_def2.png  used on inpu
t line 34.
(pdftex.def)             Requested size: 216.81pt x 143.97862pt.
)) [125 <./Figures/Legacy_Runs_Noise/Training_Policy_0.75_EKF_BC_Meas_0.5m/comp
are__R_mean__def0_vs_att1_vs_def1_vs_att2_vs_def2.png> <./Figures/Legacy_Runs_N
oise/Training_Policy_0.75_EKF_BC_Meas_1m/compare__R_mean__def0_vs_att1_vs_def1_
vs_att2_vs_def2.png>] (./thesis.bbl [126



] [127] [128]) [129]) [130

]
(./thesis.aux (./chapters/introduction.aux) (./chapters/environment.aux)
(./chapters/literature_review.aux) (./chapters/methods.aux)
(./chapters/experiments.aux) (./chapters/testing.aux)
(./chapters/conclusion.aux) (./chapters/appendix.aux))

LaTeX Warning: There were undefined references.

Package rerunfilecheck Info: File `thesis.out' has not changed.
(rerunfilecheck)             Checksum: F34D8AA25086D09D9FBB36D65869DB7B;20601.
 ) 
Here is how much of TeX's memory you used:
 22101 strings out of 478287
 405302 string characters out of 5849290
 727846 words of memory out of 5000000
 38952 multiletter control sequences out of 15000+600000
 513785 words of font info for 307 fonts, out of 8000000 for 9000
 1141 hyphenation exceptions out of 8191
 88i,19n,94p,1254b,572s stack positions out of 5000i,500n,10000p,200000b,80000s
{/usr/share/texmf/fonts/enc/dvips/cm-super/cm-super-ts1.enc}{/usr/share/texmf
/fonts/enc/dvips/cm-super/cm-super-t1.enc}</usr/share/texlive/texmf-dist/fonts/
type1/public/amsfonts/cmextra/cmbsy8.pfb></usr/share/texlive/texmf-dist/fonts/t
ype1/public/amsfonts/cm/cmbx10.pfb></usr/share/texlive/texmf-dist/fonts/type1/p
ublic/amsfonts/cm/cmbx12.pfb></usr/share/texlive/texmf-dist/fonts/type1/public/
amsfonts/cm/cmbx6.pfb></usr/share/texlive/texmf-dist/fonts/type1/public/amsfont
s/cm/cmbx7.pfb></usr/share/texlive/texmf-dist/fonts/type1/public/amsfonts/cm/cm
bx8.pfb></usr/share/texlive/texmf-dist/fonts/type1/public/amsfonts/cm/cmex10.pf
b></usr/share/texlive/texmf-dist/fonts/type1/public/amsfonts/cm/cmmi10.pfb></us
r/share/texlive/texmf-dist/fonts/type1/public/amsfonts/cm/cmmi12.pfb></usr/shar
e/texlive/texmf-dist/fonts/type1/public/amsfonts/cm/cmmi6.pfb></usr/share/texli
ve/texmf-dist/fonts/type1/public/amsfonts/cm/cmmi7.pfb></usr/share/texlive/texm
f-dist/fonts/type1/public/amsfonts/cm/cmmi8.pfb></usr/share/texlive/texmf-dist/
fonts/type1/public/amsfonts/cm/cmmib10.pfb></usr/share/texlive/texmf-dist/fonts
/type1/public/amsfonts/cmextra/cmmib6.pfb></usr/share/texlive/texmf-dist/fonts/
type1/public/amsfonts/cmextra/cmmib8.pfb></usr/share/texlive/texmf-dist/fonts/t
ype1/public/amsfonts/cm/cmr10.pfb></usr/share/texlive/texmf-dist/fonts/type1/pu
blic/amsfonts/cm/cmr12.pfb></usr/share/texlive/texmf-dist/fonts/type1/public/am
sfonts/cm/cmr6.pfb></usr/share/texlive/texmf-dist/fonts/type1/public/amsfonts/c
m/cmr7.pfb></usr/share/texlive/texmf-dist/fonts/type1/public/amsfonts/cm/cmr8.p
fb></usr/share/texlive/texmf-dist/fonts/type1/public/amsfonts/cm/cmsy10.pfb></u
sr/share/texlive/texmf-dist/fonts/type1/public/amsfonts/cm/cmsy6.pfb></usr/shar
e/texlive/texmf-dist/fonts/type1/public/amsfonts/cm/cmsy7.pfb></usr/share/texli
ve/texmf-dist/fonts/type1/public/amsfonts/cm/cmsy8.pfb></usr/share/texlive/texm
f-dist/fonts/type1/public/amsfonts/euler/eusm10.pfb></usr/share/texlive/texmf-d
ist/fonts/type1/public/amsfonts/symbols/msbm10.pfb></usr/share/texmf/fonts/type
1/public/cm-super/sfbx0800.pfb></usr/share/texmf/fonts/type1/public/cm-super/sf
bx1000.pfb></usr/share/texmf/fonts/type1/public/cm-super/sfbx1200.pfb></usr/sha
re/texmf/fonts/type1/public/cm-super/sfbx1440.pfb></usr/share/texmf/fonts/type1
/public/cm-super/sfbx1728.pfb></usr/share/texmf/fonts/type1/public/cm-super/sfc
c1200.pfb></usr/share/texmf/fonts/type1/public/cm-super/sfrm0700.pfb></usr/shar
e/texmf/fonts/type1/public/cm-super/sfrm0800.pfb></usr/share/texmf/fonts/type1/
public/cm-super/sfrm1000.pfb></usr/share/texmf/fonts/type1/public/cm-super/sfrm
1095.pfb></usr/share/texmf/fonts/type1/public/cm-super/sfrm1200.pfb></usr/share
/texmf/fonts/type1/public/cm-super/sfti0800.pfb></usr/share/texmf/fonts/type1/p
ublic/cm-super/sfti1000.pfb></usr/share/texmf/fonts/type1/public/cm-super/sfti1
200.pfb></usr/share/texmf/fonts/type1/public/cm-super/sftt1000.pfb></usr/share/
texmf/fonts/type1/public/cm-super/sftt1200.pfb>
Output written on thesis.pdf (130 pages, 13789598 bytes).
PDF statistics:
 2023 PDF objects out of 2073 (max. 8388607)
 1653 compressed objects within 17 object streams
 358 named destinations out of 1000 (max. 500000)
 76670 words of extra memory for PDF output out of 89155 (max. 10000000)

